playerId,bot,readyAt,timeoutStartedAt,timeoutWaitCount,exitStepsDone,exitAt,exitStatus,exitReason,retiredAt,retiredReason,createdAt,name,avatar,nameColor,bonus,clicked,timeClick,imageOrder,scoreIncrement,clickLength,rawScore,exitTimeoutId,exited
NuweWtpWaMQZkxLkb,NA,NA,NA,NA,NA,2021-07-20T16:51:33Z,cancelled,adminCancelled,NA,NA,2021-07-20T16:47:26Z,NA,NA,NA,NA,NA,NA,NA,NA,NA,NA,NA,NA
kq9vcpqmQwbkFB4sX,NA,2021-07-20T16:57:59Z,2021-07-20T16:57:59Z,1,ExitSurvey,2021-07-20T17:26:05Z,finished,NA,NA,NA,2021-07-20T16:53:00Z,Repi,/avatars/jdenticon/Samuel,#8138A8,5.973333333333336,red_7,15645,"red_5,red_12,red_2,red_11,red_10,red_7",0.14400000000000002,3,9,NA,NA
XR254nXRjwrveus4M,NA,2021-07-20T17:00:48Z,2021-07-20T17:00:48Z,1,ExitSurvey,2021-07-20T17:39:10Z,finished,NA,NA,NA,2021-07-20T16:53:03Z,Minu,/avatars/jdenticon/Alaina,#7ACC66,6.8320000000000025,white_2,37179,"white_11,white_12,white_2,white_1,white_7,white_4",0.13333333333333336,3,8.333333333333334,NA,NA
Xzwn3GeDhaYChyk6X,NA,2021-07-20T17:02:41Z,2021-07-20T17:02:41Z,1,ExitSurvey,2021-07-20T17:17:11Z,finished,NA,NA,NA,2021-07-20T16:53:09Z,Minu,/avatars/jdenticon/Alaina,#7ACC66,5.690666666666668,purple_7,7899,"purple_9,purple_1,purple_7,purple_5,purple_4,purple_11",0.08533333333333333,3,5.333333333333333,NA,NA
mQ4j9jv3oBQW9zdxE,NA,2021-07-20T16:58:34Z,2021-07-20T16:58:34Z,1,ExitSurvey,2021-07-20T17:26:05Z,finished,NA,NA,NA,2021-07-20T16:53:09Z,Minu,/avatars/jdenticon/Alaina,#7ACC66,5.973333333333336,red_2,6199,"red_12,red_2,red_11,red_7,red_10,red_5",0.14400000000000002,3,9,NA,NA
do6cSnx2h7oyYTyqw,NA,NA,NA,NA,NA,2021-07-20T17:55:42Z,cancelled,adminCancelled,NA,NA,2021-07-20T16:53:16Z,NA,NA,NA,NA,NA,NA,NA,NA,NA,NA,NA,NA
pgdSEje8fK2EhyEAF,NA,2021-07-20T16:57:35Z,2021-07-20T16:57:35Z,1,ExitSurvey,2021-07-20T17:26:05Z,finished,NA,NA,NA,2021-07-20T16:53:18Z,Laju,/avatars/jdenticon/Katherine,#3D45B7,5.973333333333336,red_12,14919,"red_12,red_2,red_10,red_11,red_7,red_5",0.14400000000000002,3,9,NA,NA
DhC6RscrdSqABgf5k,NA,2021-07-20T17:21:31Z,2021-07-20T17:21:31Z,1,NA,2021-07-20T17:31:31Z,playerLobbyTimedOut,NA,2021-07-20T17:44:07Z,custom,2021-07-20T16:53:21Z,NA,NA,NA,NA,NA,NA,NA,NA,NA,NA,NA,NA
nzCnCnx4W9EDKLyEy,NA,2021-07-20T16:58:50Z,2021-07-20T16:58:50Z,1,ExitSurvey,2021-07-20T17:39:10Z,finished,NA,NA,NA,2021-07-20T16:53:26Z,Laju,/avatars/jdenticon/Katherine,#3D45B7,6.8320000000000025,white_11,53163,"white_11,white_12,white_7,white_2,white_4,white_1",0.13333333333333336,3,8.333333333333334,NA,NA
HatzPcAxQZHJgfvTp,NA,2021-07-20T17:06:15Z,2021-07-20T17:06:15Z,1,ExitSurvey,2021-07-20T18:21:48Z,finished,NA,NA,NA,2021-07-20T16:53:45Z,Minu,/avatars/jdenticon/Alaina,#7ACC66,6.773333333333335,purple_5,73077,"purple_4,purple_6,purple_5,purple_7,purple_11,purple_8",0.13333333333333336,3,8.333333333333334,NA,NA
KqEvn4gzXocmfiiFY,NA,2021-07-20T17:06:49Z,2021-07-20T17:06:49Z,1,NA,2021-07-20T17:16:50Z,playerLobbyTimedOut,NA,2021-07-20T17:44:06Z,custom,2021-07-20T16:53:48Z,NA,NA,NA,NA,NA,NA,NA,NA,NA,NA,NA,NA
HattoicCD8RpvNp3x,NA,2021-07-20T17:02:11Z,2021-07-20T17:02:11Z,1,ExitSurvey,2021-07-20T17:17:11Z,finished,NA,NA,NA,2021-07-20T16:53:54Z,Repi,/avatars/jdenticon/Samuel,#8138A8,5.690666666666668,purple_4,1656,"purple_1,purple_11,purple_5,purple_4,purple_9,purple_7",0.08533333333333333,3,5.333333333333333,NA,NA
5tF4pbeZsgwoLyBXN,NA,2021-07-20T17:05:32Z,2021-07-20T17:05:32Z,1,ExitSurvey,2021-07-20T18:21:48Z,finished,NA,NA,NA,2021-07-20T16:54:28Z,Repi,/avatars/jdenticon/Samuel,#8138A8,6.773333333333335,purple_7,83664,"purple_5,purple_4,purple_11,purple_8,purple_6,purple_7",0.13333333333333336,3,8.333333333333334,NA,NA
WpuqGRTsiQfcFJHK9,NA,2021-07-20T16:58:49Z,2021-07-20T16:58:49Z,1,ExitSurvey,2021-07-20T17:39:10Z,finished,NA,NA,NA,2021-07-20T16:54:34Z,Repi,/avatars/jdenticon/Samuel,#8138A8,6.8320000000000025,white_7,40287,"white_4,white_11,white_7,white_12,white_1,white_2",0.13333333333333336,3,8.333333333333334,NA,NA
Z4uGdog32wDhkwPjw,NA,2021-07-20T17:01:38Z,2021-07-20T17:01:38Z,1,ExitSurvey,2021-07-20T17:17:11Z,finished,NA,NA,NA,2021-07-20T16:54:43Z,Laju,/avatars/jdenticon/Katherine,#3D45B7,5.690666666666668,purple_5,5886,"purple_9,purple_7,purple_1,purple_11,purple_4,purple_5",0.08533333333333333,3,5.333333333333333,NA,NA
ZxbL2ksdEpEH3Rh8J,NA,2021-07-20T17:03:34Z,2021-07-20T17:03:34Z,1,ExitSurvey,2021-07-20T18:21:48Z,finished,NA,NA,NA,2021-07-20T16:58:00Z,Laju,/avatars/jdenticon/Katherine,#3D45B7,6.773333333333335,purple_4,69411,"purple_8,purple_6,purple_5,purple_11,purple_7,purple_4",0.13333333333333336,3,8.333333333333334,NA,NA
8mmT8uxngnsEtBwLW,NA,2021-07-20T17:29:12Z,2021-07-20T17:29:12Z,1,NA,2021-07-20T17:39:13Z,playerLobbyTimedOut,NA,2021-07-20T17:44:00Z,custom,2021-07-20T17:16:32Z,NA,NA,NA,NA,NA,NA,NA,NA,NA,NA,NA,NA
LJFr2DF8KghNenpQS,NA,NA,NA,NA,NA,2021-07-20T17:55:42Z,gameFull,NA,NA,NA,2021-07-20T17:23:26Z,NA,NA,NA,NA,NA,NA,NA,NA,NA,NA,NA,NA
6LmyLDPtYLvfHqyKW,NA,2021-07-20T17:36:04Z,2021-07-20T17:36:04Z,1,NA,2021-07-20T17:46:05Z,playerLobbyTimedOut,NA,2021-07-20T17:46:33Z,custom,2021-07-20T17:26:29Z,NA,NA,NA,NA,NA,NA,NA,NA,NA,NA,NA,NA
CqGNYgwtJZcCtsyvF,NA,2021-07-20T17:54:14Z,2021-07-20T17:54:14Z,1,ExitSurvey,2021-07-20T18:25:58Z,finished,NA,NA,NA,2021-07-20T17:44:20Z,Repi,/avatars/jdenticon/Samuel,#8138A8,6.533333333333336,yellow_8,10152,"yellow_9,yellow_4,yellow_7,yellow_8,yellow_10,yellow_3",0.16,3,10,NA,NA
PbkFBSjSacP6FbmxN,NA,2021-07-20T17:50:20Z,2021-07-20T17:50:20Z,1,ExitSurvey,2021-07-20T18:25:58Z,finished,NA,NA,NA,2021-07-20T17:44:43Z,Laju,/avatars/jdenticon/Katherine,#3D45B7,6.533333333333336,yellow_7,149341,"yellow_10,yellow_3,yellow_7,yellow_4,yellow_9,yellow_8",0.16,3,10,NA,NA
bepzbWYXsiZpMapq8,NA,NA,NA,NA,NA,2021-07-20T17:55:42Z,gameFull,NA,NA,NA,2021-07-20T17:44:54Z,NA,NA,NA,NA,NA,NA,NA,NA,NA,NA,NA,NA
Dj6hRMp5EBbw6J3hS,NA,2021-07-20T17:51:16Z,2021-07-20T17:51:16Z,1,ExitSurvey,2021-07-20T18:25:58Z,finished,NA,NA,NA,2021-07-20T17:49:25Z,Minu,/avatars/jdenticon/Alaina,#7ACC66,6.533333333333336,yellow_3,185796,"yellow_7,yellow_8,yellow_10,yellow_3,yellow_9,yellow_4",0.16,3,10,NA,NA
PKJyLYkaSMK3PpSwF,NA,2021-07-22T04:07:16Z,2021-07-22T04:07:16Z,1,NA,2021-07-22T04:11:46Z,gameFull,NA,NA,NA,2021-07-22T04:06:43Z,NA,NA,NA,NA,NA,NA,NA,NA,NA,NA,NA,NA
ag35YjbFLzjjeMaDC,NA,2021-07-22T15:21:41Z,2021-07-22T15:21:41Z,1,ExitSurvey,2021-07-22T15:47:10Z,finished,NA,NA,NA,2021-07-22T15:16:49Z,Minu,/avatars/jdenticon/Alaina,#7ACC66,6.288000000000001,yellow_11,1150,"yellow_11,yellow_6,yellow_5,yellow_1,yellow_8,yellow_2",0.11733333333333335,3,7.333333333333333,NA,NA
GzEbt9NLtAL4BCgCb,NA,2021-07-22T15:23:15Z,2021-07-22T15:23:15Z,1,ExitSurvey,2021-07-22T15:44:17Z,finished,NA,NA,NA,2021-07-22T15:16:56Z,Laju,/avatars/jdenticon/Katherine,#3D45B7,5.306666666666668,white_6,3045,"white_4,white_8,white_6,white_12,white_2,white_7",0.10133333333333333,3,6.333333333333333,NA,NA
L4HnBuSDtPL7T2YvM,NA,2021-07-22T15:26:37Z,2021-07-22T15:26:37Z,1,"Sorry,ExitSurvey",2021-07-22T16:05:49Z,custom,It looks like one of your partners disconnected before you could finish the experiment!,NA,NA,2021-07-22T15:16:59Z,Minu,/avatars/jdenticon/Alaina,#7ACC66,5.1093333333333355,false,NA,"yellow_4,yellow_2,yellow_10,yellow_8,yellow_3,yellow_6",0.14400000000000002,3,9,22293,TRUE
updnHGdXfBnCtjukm,NA,2021-07-22T15:25:05Z,2021-07-22T15:25:05Z,1,ExitSurvey,2021-07-22T15:52:55Z,finished,NA,NA,NA,2021-07-22T15:17:03Z,Laju,/avatars/jdenticon/Katherine,#3D45B7,5.941333333333335,red_9,8066,"red_10,red_1,red_9,red_5,red_12,red_11",0.08533333333333333,2,5.333333333333333,NA,NA
Mpsnxq4kf74TRd9my,NA,2021-07-22T15:32:11Z,2021-07-22T15:32:11Z,1,ExitSurvey,2021-07-22T16:52:37Z,finished,NA,NA,NA,2021-07-22T15:17:05Z,Laju,/avatars/jdenticon/Katherine,#3D45B7,7.333333333333337,yellow_4,74361,"yellow_7,yellow_10,yellow_12,yellow_4,yellow_6,yellow_9",0.17600000000000002,3,11,NA,NA
CxfuY7FDfH2KAxosf,NA,2021-07-22T15:21:15Z,2021-07-22T15:21:15Z,1,ExitSurvey,2021-07-22T16:18:41Z,finished,NA,NA,NA,2021-07-22T15:17:17Z,Repi,/avatars/jdenticon/Samuel,#8138A8,6.981333333333335,white_9,15634,"white_9,white_2,white_4,white_10,white_7,white_11",0.14400000000000002,3,9,NA,NA
pMqfDBZrz667nSgEb,NA,2021-07-22T15:20:55Z,2021-07-22T15:20:55Z,1,ExitSurvey,2021-07-22T16:18:41Z,finished,NA,NA,NA,2021-07-22T15:17:18Z,Minu,/avatars/jdenticon/Alaina,#7ACC66,6.981333333333335,white_7,28048,"white_9,white_11,white_4,white_7,white_10,white_2",0.14400000000000002,3,9,NA,NA
BFyArttr4GJKvgh3o,NA,2021-07-22T15:24:23Z,2021-07-22T15:24:23Z,1,ExitSurvey,2021-07-22T15:44:17Z,finished,NA,NA,NA,2021-07-22T15:17:18Z,Minu,/avatars/jdenticon/Alaina,#7ACC66,5.306666666666668,white_12,3470,"white_6,white_8,white_4,white_7,white_2,white_12",0.10133333333333333,3,6.333333333333333,NA,NA
6QtEPWxTAWAefyGPr,NA,2021-07-22T15:23:03Z,2021-07-22T15:23:03Z,1,ExitSurvey,2021-07-22T15:44:17Z,finished,NA,NA,NA,2021-07-22T15:17:30Z,Repi,/avatars/jdenticon/Samuel,#8138A8,5.306666666666668,white_7,3690,"white_6,white_7,white_2,white_4,white_12,white_8",0.10133333333333333,3,6.333333333333333,NA,NA
v7Xv8C5mTXgfX3cff,NA,2021-07-22T15:21:37Z,2021-07-22T15:21:37Z,1,ExitSurvey,2021-07-22T16:18:41Z,finished,NA,NA,NA,2021-07-22T15:17:48Z,Laju,/avatars/jdenticon/Katherine,#3D45B7,6.981333333333335,white_10,54806,"white_9,white_10,white_2,white_4,white_11,white_7",0.14400000000000002,3,9,NA,NA
ZpkXJ5xZrx3MnJgaT,NA,2021-07-22T15:25:29Z,2021-07-22T15:25:29Z,1,ExitSurvey,2021-07-22T15:52:55Z,finished,NA,NA,NA,2021-07-22T15:17:54Z,Repi,/avatars/jdenticon/Samuel,#8138A8,5.941333333333335,red_12,17553,"red_5,red_9,red_11,red_10,red_12,red_1",0.08533333333333333,2,5.333333333333333,NA,NA
2M3RkHGLhzqYCwzcx,NA,2021-07-22T15:22:47Z,2021-07-22T15:22:47Z,1,ExitSurvey,2021-07-22T15:47:10Z,finished,NA,NA,NA,2021-07-22T15:18:06Z,Repi,/avatars/jdenticon/Samuel,#8138A8,6.288000000000001,yellow_1,10479,"yellow_2,yellow_8,yellow_1,yellow_5,yellow_6,yellow_11",0.11733333333333335,3,7.333333333333333,NA,NA
ruzsZu2ZMpSN7o2Gr,NA,2021-07-22T15:22:33Z,2021-07-22T15:22:33Z,1,ExitSurvey,2021-07-22T15:47:10Z,finished,NA,NA,NA,2021-07-22T15:18:11Z,Laju,/avatars/jdenticon/Katherine,#3D45B7,6.288000000000001,yellow_5,5333,"yellow_6,yellow_2,yellow_11,yellow_8,yellow_1,yellow_5",0.11733333333333335,3,7.333333333333333,NA,NA
sLMT6CD6TuLpKJDnN,NA,2021-07-22T15:26:04Z,2021-07-22T15:26:04Z,1,ExitSurvey,2021-07-22T15:52:55Z,finished,NA,NA,NA,2021-07-22T15:18:37Z,Minu,/avatars/jdenticon/Alaina,#7ACC66,5.941333333333335,red_9,14458,"red_12,red_11,red_5,red_1,red_10,red_9",0.08533333333333333,2,5.333333333333333,NA,NA
TRs7RFkh8D4Rya7jq,NA,2021-07-22T15:29:25Z,2021-07-22T15:29:25Z,1,"Sorry,ExitSurvey",2021-07-22T16:05:49Z,custom,It looks like one of your partners disconnected before you could finish the experiment!,NA,NA,2021-07-22T15:19:44Z,Laju,/avatars/jdenticon/Katherine,#3D45B7,5.1093333333333355,yellow_3,15218,"yellow_2,yellow_10,yellow_8,yellow_4,yellow_3,yellow_6",0.14400000000000002,3,9,32211,TRUE
khMNv3Twj5vCq5jRv,NA,2021-07-22T15:39:12Z,2021-07-22T15:39:12Z,1,ExitSurvey,2021-07-22T16:22:51Z,finished,NA,NA,NA,2021-07-22T15:27:39Z,Laju,/avatars/jdenticon/Katherine,#3D45B7,6.640000000000003,yellow_7,42728,"yellow_1,yellow_2,yellow_6,yellow_11,yellow_12,yellow_7",0.11733333333333335,3,7.333333333333333,NA,NA
FchaChiJygjyt5ZWS,NA,2021-07-22T15:30:57Z,2021-07-22T15:30:57Z,1,"Sorry,ExitSurvey",2021-07-22T16:05:49Z,custom,It looks like one of your partners disconnected before you could finish the experiment!,NA,NA,2021-07-22T15:27:39Z,Repi,/avatars/jdenticon/Samuel,#8138A8,5.1093333333333355,yellow_6,12275,"yellow_4,yellow_6,yellow_10,yellow_3,yellow_8,yellow_2",0.14400000000000002,3,9,28943,TRUE
3rfqKE6gjyF6MzZ83,NA,2021-07-22T15:31:03Z,2021-07-22T15:31:03Z,1,ExitSurvey,2021-07-22T16:52:37Z,finished,NA,NA,NA,2021-07-22T15:27:39Z,Repi,/avatars/jdenticon/Samuel,#8138A8,7.333333333333337,yellow_10,304133,"yellow_4,yellow_6,yellow_10,yellow_7,yellow_12,yellow_9",0.17600000000000002,3,11,NA,NA
hHLJCRhzLCPM38p8b,NA,2021-07-22T15:36:17Z,2021-07-22T15:36:17Z,1,ExitSurvey,2021-07-22T16:22:51Z,finished,NA,NA,NA,2021-07-22T15:27:49Z,Minu,/avatars/jdenticon/Alaina,#7ACC66,6.640000000000003,yellow_2,3711,"yellow_7,yellow_1,yellow_11,yellow_2,yellow_12,yellow_6",0.11733333333333335,3,7.333333333333333,NA,NA
BKxsQYgSq3uLfavN9,NA,2021-07-22T15:33:46Z,2021-07-22T15:33:46Z,1,ExitSurvey,2021-07-22T16:52:37Z,finished,NA,NA,NA,2021-07-22T15:28:04Z,Minu,/avatars/jdenticon/Alaina,#7ACC66,7.333333333333337,yellow_7,58405,"yellow_6,yellow_9,yellow_12,yellow_7,yellow_4,yellow_10",0.17600000000000002,3,11,NA,NA
MYxmzahWm3ZnfCohg,NA,2021-07-22T15:34:31Z,2021-07-22T15:34:31Z,1,ExitSurvey,2021-07-22T16:02:20Z,finished,NA,NA,NA,2021-07-22T15:28:13Z,Repi,/avatars/jdenticon/Samuel,#8138A8,6.064000000000003,white_6,16617,"white_1,white_11,white_8,white_10,white_7,white_6",0.128,3,8,NA,NA
bxmN263SdE2fxjd9k,NA,2021-07-22T15:35:49Z,2021-07-22T15:35:49Z,1,ExitSurvey,2021-07-22T16:22:51Z,finished,NA,NA,NA,2021-07-22T15:28:27Z,Repi,/avatars/jdenticon/Samuel,#8138A8,6.640000000000003,yellow_12,25202,"yellow_6,yellow_1,yellow_12,yellow_2,yellow_11,yellow_7",0.11733333333333335,3,7.333333333333333,NA,NA
ySbhtawG8GTDfP3mC,NA,2021-07-22T15:41:36Z,2021-07-22T15:41:36Z,1,ExitSurvey,2021-07-22T15:58:00Z,finished,NA,NA,NA,2021-07-22T15:28:47Z,Minu,/avatars/jdenticon/Alaina,#7ACC66,5.8720000000000026,white_4,1285,"white_4,white_1,white_7,white_8,white_3,white_11",0.1386666666666667,3,8.666666666666666,NA,NA
hFge42phhP82shho6,NA,2021-07-22T15:34:50Z,2021-07-22T15:34:50Z,1,ExitSurvey,2021-07-22T16:02:20Z,finished,NA,NA,NA,2021-07-22T15:29:17Z,Minu,/avatars/jdenticon/Alaina,#7ACC66,6.064000000000003,white_1,6159,"white_8,white_10,white_7,white_6,white_11,white_1",0.128,3,8,NA,NA
yzohYrPBuHByxFd85,NA,2021-07-22T15:34:26Z,2021-07-22T15:34:26Z,1,ExitSurvey,2021-07-22T16:02:20Z,finished,NA,NA,NA,2021-07-22T15:29:18Z,Laju,/avatars/jdenticon/Katherine,#3D45B7,6.064000000000003,white_7,14820,"white_11,white_7,white_6,white_10,white_8,white_1",0.128,3,8,NA,NA
Bg5ufF3tt4wjTP5kp,NA,2021-07-22T15:40:20Z,2021-07-22T15:40:20Z,1,ExitSurvey,2021-07-22T16:04:22Z,finished,NA,NA,NA,2021-07-22T15:29:45Z,Minu,/avatars/jdenticon/Alaina,#7ACC66,5.194666666666668,purple_10,2781,"purple_2,purple_10,purple_3,purple_6,purple_4,purple_1",0.10666666666666669,2,6.666666666666667,NA,NA
zy3Ff7JGAMYF9Xuir,NA,2021-07-22T15:43:00Z,2021-07-22T15:43:00Z,1,ExitSurvey,2021-07-22T15:58:00Z,finished,NA,NA,NA,2021-07-22T15:30:06Z,Laju,/avatars/jdenticon/Katherine,#3D45B7,5.8720000000000026,white_11,1309,"white_1,white_7,white_11,white_8,white_4,white_3",0.1386666666666667,3,8.666666666666666,NA,NA
BJ4vFH9HnQMDT9X56,NA,2021-07-22T15:40:23Z,2021-07-22T15:40:23Z,1,ExitSurvey,2021-07-22T16:04:22Z,finished,NA,NA,NA,2021-07-22T15:30:40Z,Repi,/avatars/jdenticon/Samuel,#8138A8,5.194666666666668,purple_6,2438,"purple_10,purple_1,purple_2,purple_6,purple_4,purple_3",0.10666666666666669,2,6.666666666666667,NA,NA
DuEsLmAAxjMzbFab3,NA,2021-07-22T15:40:46Z,2021-07-22T15:40:46Z,1,ExitSurvey,2021-07-22T16:04:22Z,finished,NA,NA,NA,2021-07-22T15:32:04Z,Laju,/avatars/jdenticon/Katherine,#3D45B7,5.194666666666668,purple_6,462,"purple_10,purple_1,purple_2,purple_6,purple_4,purple_3",0.10666666666666669,2,6.666666666666667,NA,NA
498JrAC3EwBN3xyRt,NA,2021-07-22T15:50:26Z,2021-07-22T15:50:26Z,1,ExitSurvey,2021-07-22T15:58:00Z,finished,NA,NA,NA,2021-07-22T15:41:14Z,Repi,/avatars/jdenticon/Samuel,#8138A8,5.8720000000000026,white_7,39773,"white_4,white_3,white_11,white_7,white_8,white_1",0.1386666666666667,3,8.666666666666666,NA,NA
r948jbBrqE2JzHjrY,NA,2021-07-22T16:03:11Z,2021-07-22T16:03:11Z,1,ExitSurvey,2021-07-22T16:55:28Z,finished,NA,NA,NA,2021-07-22T15:46:57Z,Minu,/avatars/jdenticon/Alaina,#7ACC66,6.2133333333333365,purple_5,4820,"purple_3,purple_4,purple_6,purple_5,purple_2,purple_7",0.10133333333333333,2,6.333333333333333,NA,NA
HPa6o9xFQYsuJD8dd,NA,2021-07-22T15:54:56Z,2021-07-22T15:54:56Z,1,ExitSurvey,2021-07-22T16:20:55Z,finished,NA,NA,NA,2021-07-22T15:47:09Z,Repi,/avatars/jdenticon/Samuel,#8138A8,5.882666666666669,white_5,7709,"white_6,white_1,white_9,white_5,white_4,white_8",0.10666666666666669,2,6.666666666666667,NA,NA
FKgu79GBX6nemkaR3,NA,2021-07-22T16:01:14Z,2021-07-22T16:01:14Z,1,ExitSurvey,2021-07-22T16:37:57Z,finished,NA,NA,NA,2021-07-22T15:47:11Z,Minu,/avatars/jdenticon/Alaina,#7ACC66,6.314666666666668,purple_10,2355,"purple_7,purple_12,purple_6,purple_9,purple_10,purple_2",0.16,3,10,NA,NA
ggNA3Apm6WZFXjjk8,NA,2021-07-22T15:53:36Z,2021-07-22T15:53:36Z,1,ExitSurvey,2021-07-22T16:20:55Z,finished,NA,NA,NA,2021-07-22T15:47:16Z,Minu,/avatars/jdenticon/Alaina,#7ACC66,5.882666666666669,white_5,8586,"white_6,white_5,white_1,white_9,white_8,white_4",0.10666666666666669,2,6.666666666666667,NA,NA
GfDsgX6v7N6FBpb8R,NA,2021-07-22T15:55:19Z,2021-07-22T15:55:19Z,1,ExitSurvey,2021-07-22T16:31:19Z,finished,NA,NA,NA,2021-07-22T15:47:17Z,Laju,/avatars/jdenticon/Katherine,#3D45B7,6.144000000000002,purple_10,8598,"purple_12,purple_7,purple_9,purple_10,purple_1,purple_4",0.15466666666666667,3,9.666666666666666,NA,NA
PLpMYKGq68NPw3b2f,NA,2021-07-22T15:51:37Z,2021-07-22T15:51:37Z,1,ExitSurvey,2021-07-22T16:03:05Z,finished,NA,NA,NA,2021-07-22T15:47:24Z,Laju,/avatars/jdenticon/Katherine,#3D45B7,5.568000000000001,yellow_3,3176,"yellow_7,yellow_10,yellow_9,yellow_4,yellow_3,yellow_2",0.10666666666666669,3,6.666666666666667,NA,NA
jHgNdiRppxom3vwqY,NA,2021-07-22T15:54:49Z,2021-07-22T15:54:49Z,1,ExitSurvey,2021-07-22T16:20:55Z,finished,NA,NA,NA,2021-07-22T15:47:30Z,Laju,/avatars/jdenticon/Katherine,#3D45B7,5.882666666666669,white_4,4126,"white_6,white_5,white_4,white_1,white_9,white_8",0.10666666666666669,2,6.666666666666667,NA,NA
FmgzEvyk3MkRnABJ2,NA,2021-07-22T15:52:57Z,2021-07-22T15:52:57Z,1,ExitSurvey,2021-07-22T16:03:05Z,finished,NA,NA,NA,2021-07-22T15:47:31Z,Repi,/avatars/jdenticon/Samuel,#8138A8,5.568000000000001,yellow_10,1329,"yellow_7,yellow_10,yellow_3,yellow_4,yellow_2,yellow_9",0.10666666666666669,3,6.666666666666667,NA,NA
jfB6yCZKgmdNoWj8W,NA,2021-07-22T16:03:31Z,2021-07-22T16:03:31Z,1,ExitSurvey,2021-07-22T16:55:28Z,finished,NA,NA,NA,2021-07-22T15:47:39Z,Repi,/avatars/jdenticon/Samuel,#8138A8,6.2133333333333365,purple_5,2308,"purple_7,purple_6,purple_5,purple_4,purple_3,purple_2",0.10133333333333333,2,6.333333333333333,NA,NA
Nvotfk7XydYZdhDMx,NA,2021-07-22T15:52:56Z,2021-07-22T15:52:56Z,1,ExitSurvey,2021-07-22T16:03:05Z,finished,NA,NA,NA,2021-07-22T15:48:04Z,Minu,/avatars/jdenticon/Alaina,#7ACC66,5.568000000000001,yellow_9,3405,"yellow_3,yellow_2,yellow_10,yellow_9,yellow_7,yellow_4",0.10666666666666669,3,6.666666666666667,NA,NA
BAsws2eJHMwTdexub,NA,2021-07-22T15:58:06Z,2021-07-22T15:58:06Z,1,ExitSurvey,2021-07-22T16:31:19Z,finished,NA,NA,NA,2021-07-22T15:49:01Z,Minu,/avatars/jdenticon/Alaina,#7ACC66,6.144000000000002,purple_7,12583,"purple_9,purple_1,purple_10,purple_7,purple_4,purple_12",0.15466666666666667,3,9.666666666666666,NA,NA
tws2tYJNaPHa9Nv7X,NA,2021-07-22T16:01:41Z,2021-07-22T16:01:41Z,1,ExitSurvey,2021-07-22T16:55:28Z,finished,NA,NA,NA,2021-07-22T15:52:03Z,Laju,/avatars/jdenticon/Katherine,#3D45B7,6.2133333333333365,purple_6,-27138,"purple_4,purple_7,purple_6,purple_2,purple_3,purple_5",0.10133333333333333,2,6.333333333333333,NA,NA
Bm8KHjehmNDZBABTe,NA,2021-07-22T16:03:48Z,2021-07-22T16:03:48Z,1,ExitSurvey,2021-07-22T16:17:52Z,finished,NA,NA,NA,2021-07-22T15:54:12Z,Repi,/avatars/jdenticon/Samuel,#8138A8,5.30666666666667,purple_12,2598,"purple_10,purple_8,purple_6,purple_12,purple_11,purple_9",0.09600000000000002,3,6,NA,NA
mJPJKXds9z5hhoPv4,NA,2021-07-22T16:01:31Z,2021-07-22T16:01:31Z,1,ExitSurvey,2021-07-22T16:37:57Z,finished,NA,NA,NA,2021-07-22T15:56:42Z,Laju,/avatars/jdenticon/Katherine,#3D45B7,6.314666666666668,purple_6,26145,"purple_9,purple_12,purple_7,purple_2,purple_6,purple_10",0.16,3,10,NA,NA
6wz7WJT36n9a9LLyT,NA,2021-07-22T16:00:51Z,2021-07-22T16:00:51Z,1,ExitSurvey,2021-07-22T16:31:19Z,finished,NA,NA,NA,2021-07-22T15:56:51Z,Repi,/avatars/jdenticon/Samuel,#8138A8,6.144000000000002,purple_4,1322,"purple_4,purple_7,purple_9,purple_12,purple_1,purple_10",0.15466666666666667,3,9.666666666666666,NA,NA
E2NxiiQEovbyu6GjY,NA,2021-07-22T16:14:26Z,2021-07-22T16:14:26Z,1,ExitSurvey,2021-07-22T16:57:22Z,finished,NA,NA,NA,2021-07-22T15:56:57Z,Repi,/avatars/jdenticon/Samuel,#8138A8,5.600000000000002,white_8,2750,"white_12,white_11,white_1,white_8,white_10,white_7",0.09600000000000002,2,6,NA,NA
6a7QqeLo4d5qZ6S3k,NA,NA,NA,NA,"Sorry,ExitSurvey",2021-07-22T16:16:33Z,gameFull,NA,NA,NA,2021-07-22T15:56:58Z,NA,NA,NA,NA,NA,NA,NA,NA,NA,NA,NA,NA
GQuhD2x8bMRWSBQGy,NA,2021-07-22T16:06:06Z,2021-07-22T16:06:06Z,1,ExitSurvey,2021-07-22T16:42:26Z,finished,NA,NA,NA,2021-07-22T15:56:58Z,Laju,/avatars/jdenticon/Katherine,#3D45B7,6.282666666666669,purple_6,69264,"purple_6,purple_8,purple_2,purple_12,purple_4,purple_5",0.16533333333333336,3,10.333333333333334,NA,NA
uSPKDrXEHgytxTJyr,NA,2021-07-22T16:03:31Z,2021-07-22T16:03:31Z,1,ExitSurvey,2021-07-22T16:17:52Z,finished,NA,NA,NA,2021-07-22T15:56:59Z,Minu,/avatars/jdenticon/Alaina,#7ACC66,5.30666666666667,purple_6,2772,"purple_8,purple_11,purple_12,purple_9,purple_6,purple_10",0.09600000000000002,3,6,NA,NA
emrz5kJaF4bp9A2kr,NA,2021-07-22T16:12:00Z,2021-07-22T16:12:00Z,1,ExitSurvey,2021-07-22T16:24:05Z,finished,NA,NA,NA,2021-07-22T15:57:03Z,Laju,/avatars/jdenticon/Katherine,#3D45B7,5.344,yellow_11,791,"yellow_11,yellow_12,yellow_10,yellow_2,yellow_8,yellow_7",0.12266666666666667,3,7.666666666666667,NA,NA
YQjDHrqWeDNWFT4sz,NA,2021-07-22T16:07:21Z,2021-07-22T16:07:21Z,1,ExitSurvey,2021-07-22T16:18:11Z,finished,NA,NA,NA,2021-07-22T15:57:07Z,Minu,/avatars/jdenticon/Alaina,#7ACC66,5.056000000000002,white_7,1337,"white_2,white_1,white_10,white_6,white_7,white_12",0.09600000000000002,2,6,NA,NA
9RwFog2fYgA9d4GmW,NA,2021-07-22T16:04:17Z,2021-07-22T16:04:17Z,1,ExitSurvey,2021-07-22T16:42:26Z,finished,NA,NA,NA,2021-07-22T15:57:12Z,Minu,/avatars/jdenticon/Alaina,#7ACC66,6.282666666666669,purple_8,75644,"purple_5,purple_4,purple_2,purple_8,purple_6,purple_12",0.16533333333333336,3,10.333333333333334,NA,NA
CH3TWNgG4nMXE5EiZ,NA,NA,NA,NA,NA,2021-07-22T16:16:33Z,gameFull,NA,NA,NA,2021-07-22T15:57:14Z,NA,NA,NA,NA,NA,NA,NA,NA,NA,NA,NA,NA
T2vfofNpshyQLhmFY,NA,NA,NA,NA,NA,2021-07-22T16:16:33Z,gameFull,NA,NA,NA,2021-07-22T15:57:20Z,NA,NA,NA,NA,NA,NA,NA,NA,NA,NA,NA,NA
7MaJPqHAXtKsFsWEk,NA,2021-07-22T16:05:29Z,2021-07-22T16:05:29Z,1,ExitSurvey,2021-07-22T16:42:26Z,finished,NA,NA,NA,2021-07-22T15:57:20Z,Repi,/avatars/jdenticon/Samuel,#8138A8,6.282666666666669,purple_5,74284,"purple_6,purple_4,purple_12,purple_8,purple_5,purple_2",0.16533333333333336,3,10.333333333333334,NA,NA
vmBBxmxGnFG23hzfq,NA,2021-07-22T16:03:58Z,2021-07-22T16:03:58Z,1,ExitSurvey,2021-07-22T16:17:52Z,finished,NA,NA,NA,2021-07-22T15:57:38Z,Laju,/avatars/jdenticon/Katherine,#3D45B7,5.30666666666667,purple_11,12504,"purple_12,purple_9,purple_10,purple_6,purple_8,purple_11",0.09600000000000002,3,6,NA,NA
6hccXQEeP2yTxwhkq,NA,2021-07-22T16:00:56Z,2021-07-22T16:00:56Z,1,ExitSurvey,2021-07-22T16:37:57Z,finished,NA,NA,NA,2021-07-22T15:57:53Z,Repi,/avatars/jdenticon/Samuel,#8138A8,6.314666666666668,purple_12,23989,"purple_2,purple_10,purple_12,purple_9,purple_7,purple_6",0.16,3,10,NA,NA
82QGt7wBFt3Sj38Td,NA,2021-07-22T16:13:00Z,2021-07-22T16:13:00Z,1,ExitSurvey,2021-07-22T16:24:05Z,finished,NA,NA,NA,2021-07-22T15:58:27Z,Minu,/avatars/jdenticon/Alaina,#7ACC66,5.344,yellow_12,4021,"yellow_10,yellow_12,yellow_11,yellow_7,yellow_8,yellow_2",0.12266666666666667,3,7.666666666666667,NA,NA
dEMMFa9z9twnnqQSW,NA,2021-07-22T16:09:00Z,2021-07-22T16:09:00Z,1,ExitSurvey,2021-07-22T16:18:11Z,finished,NA,NA,NA,2021-07-22T15:58:38Z,Laju,/avatars/jdenticon/Katherine,#3D45B7,5.056000000000002,white_7,2074,"white_2,white_10,white_1,white_6,white_12,white_7",0.09600000000000002,2,6,NA,NA
2kkC4M9Bk2oHnbQMo,NA,2021-07-22T16:07:03Z,2021-07-22T16:07:03Z,1,ExitSurvey,2021-07-22T16:18:11Z,finished,NA,NA,NA,2021-07-22T15:59:26Z,Repi,/avatars/jdenticon/Samuel,#8138A8,5.056000000000002,white_2,1103,"white_10,white_12,white_6,white_1,white_2,white_7",0.09600000000000002,2,6,NA,NA
ckm52p6p6v35L2oKv,NA,2021-07-22T16:13:12Z,2021-07-22T16:13:12Z,1,ExitSurvey,2021-07-22T16:57:22Z,finished,NA,NA,NA,2021-07-22T16:03:39Z,Minu,/avatars/jdenticon/Alaina,#7ACC66,5.600000000000002,white_7,78191,"white_8,white_12,white_7,white_1,white_11,white_10",0.09600000000000002,2,6,NA,NA
2qencJYJnJ2yTaqda,NA,2021-07-22T16:09:15Z,2021-07-22T16:09:15Z,1,ExitSurvey,2021-07-22T16:24:05Z,finished,NA,NA,NA,2021-07-22T16:05:57Z,Repi,/avatars/jdenticon/Samuel,#8138A8,5.344,yellow_7,3619,"yellow_8,yellow_12,yellow_2,yellow_7,yellow_10,yellow_11",0.12266666666666667,3,7.666666666666667,NA,NA
4N4vJ3hcWn69qHhuC,NA,NA,NA,NA,"Sorry,ExitSurvey",2021-07-22T16:16:33Z,gameFull,NA,NA,NA,2021-07-22T16:08:40Z,NA,NA,NA,NA,NA,NA,NA,NA,NA,NA,NA,NA
tzWijeMcT5r6dLLSR,NA,2021-07-22T16:16:33Z,2021-07-22T16:16:33Z,1,ExitSurvey,2021-07-22T16:57:22Z,finished,NA,NA,NA,2021-07-22T16:10:04Z,Laju,/avatars/jdenticon/Katherine,#3D45B7,5.600000000000002,white_7,54806,"white_1,white_8,white_11,white_10,white_12,white_7",0.09600000000000002,2,6,NA,NA
euY53KdPd7LhBXbCm,NA,2021-07-22T17:37:16Z,2021-07-22T17:37:16Z,1,"Sorry,ExitSurvey",2021-07-22T17:47:31Z,custom,It looks like one of your partners disconnected before you could finish the experiment!,NA,NA,2021-07-22T17:33:43Z,Laju,/avatars/jdenticon/Katherine,#3D45B7,0.5450545,false,NA,"purple_6,purple_3,purple_10,purple_5,purple_12,purple_4",0.110011,1,11,6929,TRUE
7itHCEHnoQCfrP7Ex,NA,2021-07-22T17:36:25Z,2021-07-22T17:36:25Z,1,"Sorry,ExitSurvey",2021-07-22T17:47:31Z,custom,It looks like one of your partners disconnected before you could finish the experiment!,NA,NA,2021-07-22T17:33:46Z,Repi,/avatars/jdenticon/Samuel,#8138A8,0.4550455,false,NA,"purple_10,purple_6,purple_12,purple_4,purple_3,purple_5",0.045004499999999996,2,4.5,7767,TRUE
CayF3y7DWrbXTXeJq,NA,2021-07-22T17:39:22Z,2021-07-22T17:39:22Z,1,"Sorry,ExitSurvey",2021-07-22T17:50:36Z,custom,It looks like one of your partners disconnected before you could finish the experiment!,NA,NA,2021-07-22T17:33:56Z,Minu,/avatars/jdenticon/Alaina,#7ACC66,0.40003999999999995,false,NA,"purple_5,purple_10,purple_6,purple_3,purple_4,purple_12",0.010001,1,1,154,TRUE
hoWvGu9jzZWiRN9cr,NA,2021-07-22T17:45:11Z,2021-07-22T17:45:11Z,1,ExitSurvey,2021-07-22T18:28:27Z,finished,NA,NA,NA,2021-07-22T17:33:58Z,Laju,/avatars/jdenticon/Katherine,#3D45B7,4.0154014999999985,white_11,16331,"white_3,white_7,white_11,white_8,white_5,white_12",0.060006000000000004,1,6,NA,NA
DTQuh4dvxw9kGWbgA,NA,2021-07-22T17:40:19Z,2021-07-22T17:40:19Z,1,ExitSurvey,2021-07-22T18:28:27Z,finished,NA,NA,NA,2021-07-22T17:35:20Z,Repi,/avatars/jdenticon/Samuel,#8138A8,3.750375000000001,white_5,11124,"white_8,white_5,white_11,white_7,white_12,white_3",0.12001200000000001,1,12,NA,NA
suv6Nt8eFNZeDsxyp,NA,NA,NA,NA,"Sorry,ExitSurvey",2021-07-22T17:47:31Z,gameFull,NA,NA,NA,2021-07-22T17:35:52Z,NA,NA,NA,NA,NA,NA,NA,NA,NA,NA,NA,NA
R9Mp2DmTRGNWJuvpo,NA,2021-07-22T17:47:31Z,2021-07-22T17:47:31Z,1,ExitSurvey,2021-07-22T18:28:27Z,finished,NA,NA,NA,2021-07-22T17:36:16Z,Minu,/avatars/jdenticon/Alaina,#7ACC66,3.9553955,white_12,18874,"white_12,white_11,white_8,white_3,white_5,white_7",0.020002,1,2,NA,NA
NuweWtpWaMQZkxLkb,NA,NA,NA,NA,NA,2021-07-20T16:51:33Z,cancelled,adminCancelled,NA,NA,2021-07-20T16:47:26Z,NA,NA,NA,NA,NA,NA,NA,NA,NA,NA,NA,NA
kq9vcpqmQwbkFB4sX,NA,2021-07-20T16:57:59Z,2021-07-20T16:57:59Z,1,ExitSurvey,2021-07-20T17:26:05Z,finished,NA,NA,NA,2021-07-20T16:53:00Z,Repi,/avatars/jdenticon/Samuel,#8138A8,5.973333333333336,red_7,15645,"red_5,red_12,red_2,red_11,red_10,red_7",0.14400000000000002,3,9,NA,NA
XR254nXRjwrveus4M,NA,2021-07-20T17:00:48Z,2021-07-20T17:00:48Z,1,ExitSurvey,2021-07-20T17:39:10Z,finished,NA,NA,NA,2021-07-20T16:53:03Z,Minu,/avatars/jdenticon/Alaina,#7ACC66,6.8320000000000025,white_2,37179,"white_11,white_12,white_2,white_1,white_7,white_4",0.13333333333333336,3,8.333333333333334,NA,NA
Xzwn3GeDhaYChyk6X,NA,2021-07-20T17:02:41Z,2021-07-20T17:02:41Z,1,ExitSurvey,2021-07-20T17:17:11Z,finished,NA,NA,NA,2021-07-20T16:53:09Z,Minu,/avatars/jdenticon/Alaina,#7ACC66,5.690666666666668,purple_7,7899,"purple_9,purple_1,purple_7,purple_5,purple_4,purple_11",0.08533333333333333,3,5.333333333333333,NA,NA
mQ4j9jv3oBQW9zdxE,NA,2021-07-20T16:58:34Z,2021-07-20T16:58:34Z,1,ExitSurvey,2021-07-20T17:26:05Z,finished,NA,NA,NA,2021-07-20T16:53:09Z,Minu,/avatars/jdenticon/Alaina,#7ACC66,5.973333333333336,red_2,6199,"red_12,red_2,red_11,red_7,red_10,red_5",0.14400000000000002,3,9,NA,NA
do6cSnx2h7oyYTyqw,NA,NA,NA,NA,NA,2021-07-20T17:55:42Z,cancelled,adminCancelled,NA,NA,2021-07-20T16:53:16Z,NA,NA,NA,NA,NA,NA,NA,NA,NA,NA,NA,NA
pgdSEje8fK2EhyEAF,NA,2021-07-20T16:57:35Z,2021-07-20T16:57:35Z,1,ExitSurvey,2021-07-20T17:26:05Z,finished,NA,NA,NA,2021-07-20T16:53:18Z,Laju,/avatars/jdenticon/Katherine,#3D45B7,5.973333333333336,red_12,14919,"red_12,red_2,red_10,red_11,red_7,red_5",0.14400000000000002,3,9,NA,NA
DhC6RscrdSqABgf5k,NA,2021-07-20T17:21:31Z,2021-07-20T17:21:31Z,1,NA,2021-07-20T17:31:31Z,playerLobbyTimedOut,NA,2021-07-20T17:44:07Z,custom,2021-07-20T16:53:21Z,NA,NA,NA,NA,NA,NA,NA,NA,NA,NA,NA,NA
nzCnCnx4W9EDKLyEy,NA,2021-07-20T16:58:50Z,2021-07-20T16:58:50Z,1,ExitSurvey,2021-07-20T17:39:10Z,finished,NA,NA,NA,2021-07-20T16:53:26Z,Laju,/avatars/jdenticon/Katherine,#3D45B7,6.8320000000000025,white_11,53163,"white_11,white_12,white_7,white_2,white_4,white_1",0.13333333333333336,3,8.333333333333334,NA,NA
HatzPcAxQZHJgfvTp,NA,2021-07-20T17:06:15Z,2021-07-20T17:06:15Z,1,ExitSurvey,2021-07-20T18:21:48Z,finished,NA,NA,NA,2021-07-20T16:53:45Z,Minu,/avatars/jdenticon/Alaina,#7ACC66,6.773333333333335,purple_5,73077,"purple_4,purple_6,purple_5,purple_7,purple_11,purple_8",0.13333333333333336,3,8.333333333333334,NA,NA
KqEvn4gzXocmfiiFY,NA,2021-07-20T17:06:49Z,2021-07-20T17:06:49Z,1,NA,2021-07-20T17:16:50Z,playerLobbyTimedOut,NA,2021-07-20T17:44:06Z,custom,2021-07-20T16:53:48Z,NA,NA,NA,NA,NA,NA,NA,NA,NA,NA,NA,NA
HattoicCD8RpvNp3x,NA,2021-07-20T17:02:11Z,2021-07-20T17:02:11Z,1,ExitSurvey,2021-07-20T17:17:11Z,finished,NA,NA,NA,2021-07-20T16:53:54Z,Repi,/avatars/jdenticon/Samuel,#8138A8,5.690666666666668,purple_4,1656,"purple_1,purple_11,purple_5,purple_4,purple_9,purple_7",0.08533333333333333,3,5.333333333333333,NA,NA
5tF4pbeZsgwoLyBXN,NA,2021-07-20T17:05:32Z,2021-07-20T17:05:32Z,1,ExitSurvey,2021-07-20T18:21:48Z,finished,NA,NA,NA,2021-07-20T16:54:28Z,Repi,/avatars/jdenticon/Samuel,#8138A8,6.773333333333335,purple_7,83664,"purple_5,purple_4,purple_11,purple_8,purple_6,purple_7",0.13333333333333336,3,8.333333333333334,NA,NA
WpuqGRTsiQfcFJHK9,NA,2021-07-20T16:58:49Z,2021-07-20T16:58:49Z,1,ExitSurvey,2021-07-20T17:39:10Z,finished,NA,NA,NA,2021-07-20T16:54:34Z,Repi,/avatars/jdenticon/Samuel,#8138A8,6.8320000000000025,white_7,40287,"white_4,white_11,white_7,white_12,white_1,white_2",0.13333333333333336,3,8.333333333333334,NA,NA
Z4uGdog32wDhkwPjw,NA,2021-07-20T17:01:38Z,2021-07-20T17:01:38Z,1,ExitSurvey,2021-07-20T17:17:11Z,finished,NA,NA,NA,2021-07-20T16:54:43Z,Laju,/avatars/jdenticon/Katherine,#3D45B7,5.690666666666668,purple_5,5886,"purple_9,purple_7,purple_1,purple_11,purple_4,purple_5",0.08533333333333333,3,5.333333333333333,NA,NA
ZxbL2ksdEpEH3Rh8J,NA,2021-07-20T17:03:34Z,2021-07-20T17:03:34Z,1,ExitSurvey,2021-07-20T18:21:48Z,finished,NA,NA,NA,2021-07-20T16:58:00Z,Laju,/avatars/jdenticon/Katherine,#3D45B7,6.773333333333335,purple_4,69411,"purple_8,purple_6,purple_5,purple_11,purple_7,purple_4",0.13333333333333336,3,8.333333333333334,NA,NA
8mmT8uxngnsEtBwLW,NA,2021-07-20T17:29:12Z,2021-07-20T17:29:12Z,1,NA,2021-07-20T17:39:13Z,playerLobbyTimedOut,NA,2021-07-20T17:44:00Z,custom,2021-07-20T17:16:32Z,NA,NA,NA,NA,NA,NA,NA,NA,NA,NA,NA,NA
LJFr2DF8KghNenpQS,NA,NA,NA,NA,NA,2021-07-20T17:55:42Z,gameFull,NA,NA,NA,2021-07-20T17:23:26Z,NA,NA,NA,NA,NA,NA,NA,NA,NA,NA,NA,NA
6LmyLDPtYLvfHqyKW,NA,2021-07-20T17:36:04Z,2021-07-20T17:36:04Z,1,NA,2021-07-20T17:46:05Z,playerLobbyTimedOut,NA,2021-07-20T17:46:33Z,custom,2021-07-20T17:26:29Z,NA,NA,NA,NA,NA,NA,NA,NA,NA,NA,NA,NA
CqGNYgwtJZcCtsyvF,NA,2021-07-20T17:54:14Z,2021-07-20T17:54:14Z,1,ExitSurvey,2021-07-20T18:25:58Z,finished,NA,NA,NA,2021-07-20T17:44:20Z,Repi,/avatars/jdenticon/Samuel,#8138A8,6.533333333333336,yellow_8,10152,"yellow_9,yellow_4,yellow_7,yellow_8,yellow_10,yellow_3",0.16,3,10,NA,NA
PbkFBSjSacP6FbmxN,NA,2021-07-20T17:50:20Z,2021-07-20T17:50:20Z,1,ExitSurvey,2021-07-20T18:25:58Z,finished,NA,NA,NA,2021-07-20T17:44:43Z,Laju,/avatars/jdenticon/Katherine,#3D45B7,6.533333333333336,yellow_7,149341,"yellow_10,yellow_3,yellow_7,yellow_4,yellow_9,yellow_8",0.16,3,10,NA,NA
bepzbWYXsiZpMapq8,NA,NA,NA,NA,NA,2021-07-20T17:55:42Z,gameFull,NA,NA,NA,2021-07-20T17:44:54Z,NA,NA,NA,NA,NA,NA,NA,NA,NA,NA,NA,NA
Dj6hRMp5EBbw6J3hS,NA,2021-07-20T17:51:16Z,2021-07-20T17:51:16Z,1,ExitSurvey,2021-07-20T18:25:58Z,finished,NA,NA,NA,2021-07-20T17:49:25Z,Minu,/avatars/jdenticon/Alaina,#7ACC66,6.533333333333336,yellow_3,185796,"yellow_7,yellow_8,yellow_10,yellow_3,yellow_9,yellow_4",0.16,3,10,NA,NA
7kCCQWLkYhbhgoeu5,NA,NA,NA,NA,NA,2021-07-19T18:59:24Z,cancelled,adminCancelled,2021-07-19T18:02:10Z,custom,2021-07-19T18:01:45Z,NA,NA,NA,NA,NA,NA,NA,NA,NA,NA,NA,NA
Q3mguk8ezGrAoR6up,NA,NA,NA,NA,NA,2021-07-19T18:59:24Z,gameFull,NA,2021-07-19T19:04:28Z,gameFull,2021-07-19T18:04:00Z,NA,NA,NA,NA,NA,NA,NA,NA,NA,NA,NA,NA
rd6hAsTn45ywDTyST,NA,NA,NA,NA,NA,2021-07-19T18:59:24Z,gameFull,NA,2021-07-19T19:04:28Z,gameFull,2021-07-19T18:04:03Z,NA,NA,NA,NA,NA,NA,NA,NA,NA,NA,NA,NA
opJZBAegrZBTBgahz,NA,2021-07-19T18:08:22Z,2021-07-19T18:08:22Z,1,ExitSurvey,2021-07-19T19:31:31Z,finished,NA,NA,NA,2021-07-19T18:04:07Z,Laju,/avatars/jdenticon/Katherine,#3D45B7,4.160416,white_2,-161482,"white_2,white_5,white_6,white_9,white_3,white_1",0.110011,1,11,NA,NA
MWdc5C6Rqz7rCartu,NA,2021-07-19T18:11:34Z,2021-07-19T18:11:34Z,1,ExitSurvey,2021-07-19T18:19:08Z,finished,NA,NA,NA,2021-07-19T18:04:07Z,Repi,/avatars/jdenticon/Samuel,#8138A8,4.2554255,yellow_4,1880,"yellow_3,yellow_10,yellow_7,yellow_4,yellow_2,yellow_5",0.12001200000000001,1,12,NA,NA
qNNHZG4JCrXM4zqZq,NA,2021-07-19T18:07:53Z,2021-07-19T18:07:53Z,1,ExitSurvey,2021-07-19T18:23:25Z,finished,NA,NA,NA,2021-07-19T18:04:09Z,Laju,/avatars/jdenticon/Katherine,#3D45B7,4.067073333333334,purple_4,2017,"purple_6,purple_11,purple_12,purple_4,purple_10,purple_3",0.03667033333333333,3,3.6666666666666665,NA,NA
jgkvxoeQGQNM3PduY,NA,2021-07-19T18:11:19Z,2021-07-19T18:11:19Z,1,ExitSurvey,2021-07-19T18:19:24Z,finished,NA,NA,NA,2021-07-19T18:04:12Z,Laju,/avatars/jdenticon/Katherine,#3D45B7,3.40034,purple_8,317,"purple_10,purple_3,purple_1,purple_6,purple_5,purple_8",0.045004499999999996,2,4.5,NA,NA
7hqPQd4z7K3puDdS4,NA,2021-07-19T18:15:56Z,2021-07-19T18:15:56Z,1,ExitSurvey,2021-07-19T18:26:52Z,finished,NA,NA,NA,2021-07-19T18:04:13Z,Repi,/avatars/jdenticon/Samuel,#8138A8,3.935393500000001,red_4,5374,"red_8,red_12,red_4,red_1,red_2,red_5",0.12001200000000001,1,12,NA,NA
MExwfaN7nb5cYvdwJ,NA,2021-07-19T18:20:00Z,2021-07-19T18:20:00Z,1,NA,2021-07-19T19:37:37Z,cancelled,adminCancelled,NA,NA,2021-07-19T18:04:13Z,Repi,/avatars/jdenticon/Samuel,#8138A8,0.340034,false,NA,"purple_10,purple_8,purple_2,purple_1,purple_6,purple_11",0.050005,2,5,30705,TRUE
YyHKq9EYbJumA3ANL,NA,2021-07-19T18:07:28Z,2021-07-19T18:07:28Z,1,ExitSurvey,2021-07-19T18:23:25Z,finished,NA,NA,NA,2021-07-19T18:04:14Z,Repi,/avatars/jdenticon/Samuel,#8138A8,2.5169183333333334,purple_4,1220,"purple_6,purple_12,purple_11,purple_10,purple_4,purple_3",0.03667033333333333,3,3.6666666666666665,NA,NA
7P24CpXreCTu2Safi,NA,NA,NA,NA,NA,2021-07-19T18:11:17Z,gameFull,NA,2021-07-19T19:04:28Z,gameFull,2021-07-19T18:04:14Z,NA,NA,NA,NA,NA,NA,NA,NA,NA,NA,NA,NA
eP5tq28Zot8RGtYhS,NA,2021-07-19T18:16:09Z,2021-07-19T18:16:09Z,1,ExitSurvey,2021-07-19T18:26:52Z,finished,NA,NA,NA,2021-07-19T18:04:16Z,Laju,/avatars/jdenticon/Katherine,#3D45B7,2.3252325000000003,red_1,25350,"red_12,red_8,red_1,red_5,red_4,red_2",0.030003000000000002,2,3,NA,NA
GRxaAL57BLw5wSuAy,NA,NA,NA,NA,NA,2021-07-19T18:59:24Z,gameFull,NA,2021-07-19T19:04:28Z,gameFull,2021-07-19T18:04:17Z,NA,NA,NA,NA,NA,NA,NA,NA,NA,NA,NA,NA
XqbdWyGmayHmCJC2E,NA,NA,NA,NA,NA,2021-07-19T18:59:24Z,gameFull,NA,2021-07-19T19:04:28Z,gameFull,2021-07-19T18:04:17Z,NA,NA,NA,NA,NA,NA,NA,NA,NA,NA,NA,NA
aZ4LjhRDtYDMe6Mp7,NA,2021-07-19T18:09:44Z,2021-07-19T18:09:44Z,1,ExitSurvey,2021-07-19T18:18:00Z,finished,NA,NA,NA,2021-07-19T18:04:18Z,Repi,/avatars/jdenticon/Samuel,#8138A8,3.0586391666666675,red_8,2613,"red_7,red_11,red_3,red_8,red_4,red_1",0.10001,1,10,NA,NA
hYn4YgbBpPcGAQYgK,NA,2021-07-19T18:09:10Z,2021-07-19T18:09:10Z,1,ExitSurvey,2021-07-19T18:18:00Z,finished,NA,NA,NA,2021-07-19T18:04:18Z,Laju,/avatars/jdenticon/Katherine,#3D45B7,3.2486581666666665,red_4,1413,"red_3,red_1,red_4,red_11,red_8,red_7",0.060006000000000004,2,6,NA,NA
n9GBgFk6Hxa9zipd7,NA,2021-07-19T18:08:14Z,2021-07-19T18:08:14Z,1,ExitSurvey,2021-07-19T18:23:25Z,finished,NA,NA,NA,2021-07-19T18:04:19Z,Minu,/avatars/jdenticon/Alaina,#7ACC66,3.557022333333334,purple_4,4191,"purple_4,purple_12,purple_3,purple_6,purple_11,purple_10",0.03667033333333333,3,3.6666666666666665,NA,NA
e9qSnb4XLQTbZgEkQ,NA,2021-07-19T18:09:10Z,2021-07-19T18:09:10Z,1,ExitSurvey,2021-07-19T19:31:31Z,finished,NA,NA,NA,2021-07-19T18:04:21Z,Minu,/avatars/jdenticon/Alaina,#7ACC66,4.540454,white_3,35253,"white_3,white_9,white_6,white_2,white_1,white_5",0.09000899999999999,1,9,NA,NA
ybN3MNYRF5QENqn3f,NA,2021-07-19T18:23:56Z,2021-07-19T18:23:56Z,1,NA,2021-07-19T19:37:37Z,cancelled,adminCancelled,NA,NA,2021-07-19T18:04:21Z,Laju,/avatars/jdenticon/Katherine,#3D45B7,0.50005,false,NA,"purple_11,purple_10,purple_6,purple_1,purple_2,purple_8",0.050005,2,5,31349,TRUE
duYYpzofm6fYRjBsS,NA,2021-07-19T18:10:33Z,2021-07-19T18:10:33Z,1,ExitSurvey,2021-07-19T18:54:14Z,finished,NA,NA,NA,2021-07-19T18:04:26Z,Minu,/avatars/jdenticon/Alaina,#7ACC66,4.2854285,yellow_3,24215,"yellow_1,yellow_6,yellow_4,yellow_5,yellow_8,yellow_3",0.10001,1,10,NA,NA
kqGapafwDf7kdgxEP,NA,2021-07-19T18:10:17Z,2021-07-19T18:10:17Z,1,ExitSurvey,2021-07-19T18:54:14Z,finished,NA,NA,NA,2021-07-19T18:04:28Z,Laju,/avatars/jdenticon/Katherine,#3D45B7,3.8953894999999994,yellow_4,27019,"yellow_6,yellow_8,yellow_4,yellow_3,yellow_5,yellow_1",0.060006000000000004,1,6,NA,NA
DzW5A3BKQz6yD5bAn,NA,2021-07-19T18:09:51Z,2021-07-19T18:09:51Z,1,ExitSurvey,2021-07-19T18:44:22Z,finished,NA,NA,NA,2021-07-19T18:04:29Z,Repi,/avatars/jdenticon/Samuel,#8138A8,3.958729166666666,yellow_10,47901,"yellow_2,yellow_9,yellow_4,yellow_10,yellow_12,yellow_1",0.12001200000000001,1,12,NA,NA
J4r6Sgiyiv6GaE4w8,NA,2021-07-19T18:14:23Z,2021-07-19T18:14:23Z,1,ExitSurvey,2021-07-19T18:36:00Z,finished,NA,NA,NA,2021-07-19T18:04:30Z,Repi,/avatars/jdenticon/Samuel,#8138A8,3.0169683333333346,purple_7,6415,"purple_10,purple_11,purple_3,purple_6,purple_7,purple_12",0.026669333333333333,3,2.6666666666666665,NA,NA
FcvZ7ai4anRhkE8wJ,NA,2021-07-19T18:17:16Z,2021-07-19T18:17:16Z,1,NA,2021-07-19T18:17:27Z,custom,It looks like one of your partners disconnected before you could finish the experiment!,NA,NA,2021-07-19T18:04:33Z,Repi,/avatars/jdenticon/Samuel,#8138A8,0,false,NA,"red_4,red_7,red_10,red_11,red_1,red_3",NA,NA,NA,2696,TRUE
d5YFZ82ezNvBdjX8D,NA,2021-07-19T18:09:39Z,2021-07-19T18:09:39Z,1,ExitSurvey,2021-07-19T18:18:00Z,finished,NA,NA,NA,2021-07-19T18:04:34Z,Minu,/avatars/jdenticon/Alaina,#7ACC66,3.233656666666667,red_4,109,"red_8,red_7,red_3,red_11,red_1,red_4",0.060006000000000004,2,6,NA,NA
ZxRrvBffD6DbPajeA,NA,2021-07-19T18:09:53Z,2021-07-19T18:09:53Z,1,ExitSurvey,2021-07-19T18:44:22Z,finished,NA,NA,NA,2021-07-19T18:04:34Z,Minu,/avatars/jdenticon/Alaina,#7ACC66,3.4986831666666665,yellow_1,44510,"yellow_10,yellow_12,yellow_9,yellow_2,yellow_4,yellow_1",0.060006000000000004,1,6,NA,NA
PBJ9wLDgHHcrw4bQD,NA,2021-07-19T18:08:50Z,2021-07-19T18:08:50Z,1,ExitSurvey,2021-07-19T19:31:31Z,finished,NA,NA,NA,2021-07-19T18:04:35Z,Repi,/avatars/jdenticon/Samuel,#8138A8,4.460445999999999,white_1,61576,"white_5,white_1,white_3,white_6,white_2,white_9",0.060006000000000004,1,6,NA,NA
nkFApaKNxgusFS6CC,NA,NA,NA,NA,NA,2021-07-19T18:10:02Z,gameFull,NA,2021-07-19T19:04:28Z,gameFull,2021-07-19T18:04:45Z,NA,NA,NA,NA,NA,NA,NA,NA,NA,NA,NA,NA
DyLQQyB58rtLJ8bot,NA,2021-07-19T18:12:01Z,2021-07-19T18:12:01Z,1,NA,2021-07-19T18:21:23Z,custom,It looks like one of your partners disconnected before you could finish the experiment!,NA,NA,2021-07-19T18:04:46Z,Repi,/avatars/jdenticon/Samuel,#8138A8,1.210121,false,NA,"white_9,white_12,white_10,white_5,white_4,white_11",0.09000899999999999,1,9,26354,TRUE
TFC5ZPh7SSsrqs4vn,NA,2021-07-19T18:11:30Z,2021-07-19T18:11:30Z,1,ExitSurvey,2021-07-19T18:19:08Z,finished,NA,NA,NA,2021-07-19T18:04:47Z,Laju,/avatars/jdenticon/Katherine,#3D45B7,2.0552055000000005,yellow_3,958,"yellow_4,yellow_3,yellow_7,yellow_5,yellow_10,yellow_2",0.030003000000000002,2,3,NA,NA
Ngb2MQcFPDdE425hz,NA,2021-07-19T18:11:38Z,2021-07-19T18:11:38Z,1,ExitSurvey,2021-07-19T18:19:08Z,finished,NA,NA,NA,2021-07-19T18:04:49Z,Minu,/avatars/jdenticon/Alaina,#7ACC66,2.680267999999999,yellow_3,297,"yellow_2,yellow_5,yellow_4,yellow_10,yellow_7,yellow_3",0.030003000000000002,2,3,NA,NA
aJe45NbcSwEyoPHiK,NA,2021-07-19T18:11:43Z,2021-07-19T18:11:43Z,1,ExitSurvey,2021-07-19T18:57:31Z,finished,NA,NA,NA,2021-07-19T18:04:49Z,Laju,/avatars/jdenticon/Katherine,#3D45B7,4.340434,purple_8,55208,"purple_12,purple_8,purple_6,purple_1,purple_11,purple_10",0.060006000000000004,1,6,NA,NA
yQF4oZdZAsmS3yNiJ,NA,2021-07-19T18:13:06Z,2021-07-19T18:13:06Z,1,NA,2021-07-19T19:35:17Z,finished,It looks like one of your partners disconnected before you could finish the experiment!,NA,NA,2021-07-19T18:04:52Z,Laju,/avatars/jdenticon/Katherine,#3D45B7,2.483581666666666,false,NA,"purple_7,purple_2,purple_12,purple_10,purple_9,purple_1",0.110011,1,11,36789,TRUE
wZm8oTPGLXW6t98qP,NA,2021-07-19T18:10:03Z,2021-07-19T18:10:03Z,1,ExitSurvey,2021-07-19T18:44:22Z,finished,NA,NA,NA,2021-07-19T18:04:54Z,Laju,/avatars/jdenticon/Katherine,#3D45B7,3.523685666666667,yellow_9,41809,"yellow_1,yellow_4,yellow_10,yellow_12,yellow_9,yellow_2",0.10001,1,10,NA,NA
DpAafj8fY9zYqBDrt,NA,2021-07-19T18:13:15Z,2021-07-19T18:13:15Z,1,NA,2021-07-19T19:35:17Z,finished,It looks like one of your partners disconnected before you could finish the experiment!,NA,NA,2021-07-19T18:04:54Z,Repi,/avatars/jdenticon/Samuel,#8138A8,2.8186151666666666,false,NA,"purple_2,purple_12,purple_1,purple_9,purple_7,purple_10",0.12001200000000001,1,12,40983,TRUE
LTs2tnjRZmH9NYkXv,NA,2021-07-19T18:12:06Z,2021-07-19T18:12:06Z,1,NA,2021-07-19T18:21:58Z,custom,It looks like one of your partners disconnected before you could finish the experiment!,NA,NA,2021-07-19T18:05:03Z,Laju,/avatars/jdenticon/Katherine,#3D45B7,1.2051205,false,NA,"white_4,white_12,white_11,white_9,white_5,white_10",0.060006000000000004,1,6,25324,TRUE
Ci4KgAcHF2SSLgkKo,NA,2021-07-19T18:16:39Z,2021-07-19T18:16:39Z,1,ExitSurvey,2021-07-19T18:26:52Z,finished,NA,NA,NA,2021-07-19T18:05:03Z,Minu,/avatars/jdenticon/Alaina,#7ACC66,3.380338,red_1,1647,"red_8,red_1,red_2,red_5,red_12,red_4",0.030003000000000002,2,3,NA,NA
uYJYEi4uCvmvaswYa,NA,2021-07-19T18:13:40Z,2021-07-19T18:13:40Z,1,ExitSurvey,2021-07-19T18:36:00Z,finished,NA,NA,NA,2021-07-19T18:05:14Z,Laju,/avatars/jdenticon/Katherine,#3D45B7,2.956962333333334,purple_7,8792,"purple_11,purple_10,purple_3,purple_7,purple_12,purple_6",0.026669333333333333,3,2.6666666666666665,NA,NA
BCnyrHFnDe2BEr3dN,NA,2021-07-19T18:11:46Z,2021-07-19T18:11:46Z,1,ExitSurvey,2021-07-19T18:57:31Z,finished,NA,NA,NA,2021-07-19T18:05:19Z,Repi,/avatars/jdenticon/Samuel,#8138A8,4.730473000000002,purple_1,49430,"purple_10,purple_6,purple_11,purple_12,purple_8,purple_1",0.080008,1,8,NA,NA
LAYJsd5Lr7o9FAm4t,NA,2021-07-19T18:10:44Z,2021-07-19T18:10:44Z,1,ExitSurvey,2021-07-19T18:54:14Z,finished,NA,NA,NA,2021-07-19T18:05:31Z,Repi,/avatars/jdenticon/Samuel,#8138A8,3.9103909999999993,yellow_8,29361,"yellow_8,yellow_1,yellow_4,yellow_6,yellow_3,yellow_5",0.09000899999999999,1,9,NA,NA
iRrdmcGkkYcNPzr8M,NA,2021-07-19T18:12:56Z,2021-07-19T18:12:56Z,1,NA,2021-07-19T19:35:17Z,finished,NA,NA,NA,2021-07-19T18:05:38Z,Minu,/avatars/jdenticon/Alaina,#7ACC66,3.108644166666667,false,NA,"purple_1,purple_12,purple_7,purple_2,purple_9,purple_10",0.12001200000000001,1,12,36740,NA
qGkNWcXfDCrofhKcj,NA,2021-07-19T18:15:18Z,2021-07-19T18:15:18Z,1,ExitSurvey,2021-07-19T18:23:00Z,finished,NA,NA,NA,2021-07-19T18:05:40Z,Minu,/avatars/jdenticon/Alaina,#7ACC66,3.412007833333333,white_10,1750,"white_4,white_10,white_6,white_8,white_5,white_11",0.080008,1,8,NA,NA
mtSQeRKkG33vxxgCy,NA,2021-07-19T18:17:02Z,2021-07-19T18:17:02Z,1,NA,2021-07-19T18:17:26Z,custom,It looks like one of your partners disconnected before you could finish the experiment!,NA,NA,2021-07-19T18:06:02Z,Laju,/avatars/jdenticon/Katherine,#3D45B7,0,false,NA,"red_1,red_4,red_3,red_7,red_11,red_10",NA,NA,NA,25919,TRUE
ga7mdcuNmWBHAoR9k,NA,2021-07-19T18:10:56Z,2021-07-19T18:10:56Z,1,ExitSurvey,2021-07-19T18:19:24Z,finished,NA,NA,NA,2021-07-19T18:06:05Z,Minu,/avatars/jdenticon/Alaina,#7ACC66,3.2253225,purple_8,1550,"purple_5,purple_10,purple_8,purple_3,purple_1,purple_6",0.045004499999999996,2,4.5,NA,NA
Jy4P9QP2wLqbqfWGG,NA,NA,NA,NA,NA,2021-07-19T18:59:24Z,gameFull,NA,2021-07-19T19:04:28Z,gameFull,2021-07-19T18:06:19Z,NA,NA,NA,NA,NA,NA,NA,NA,NA,NA,NA,NA
Gf7jHjgxd3hSA8G6E,NA,2021-07-19T18:12:01Z,2021-07-19T18:12:01Z,1,ExitSurvey,2021-07-19T18:57:31Z,finished,NA,NA,NA,2021-07-19T18:06:25Z,Minu,/avatars/jdenticon/Alaina,#7ACC66,3.1803180000000006,purple_6,11440,"purple_8,purple_6,purple_1,purple_12,purple_10,purple_11",0.10001,1,10,NA,NA
odNTGwKGZuTEr3ruF,NA,2021-07-19T18:14:29Z,2021-07-19T18:14:29Z,1,ExitSurvey,2021-07-19T18:23:00Z,finished,NA,NA,NA,2021-07-19T18:06:43Z,Repi,/avatars/jdenticon/Samuel,#8138A8,2.7769443333333332,white_11,3376,"white_8,white_10,white_6,white_4,white_11,white_5",0.0550055,2,5.5,NA,NA
SxPqKTjcgCEZF8qHa,NA,2021-07-19T18:17:10Z,2021-07-19T18:17:10Z,1,NA,2021-07-19T18:17:26Z,custom,It looks like one of your partners disconnected before you could finish the experiment!,2021-07-19T18:21:34Z,custom,2021-07-19T18:06:44Z,Minu,/avatars/jdenticon/Alaina,#7ACC66,0,false,NA,"red_10,red_7,red_11,red_1,red_4,red_3",NA,NA,NA,22890,TRUE
XhNyocPsCc5jyxym2,NA,2021-07-19T18:11:09Z,2021-07-19T18:11:09Z,1,ExitSurvey,2021-07-19T18:19:24Z,finished,NA,NA,NA,2021-07-19T18:06:55Z,Repi,/avatars/jdenticon/Samuel,#8138A8,3.7953795000000006,purple_3,5953,"purple_5,purple_3,purple_10,purple_8,purple_1,purple_6",0.110011,1,11,NA,NA
gEWrSTxqnhsBmLCRC,NA,2021-07-19T18:13:50Z,2021-07-19T18:13:50Z,1,ExitSurvey,2021-07-19T18:36:00Z,finished,NA,NA,NA,2021-07-19T18:07:03Z,Minu,/avatars/jdenticon/Alaina,#7ACC66,3.4970163333333337,purple_7,15877,"purple_3,purple_11,purple_7,purple_12,purple_6,purple_10",0.026669333333333333,3,2.6666666666666665,NA,NA
CmDp4MQc6SSbhG2a8,NA,2021-07-19T18:19:09Z,2021-07-19T18:19:09Z,1,ExitSurvey,2021-07-19T18:37:56Z,finished,NA,NA,NA,2021-07-19T18:07:04Z,Repi,/avatars/jdenticon/Samuel,#8138A8,3.233656666666666,red_12,3388,"red_3,red_8,red_5,red_4,red_10,red_12",0.09000899999999999,1,9,NA,NA
E9XByhsbpFkwxdPBJ,NA,2021-07-19T18:12:12Z,2021-07-19T18:12:12Z,1,NA,2021-07-19T18:21:23Z,custom,It looks like one of your partners disconnected before you could finish the experiment!,NA,NA,2021-07-19T18:07:46Z,Minu,/avatars/jdenticon/Alaina,#7ACC66,1.1651164999999999,false,NA,"white_9,white_10,white_4,white_5,white_11,white_12",0.10001,1,10,20417,TRUE
x8arsoyjNtTuaMBqT,NA,2021-07-19T18:19:06Z,2021-07-19T18:19:06Z,1,ExitSurvey,2021-07-19T18:37:56Z,finished,NA,NA,NA,2021-07-19T18:08:28Z,Laju,/avatars/jdenticon/Katherine,#3D45B7,3.5286861666666676,red_10,2254,"red_8,red_10,red_4,red_5,red_12,red_3",0.060006000000000004,2,6,NA,NA
EFYiQE7m9XjB6jRSx,NA,2021-07-19T18:15:25Z,2021-07-19T18:15:25Z,1,ExitSurvey,2021-07-19T19:02:52Z,finished,NA,NA,NA,2021-07-19T18:09:02Z,Repi,/avatars/jdenticon/Samuel,#8138A8,3.3503349999999994,purple_12,6347,"purple_9,purple_5,purple_1,purple_3,purple_12,purple_11",0.045004499999999996,2,4.5,NA,NA
uFitMpNHuQNeyLReG,NA,2021-07-19T18:15:35Z,2021-07-19T18:15:35Z,1,ExitSurvey,2021-07-19T19:02:52Z,finished,NA,NA,NA,2021-07-19T18:09:13Z,Minu,/avatars/jdenticon/Alaina,#7ACC66,4.0754075,purple_12,19338,"purple_3,purple_5,purple_9,purple_1,purple_12,purple_11",0.045004499999999996,2,4.5,NA,NA
uMSWDuRBXmDSREcrn,NA,2021-07-19T18:15:22Z,2021-07-19T18:15:22Z,1,ExitSurvey,2021-07-19T19:02:52Z,finished,NA,NA,NA,2021-07-19T18:09:24Z,Laju,/avatars/jdenticon/Katherine,#3D45B7,4.5954595000000005,purple_11,10234,"purple_3,purple_5,purple_1,purple_9,purple_11,purple_12",0.10001,1,10,NA,NA
w2TfbfFTrf9LJh6hd,NA,2021-07-19T18:14:31Z,2021-07-19T18:14:31Z,1,ExitSurvey,2021-07-19T18:23:00Z,finished,NA,NA,NA,2021-07-19T18:10:19Z,Laju,/avatars/jdenticon/Katherine,#3D45B7,3.6720338333333347,white_11,20364,"white_5,white_10,white_6,white_11,white_4,white_8",0.0550055,2,5.5,NA,NA
GFnhDfuf4wjiqSDLb,NA,2021-07-19T18:18:11Z,2021-07-19T18:18:11Z,1,ExitSurvey,2021-07-19T18:37:56Z,finished,NA,NA,NA,2021-07-19T18:10:29Z,Minu,/avatars/jdenticon/Alaina,#7ACC66,3.548688166666667,red_10,2266,"red_12,red_3,red_8,red_5,red_10,red_4",0.060006000000000004,2,6,NA,NA
WeZbGF7cXPfQg7dkH,NA,2021-07-19T18:28:43Z,2021-07-19T18:28:43Z,1,NA,2021-07-19T18:38:43Z,playerLobbyTimedOut,NA,NA,NA,2021-07-19T18:10:35Z,NA,NA,NA,NA,NA,NA,NA,NA,NA,NA,NA,NA
MQ6eC9oijgybYzK74,NA,2021-07-19T18:57:02Z,2021-07-19T18:57:02Z,1,NA,2021-07-19T18:59:24Z,gameFull,NA,2021-07-19T19:04:28Z,gameFull,2021-07-19T18:13:59Z,NA,NA,NA,NA,NA,NA,NA,NA,NA,NA,NA,NA
uGLajg549xfTiNqor,NA,2021-07-19T18:25:16Z,2021-07-19T18:25:16Z,1,NA,2021-07-19T19:37:37Z,cancelled,adminCancelled,NA,NA,2021-07-19T18:19:20Z,Minu,/avatars/jdenticon/Alaina,#7ACC66,0.430043,false,NA,"purple_2,purple_8,purple_1,purple_6,purple_10,purple_11",0.12001200000000001,1,12,NA,NA
S2dJnWiXsQdR5MJuE,NA,2021-07-19T18:28:23Z,2021-07-19T18:28:23Z,1,NA,2021-07-19T18:59:24Z,gameFull,NA,2021-07-19T19:04:28Z,gameFull,2021-07-19T18:25:40Z,NA,NA,NA,NA,NA,NA,NA,NA,NA,NA,NA,NA
gfTCsysnbuRDSGynC,NA,2021-07-19T18:37:37Z,2021-07-19T18:37:37Z,1,NA,2021-07-19T18:47:37Z,playerLobbyTimedOut,NA,NA,NA,2021-07-19T18:27:35Z,NA,NA,NA,NA,NA,NA,NA,NA,NA,NA,NA,NA
m5xzDLs67iKFxNTqk,NA,NA,NA,NA,NA,2021-07-19T18:59:24Z,gameFull,NA,2021-07-19T19:04:28Z,gameFull,2021-07-19T18:29:52Z,NA,NA,NA,NA,NA,NA,NA,NA,NA,NA,NA,NA
2sh6RJXRrHbvCutCs,NA,2021-07-19T18:39:26Z,2021-07-19T18:39:26Z,1,NA,2021-07-19T18:49:26Z,playerLobbyTimedOut,NA,NA,NA,2021-07-19T18:38:38Z,NA,NA,NA,NA,NA,NA,NA,NA,NA,NA,NA,NA
sdTyAbNRDZTCLJSo8,NA,2021-07-19T18:56:55Z,2021-07-19T18:56:55Z,1,ExitSurvey,2021-07-19T19:11:33Z,finished,NA,NA,NA,2021-07-19T18:40:30Z,Laju,/avatars/jdenticon/Katherine,#3D45B7,2.5602560000000008,red_5,2669,"red_5,red_10,red_6,red_11,red_4,red_3",0.020002,1,2,NA,NA
j9M9EbWB57iQvkBoK,NA,2021-07-19T18:48:42Z,2021-07-19T18:48:42Z,1,ExitSurvey,2021-07-19T19:11:33Z,finished,NA,NA,NA,2021-07-19T18:42:28Z,Minu,/avatars/jdenticon/Alaina,#7ACC66,3.6953695000000004,red_11,6733,"red_11,red_3,red_10,red_6,red_4,red_5",0.10001,1,10,NA,NA
3KGbH4dqGD4h24pRM,NA,2021-07-19T18:55:11Z,2021-07-19T18:55:11Z,1,ExitSurvey,2021-07-19T19:11:33Z,finished,NA,NA,NA,2021-07-19T18:44:41Z,Repi,/avatars/jdenticon/Samuel,#8138A8,3.0053005000000006,red_4,4562,"red_3,red_4,red_10,red_5,red_11,red_6",0.040004,1,4,NA,NA
mm2o3g9W5Njogi4YG,NA,NA,NA,NA,NA,2021-07-19T18:59:24Z,gameFull,NA,2021-07-19T19:04:28Z,gameFull,2021-07-19T18:53:42Z,NA,NA,NA,NA,NA,NA,NA,NA,NA,NA,NA,NA
oc69G52JjStmimSB2,NA,2021-07-23T16:35:15Z,2021-07-23T16:35:15Z,1,"Sorry,ExitSurvey",2021-07-23T16:40:28Z,failed,Failed on onStageEnd callback,NA,NA,2021-07-23T16:32:42Z,Laju,/avatars/jdenticon/Katherine,#3D45B7,1.1,white_5,693,"white_2,white_8,white_11,white_5,white_9,white_10",0.11333333333333334,2,5.666666666666667,NA,NA
7QYGXy24M82Rb32E8,NA,2021-07-23T16:37:29Z,2021-07-23T16:37:29Z,1,ExitSurvey,2021-07-23T16:44:21Z,finished,NA,NA,NA,2021-07-23T16:32:44Z,Repi,/avatars/jdenticon/Samuel,#8138A8,6.98,white_9,1307,"white_5,white_2,white_9,white_12,white_10,white_4",0.22,3,11,NA,NA
ds2uMKRNgofK6XALZ,NA,NA,NA,NA,"Sorry,ExitSurvey",2021-07-23T17:09:28Z,cancelled,adminCancelled,2021-07-23T16:46:17Z,custom,2021-07-23T16:32:46Z,NA,NA,NA,NA,NA,NA,NA,NA,NA,NA,NA,NA
QB9re5wgfmiGLty3F,NA,2021-07-23T16:38:45Z,2021-07-23T16:38:45Z,1,"Sorry,ExitSurvey",2021-07-23T16:42:24Z,failed,Failed on onStageEnd callback,NA,NA,2021-07-23T16:32:47Z,Repi,/avatars/jdenticon/Samuel,#8138A8,0.37333333333333335,purple_8,8191,"purple_12,purple_1,purple_9,purple_10,purple_7,purple_8",0.14,2,7,NA,NA
nvWkQEBFsQz66SWxt,NA,2021-07-23T16:38:34Z,2021-07-23T16:38:34Z,1,"Sorry,ExitSurvey",2021-07-23T16:42:24Z,failed,Failed on onStageEnd callback,NA,NA,2021-07-23T16:32:50Z,Laju,/avatars/jdenticon/Katherine,#3D45B7,0.37333333333333335,purple_12,2369,"purple_8,purple_9,purple_10,purple_1,purple_12,purple_7",0.14,2,7,NA,NA
B9SfCkFfy46qAQjoH,NA,2021-07-23T16:36:36Z,2021-07-23T16:36:36Z,1,ExitSurvey,2021-07-23T16:44:21Z,finished,NA,NA,NA,2021-07-23T16:32:51Z,Minu,/avatars/jdenticon/Alaina,#7ACC66,6.98,white_4,1479,"white_4,white_2,white_10,white_12,white_9,white_5",0.22,3,11,NA,NA
Qn9ixdJ4uqRMW83vk,NA,2021-07-23T16:35:46Z,2021-07-23T16:35:46Z,1,"Sorry,ExitSurvey",2021-07-23T16:40:28Z,failed,Failed on onStageEnd callback,NA,NA,2021-07-23T16:32:56Z,Minu,/avatars/jdenticon/Alaina,#7ACC66,1.1,white_9,1759,"white_8,white_10,white_5,white_9,white_11,white_2",0.11333333333333334,2,5.666666666666667,NA,NA
hfo5EPmJ3Y9AFzQZj,NA,2021-07-23T16:36:02Z,2021-07-23T16:36:02Z,1,ExitSurvey,2021-07-23T16:44:21Z,finished,NA,NA,NA,2021-07-23T16:32:58Z,Laju,/avatars/jdenticon/Katherine,#3D45B7,6.98,white_5,1374,"white_4,white_2,white_10,white_12,white_5,white_9",0.22,3,11,NA,NA
N7EYBSf3Ds9jMaWgn,NA,2021-07-23T16:35:59Z,2021-07-23T16:35:59Z,1,"Sorry,ExitSurvey",2021-07-23T16:40:28Z,failed,Failed on onStageEnd callback,NA,NA,2021-07-23T16:32:59Z,Repi,/avatars/jdenticon/Samuel,#8138A8,1.1,false,NA,"white_9,white_10,white_11,white_8,white_2,white_5",0.11333333333333334,2,5.666666666666667,NA,NA
TstCGL8qdFTEN2K4f,NA,2021-07-23T16:37:53Z,2021-07-23T16:37:53Z,1,NA,2021-07-23T16:42:24Z,failed,Failed on onStageEnd callback,NA,NA,2021-07-23T16:33:02Z,Minu,/avatars/jdenticon/Alaina,#7ACC66,0.37333333333333335,false,NA,"purple_12,purple_9,purple_1,purple_8,purple_7,purple_10",0.14,2,7,NA,NA
YrTqDhJdpFKnizeLf,NA,2021-07-23T16:39:56Z,2021-07-23T16:39:56Z,1,ExitSurvey,2021-07-23T16:49:41Z,finished,NA,NA,NA,2021-07-23T16:33:15Z,Minu,/avatars/jdenticon/Alaina,#7ACC66,6.173333333333336,white_12,5732,"white_2,white_3,white_11,white_4,white_12,white_7",0.2066666666666667,3,10.333333333333334,NA,NA
uDAioMYbGQ5g7t9Dm,NA,2021-07-23T16:39:57Z,2021-07-23T16:39:57Z,1,ExitSurvey,2021-07-23T16:49:41Z,finished,NA,NA,NA,2021-07-23T16:33:27Z,Laju,/avatars/jdenticon/Katherine,#3D45B7,6.173333333333336,white_3,3353,"white_2,white_11,white_12,white_7,white_4,white_3",0.2066666666666667,3,10.333333333333334,NA,NA
3rWCy7R4rhEYqEk6m,NA,2021-07-23T16:41:51Z,2021-07-23T16:41:51Z,1,ExitSurvey,2021-07-23T16:49:32Z,finished,NA,NA,NA,2021-07-23T16:34:23Z,Repi,/avatars/jdenticon/Samuel,#8138A8,6.8866666666666685,white_6,573,"white_12,white_4,white_7,white_8,white_11,white_6",0.08666666666666666,2,4.333333333333333,NA,NA
NAXNzn8WaxEoqRmJj,NA,2021-07-23T16:42:02Z,2021-07-23T16:42:02Z,1,ExitSurvey,2021-07-23T16:49:32Z,finished,NA,NA,NA,2021-07-23T16:37:32Z,Minu,/avatars/jdenticon/Alaina,#7ACC66,6.8866666666666685,white_4,1073,"white_7,white_4,white_8,white_11,white_6,white_12",0.08666666666666666,2,4.333333333333333,NA,NA
RF8TuBnN6m5LLEwgY,NA,2021-07-23T16:42:14Z,2021-07-23T16:42:14Z,1,ExitSurvey,2021-07-23T16:49:32Z,finished,NA,NA,NA,2021-07-23T16:38:50Z,Laju,/avatars/jdenticon/Katherine,#3D45B7,6.8866666666666685,white_6,3902,"white_4,white_6,white_7,white_8,white_11,white_12",0.08666666666666666,2,4.333333333333333,NA,NA
ognjrmeJqSCrt7GNp,NA,2021-07-23T16:44:39Z,2021-07-23T16:44:39Z,1,ExitSurvey,2021-07-23T16:54:58Z,finished,NA,NA,NA,2021-07-23T16:38:52Z,Laju,/avatars/jdenticon/Katherine,#3D45B7,6.666666666666665,white_7,1602,"white_11,white_7,white_1,white_4,white_12,white_5",0.12,2,6,NA,NA
BEQuey8MKeqnCcPBS,NA,2021-07-23T16:43:56Z,2021-07-23T16:43:56Z,1,"Sorry,ExitSurvey",2021-07-23T17:07:05Z,failed,Failed on onStageEnd callback,NA,NA,2021-07-23T16:38:55Z,Minu,/avatars/jdenticon/Alaina,#7ACC66,0,false,NA,"white_6,white_11,white_8,white_3,white_9,white_4",NA,NA,NA,NA,NA
hPkBZGZAEm2Gfikdo,NA,2021-07-23T16:46:21Z,2021-07-23T16:46:21Z,1,ExitSurvey,2021-07-23T16:54:58Z,finished,NA,NA,NA,2021-07-23T16:38:58Z,Minu,/avatars/jdenticon/Alaina,#7ACC66,6.666666666666665,white_4,4417,"white_5,white_11,white_12,white_4,white_7,white_1",0.12,2,6,NA,NA
ADXciqEZpskpLa4pY,NA,2021-07-23T16:41:07Z,2021-07-23T16:41:07Z,1,ExitSurvey,2021-07-23T16:49:41Z,finished,NA,NA,NA,2021-07-23T16:38:59Z,Repi,/avatars/jdenticon/Samuel,#8138A8,6.173333333333336,white_2,1690,"white_4,white_2,white_12,white_3,white_11,white_7",0.2066666666666667,3,10.333333333333334,NA,NA
E75Bg7aTEPrNXuo8B,NA,2021-07-23T16:47:48Z,2021-07-23T16:47:48Z,1,"Sorry,ExitSurvey",2021-07-23T16:53:12Z,failed,Failed on onStageEnd callback,NA,NA,2021-07-23T16:40:01Z,Repi,/avatars/jdenticon/Samuel,#8138A8,1.2666666666666666,yellow_5,-8519,"yellow_6,yellow_2,yellow_12,yellow_7,yellow_4,yellow_5",0.12666666666666665,2,6.333333333333333,8713,TRUE
hbw3NjMS22hPG6KFF,NA,2021-07-23T16:57:56Z,2021-07-23T16:57:56Z,1,ExitSurvey,2021-07-23T17:10:05Z,finished,NA,NA,NA,2021-07-23T16:40:02Z,Laju,/avatars/jdenticon/Katherine,#3D45B7,7.013333333333332,white_3,6475,"white_2,white_11,white_3,white_6,white_7,white_4",0.19333333333333333,3,9.666666666666666,NA,NA
Dyhss9ZhzJKynGEEJ,NA,2021-07-23T16:46:44Z,2021-07-23T16:46:44Z,1,"Sorry,ExitSurvey",2021-07-23T16:54:57Z,failed,Failed on onStageEnd callback,NA,NA,2021-07-23T16:40:18Z,Repi,/avatars/jdenticon/Samuel,#8138A8,1.0533333333333332,purple_12,1651,"purple_11,purple_12,purple_1,purple_8,purple_9,purple_6",0.14666666666666667,3,7.333333333333333,8239,TRUE
HrWWLJMvWe7zCW6ec,NA,2021-07-23T16:46:10Z,2021-07-23T16:46:10Z,1,ExitSurvey,2021-07-23T16:54:58Z,finished,NA,NA,NA,2021-07-23T16:40:25Z,Repi,/avatars/jdenticon/Samuel,#8138A8,6.666666666666665,white_7,-823,"white_12,white_5,white_1,white_7,white_11,white_4",0.12,2,6,NA,NA
y89TvuHAxAMHccN2k,NA,NA,NA,NA,NA,2021-07-23T17:09:28Z,gameFull,NA,NA,NA,2021-07-23T16:40:31Z,NA,NA,NA,NA,NA,NA,NA,NA,NA,NA,NA,NA
HJgoCwD7zQSdrArYp,NA,2021-07-23T16:47:26Z,2021-07-23T16:47:26Z,1,"Sorry,ExitSurvey",2021-07-23T16:54:57Z,failed,Failed on onStageEnd callback,NA,NA,2021-07-23T16:40:38Z,Minu,/avatars/jdenticon/Alaina,#7ACC66,1.0533333333333332,purple_9,7263,"purple_11,purple_6,purple_9,purple_8,purple_1,purple_12",0.14666666666666667,3,7.333333333333333,7636,TRUE
SqhdAyq7XDqavBgnv,NA,2021-07-23T16:47:46Z,2021-07-23T16:47:46Z,1,"Sorry,ExitSurvey",2021-07-23T16:53:12Z,failed,Failed on onStageEnd callback,NA,NA,2021-07-23T16:40:46Z,Minu,/avatars/jdenticon/Alaina,#7ACC66,1.2666666666666666,yellow_12,3045,"yellow_2,yellow_12,yellow_5,yellow_4,yellow_6,yellow_7",0.12666666666666665,2,6.333333333333333,8832,TRUE
Zyp2BouieuyW8sEkv,NA,2021-07-23T16:48:40Z,2021-07-23T16:48:40Z,1,NA,2021-07-23T16:53:12Z,failed,Failed on onStageEnd callback,NA,NA,2021-07-23T16:41:34Z,Laju,/avatars/jdenticon/Katherine,#3D45B7,1.2666666666666666,false,NA,"yellow_2,yellow_4,yellow_7,yellow_12,yellow_5,yellow_6",0.12666666666666665,2,6.333333333333333,NA,NA
bf22RWcDzrst7CuQ8,NA,2021-07-23T16:52:56Z,2021-07-23T16:52:56Z,1,ExitSurvey,2021-07-23T17:02:56Z,finished,NA,NA,NA,2021-07-23T16:42:26Z,Minu,/avatars/jdenticon/Alaina,#7ACC66,5.746666666666666,yellow_2,3153,"yellow_2,yellow_8,yellow_6,yellow_4,yellow_5,yellow_12",0.08,1,4,NA,NA
QkuRpi5JwnjNAfrfo,NA,2021-07-23T16:47:33Z,2021-07-23T16:47:33Z,1,NA,2021-07-23T16:54:57Z,failed,Failed on onStageEnd callback,NA,NA,2021-07-23T16:43:01Z,Laju,/avatars/jdenticon/Katherine,#3D45B7,1.0533333333333332,false,NA,"purple_1,purple_9,purple_11,purple_8,purple_12,purple_6",0.14666666666666667,3,7.333333333333333,NA,NA
88itDnHA42A3xM9q2,NA,2021-07-23T16:51:52Z,2021-07-23T16:51:52Z,1,ExitSurvey,2021-07-23T17:02:56Z,finished,NA,NA,NA,2021-07-23T16:44:08Z,Repi,/avatars/jdenticon/Samuel,#8138A8,5.746666666666666,yellow_2,1604,"yellow_4,yellow_2,yellow_5,yellow_12,yellow_8,yellow_6",0.08,1,4,NA,NA
hS4vjRuNqWnfHC94r,NA,2021-07-23T16:53:52Z,2021-07-23T16:53:52Z,1,ExitSurvey,2021-07-23T17:02:56Z,finished,NA,NA,NA,2021-07-23T16:49:34Z,Laju,/avatars/jdenticon/Katherine,#3D45B7,5.746666666666666,yellow_2,1620,"yellow_6,yellow_4,yellow_8,yellow_12,yellow_5,yellow_2",0.08,1,4,NA,NA
jaS8DsFgXaxoezXGF,NA,NA,NA,NA,NA,2021-07-23T17:09:28Z,gameFull,NA,NA,NA,2021-07-23T16:50:36Z,NA,NA,NA,NA,NA,NA,NA,NA,NA,NA,NA,NA
6nN5jtDyBpx44jbwy,NA,2021-07-23T16:55:39Z,2021-07-23T16:55:39Z,1,ExitSurvey,2021-07-23T17:03:08Z,finished,NA,NA,NA,2021-07-23T16:50:39Z,Repi,/avatars/jdenticon/Samuel,#8138A8,7.246666666666668,yellow_10,-11621,"yellow_3,yellow_1,yellow_10,yellow_6,yellow_11,yellow_7",0.13333333333333333,2,6.666666666666667,NA,NA
jDy5F5KE3bB7QtSpC,NA,2021-07-23T17:00:12Z,2021-07-23T17:00:12Z,1,ExitSurvey,2021-07-23T17:08:22Z,finished,NA,NA,NA,2021-07-23T16:50:40Z,Laju,/avatars/jdenticon/Katherine,#3D45B7,6.0933333333333355,white_7,450,"white_9,white_7,white_11,white_1,white_12,white_2",0.13333333333333333,3,6.666666666666667,NA,NA
BfkQKb3jviFjn3QAM,NA,2021-07-23T17:04:35Z,2021-07-23T17:04:35Z,1,ExitSurvey,2021-07-23T17:13:03Z,finished,NA,NA,NA,2021-07-23T16:50:46Z,Repi,/avatars/jdenticon/Samuel,#8138A8,6.793333333333332,yellow_6,8168,"yellow_10,yellow_9,yellow_2,yellow_8,yellow_7,yellow_6",0.12666666666666665,2,6.333333333333333,NA,NA
dDbuWnfCrwpHkbsRg,NA,2021-07-23T16:58:19Z,2021-07-23T16:58:19Z,1,ExitSurvey,2021-07-23T17:10:05Z,finished,NA,NA,NA,2021-07-23T16:50:47Z,Repi,/avatars/jdenticon/Samuel,#8138A8,7.013333333333332,white_7,1764,"white_7,white_2,white_6,white_3,white_11,white_4",0.19333333333333333,3,9.666666666666666,NA,NA
E78pfsFWs66WjEqhW,NA,2021-07-23T16:58:51Z,2021-07-23T16:58:51Z,1,ExitSurvey,2021-07-23T17:08:10Z,finished,NA,NA,NA,2021-07-23T16:50:51Z,Minu,/avatars/jdenticon/Alaina,#7ACC66,5.959999999999999,red_7,1848,"red_6,red_9,red_11,red_7,red_8,red_12",0.16,3,8,NA,NA
Esz3BJgX4xte73aPP,NA,2021-07-23T16:55:12Z,2021-07-23T16:55:12Z,1,ExitSurvey,2021-07-23T17:03:08Z,finished,NA,NA,NA,2021-07-23T16:50:51Z,Minu,/avatars/jdenticon/Alaina,#7ACC66,7.246666666666668,yellow_10,1198,"yellow_11,yellow_7,yellow_1,yellow_3,yellow_10,yellow_6",0.13333333333333333,2,6.666666666666667,NA,NA
MoffctnGjby2hyGhf,NA,2021-07-23T16:56:52Z,2021-07-23T16:56:52Z,1,ExitSurvey,2021-07-23T17:04:20Z,finished,NA,NA,NA,2021-07-23T16:50:51Z,Minu,/avatars/jdenticon/Alaina,#7ACC66,6.973333333333334,yellow_8,1681,"yellow_3,yellow_7,yellow_8,yellow_1,yellow_2,yellow_9",0.14,2,7,NA,NA
SFbtuPNhbjNBaPnvf,NA,2021-07-23T16:55:25Z,2021-07-23T16:55:25Z,1,ExitSurvey,2021-07-23T17:03:08Z,finished,NA,NA,NA,2021-07-23T16:50:59Z,Laju,/avatars/jdenticon/Katherine,#3D45B7,7.246666666666668,yellow_6,1804,"yellow_11,yellow_10,yellow_7,yellow_6,yellow_3,yellow_1",0.13333333333333333,2,6.666666666666667,NA,NA
HHzZRioDjDnoot6aj,NA,2021-07-23T17:00:57Z,2021-07-23T17:00:57Z,1,ExitSurvey,2021-07-23T17:08:22Z,finished,NA,NA,NA,2021-07-23T16:51:17Z,Repi,/avatars/jdenticon/Samuel,#8138A8,6.0933333333333355,white_2,232,"white_9,white_2,white_12,white_7,white_11,white_1",0.13333333333333333,3,6.666666666666667,NA,NA
wuHYu7fPyyYorsXju,NA,2021-07-23T16:56:13Z,2021-07-23T16:56:13Z,1,ExitSurvey,2021-07-23T17:04:20Z,finished,NA,NA,NA,2021-07-23T16:51:18Z,Laju,/avatars/jdenticon/Katherine,#3D45B7,6.973333333333334,yellow_8,1479,"yellow_8,yellow_2,yellow_3,yellow_9,yellow_1,yellow_7",0.14,2,7,NA,NA
4WrsHH6tYWpKjYj2L,NA,2021-07-23T16:59:26Z,2021-07-23T16:59:26Z,1,ExitSurvey,2021-07-23T17:08:10Z,finished,NA,NA,NA,2021-07-23T16:51:19Z,Repi,/avatars/jdenticon/Samuel,#8138A8,5.959999999999999,red_11,1298,"red_7,red_9,red_8,red_11,red_6,red_12",0.16,3,8,NA,NA
FucM7ALrbZEpfycuE,NA,2021-07-23T16:57:06Z,2021-07-23T16:57:06Z,1,ExitSurvey,2021-07-23T17:04:20Z,finished,NA,NA,NA,2021-07-23T16:51:52Z,Repi,/avatars/jdenticon/Samuel,#8138A8,6.973333333333334,yellow_3,1747,"yellow_8,yellow_7,yellow_9,yellow_3,yellow_2,yellow_1",0.14,2,7,NA,NA
fXnW6X9q4nRqJG4aq,NA,2021-07-23T16:57:06Z,2021-07-23T16:57:06Z,1,ExitSurvey,2021-07-23T17:10:05Z,finished,NA,NA,NA,2021-07-23T16:52:18Z,Minu,/avatars/jdenticon/Alaina,#7ACC66,7.013333333333332,white_2,2866,"white_7,white_6,white_4,white_11,white_3,white_2",0.19333333333333333,3,9.666666666666666,NA,NA
M8Xvx6dYLJJ7KMQQQ,NA,2021-07-23T16:58:31Z,2021-07-23T16:58:31Z,1,ExitSurvey,2021-07-23T17:08:10Z,finished,NA,NA,NA,2021-07-23T16:54:03Z,Laju,/avatars/jdenticon/Katherine,#3D45B7,5.959999999999999,red_6,-19339,"red_11,red_12,red_8,red_9,red_6,red_7",0.16,3,8,NA,NA
WwpC2LRdQwpDbsxH4,NA,2021-07-23T17:01:23Z,2021-07-23T17:01:23Z,1,ExitSurvey,2021-07-23T17:08:22Z,finished,NA,NA,NA,2021-07-23T16:56:12Z,Minu,/avatars/jdenticon/Alaina,#7ACC66,6.0933333333333355,white_11,1027,"white_12,white_9,white_7,white_2,white_11,white_1",0.13333333333333333,3,6.666666666666667,NA,NA
nfSEndJ3cGwiFnYtz,NA,2021-07-23T17:02:55Z,2021-07-23T17:02:55Z,1,"Sorry,ExitSurvey",2021-07-23T17:07:05Z,failed,Failed on onStageEnd callback,NA,NA,2021-07-23T16:58:05Z,Laju,/avatars/jdenticon/Katherine,#3D45B7,0,white_3,9609,"white_9,white_3,white_11,white_6,white_8,white_4",NA,NA,NA,NA,NA
iXW8BsftHJAEYdd3T,NA,NA,NA,NA,"Sorry,ExitSurvey",2021-07-23T17:09:28Z,gameFull,NA,NA,NA,2021-07-23T17:00:03Z,NA,NA,NA,NA,NA,NA,NA,NA,NA,NA,NA,NA
me7iEtGN8fFRokvPg,NA,NA,NA,NA,"Sorry,ExitSurvey",2021-07-23T17:09:28Z,gameFull,NA,NA,NA,2021-07-23T17:01:21Z,NA,NA,NA,NA,NA,NA,NA,NA,NA,NA,NA,NA
eY2skYTfqaiZTMuS5,NA,2021-07-23T17:08:21Z,2021-07-23T17:08:21Z,1,ExitSurvey,2021-07-23T17:15:58Z,finished,NA,NA,NA,2021-07-23T17:01:26Z,Minu,/avatars/jdenticon/Alaina,#7ACC66,6.026666666666667,white_11,30518,"white_11,white_10,white_1,white_5,white_9,white_4",0.08666666666666666,2,4.333333333333333,NA,NA
8uiSdJDKwaBb8RGwB,NA,2021-07-23T17:03:30Z,2021-07-23T17:03:30Z,1,"Sorry,ExitSurvey",2021-07-23T17:07:05Z,failed,Failed on onStageEnd callback,NA,NA,2021-07-23T17:01:28Z,Repi,/avatars/jdenticon/Samuel,#8138A8,0,white_11,3651728,"white_11,white_8,white_4,white_9,white_6,white_3",NA,NA,NA,NA,NA
sMyHRzJg6xN4RMttb,NA,2021-07-23T17:06:55Z,2021-07-23T17:06:55Z,1,ExitSurvey,2021-07-23T17:15:27Z,finished,NA,NA,NA,2021-07-23T17:01:32Z,Laju,/avatars/jdenticon/Katherine,#3D45B7,5.84,red_6,-1133,"red_10,red_8,red_12,red_11,red_6,red_9",0.06666666666666667,1,3.3333333333333335,NA,NA
KBceqLEmZNGipbpP4,NA,2021-07-23T17:04:39Z,2021-07-23T17:04:39Z,1,ExitSurvey,2021-07-23T17:13:03Z,finished,NA,NA,NA,2021-07-23T17:01:36Z,Minu,/avatars/jdenticon/Alaina,#7ACC66,6.793333333333332,yellow_7,3870,"yellow_2,yellow_7,yellow_6,yellow_10,yellow_8,yellow_9",0.12666666666666665,2,6.333333333333333,NA,NA
QruMEZRqxuSgdRvRv,NA,2021-07-23T17:05:28Z,2021-07-23T17:05:28Z,1,ExitSurvey,2021-07-23T17:13:06Z,finished,NA,NA,NA,2021-07-23T17:01:40Z,Repi,/avatars/jdenticon/Samuel,#8138A8,6.660000000000002,white_9,142453,"white_12,white_3,white_8,white_11,white_2,white_9",0.16666666666666669,3,8.333333333333334,NA,NA
fW7NBdzzXyZS5wy4r,NA,2021-07-23T17:04:44Z,2021-07-23T17:04:44Z,1,ExitSurvey,2021-07-23T17:13:03Z,finished,NA,NA,NA,2021-07-23T17:01:42Z,Laju,/avatars/jdenticon/Katherine,#3D45B7,6.793333333333332,yellow_7,1700,"yellow_8,yellow_7,yellow_10,yellow_9,yellow_2,yellow_6",0.12666666666666665,2,6.333333333333333,NA,NA
rNAy3sj2cTwXnko69,NA,2021-07-23T17:05:29Z,2021-07-23T17:05:29Z,1,ExitSurvey,2021-07-23T17:13:06Z,finished,NA,NA,NA,2021-07-23T17:01:42Z,Minu,/avatars/jdenticon/Alaina,#7ACC66,6.660000000000002,white_3,1782,"white_8,white_9,white_11,white_2,white_12,white_3",0.16666666666666669,3,8.333333333333334,NA,NA
kNSR5gfPNz5ZPjeCG,NA,2021-07-23T17:07:34Z,2021-07-23T17:07:34Z,1,ExitSurvey,2021-07-23T17:14:49Z,finished,NA,NA,NA,2021-07-23T17:01:43Z,Laju,/avatars/jdenticon/Katherine,#3D45B7,6.26,yellow_12,1793,"yellow_12,yellow_5,yellow_1,yellow_3,yellow_2,yellow_7",0.19333333333333333,3,9.666666666666666,NA,NA
G6Z6Yxjh52x52q9Bd,NA,2021-07-23T17:07:12Z,2021-07-23T17:07:12Z,1,ExitSurvey,2021-07-23T17:15:27Z,finished,NA,NA,NA,2021-07-23T17:01:54Z,Repi,/avatars/jdenticon/Samuel,#8138A8,5.84,red_6,2251,"red_6,red_12,red_8,red_9,red_11,red_10",0.06666666666666667,1,3.3333333333333335,NA,NA
cRtBKpDnajNyNh6Zn,NA,2021-07-23T17:07:51Z,2021-07-23T17:07:51Z,1,ExitSurvey,2021-07-23T17:15:58Z,finished,NA,NA,NA,2021-07-23T17:01:58Z,Repi,/avatars/jdenticon/Samuel,#8138A8,6.026666666666667,white_1,7658,"white_10,white_11,white_1,white_9,white_5,white_4",0.08666666666666666,2,4.333333333333333,NA,NA
aRy976KcJEd8cuCxR,NA,2021-07-23T17:07:33Z,2021-07-23T17:07:33Z,1,ExitSurvey,2021-07-23T17:14:49Z,finished,NA,NA,NA,2021-07-23T17:02:06Z,Repi,/avatars/jdenticon/Samuel,#8138A8,6.26,yellow_5,1861,"yellow_3,yellow_2,yellow_1,yellow_7,yellow_5,yellow_12",0.19333333333333333,3,9.666666666666666,NA,NA
d8GPBAK4ZaA6jQh3c,NA,2021-07-23T17:06:21Z,2021-07-23T17:06:21Z,1,ExitSurvey,2021-07-23T17:15:27Z,finished,NA,NA,NA,2021-07-23T17:02:07Z,Minu,/avatars/jdenticon/Alaina,#7ACC66,5.84,red_6,2392,"red_8,red_9,red_11,red_12,red_10,red_6",0.06666666666666667,1,3.3333333333333335,NA,NA
uEF3WPP8Wr2AiHrjr,NA,2021-07-23T17:05:05Z,2021-07-23T17:05:05Z,1,ExitSurvey,2021-07-23T17:13:06Z,finished,NA,NA,NA,2021-07-23T17:02:08Z,Laju,/avatars/jdenticon/Katherine,#3D45B7,6.660000000000002,white_8,2450,"white_9,white_11,white_3,white_2,white_12,white_8",0.16666666666666669,3,8.333333333333334,NA,NA
gxzXoDQNKsurkgfBw,NA,2021-07-23T17:07:27Z,2021-07-23T17:07:27Z,1,ExitSurvey,2021-07-23T17:14:49Z,finished,NA,NA,NA,2021-07-23T17:02:39Z,Minu,/avatars/jdenticon/Alaina,#7ACC66,6.26,yellow_2,1230,"yellow_2,yellow_5,yellow_12,yellow_7,yellow_3,yellow_1",0.19333333333333333,3,9.666666666666666,NA,NA
ejcjLrQYBqyePjZy3,NA,2021-07-23T17:07:45Z,2021-07-23T17:07:45Z,1,ExitSurvey,2021-07-23T17:15:58Z,finished,NA,NA,NA,2021-07-23T17:02:58Z,Laju,/avatars/jdenticon/Katherine,#3D45B7,6.026666666666667,white_1,1410,"white_9,white_4,white_11,white_5,white_10,white_1",0.08666666666666666,2,4.333333333333333,NA,NA
6bDT7aWved6EtiKDG,NA,NA,NA,NA,"Sorry,ExitSurvey",2021-07-23T17:09:28Z,gameFull,NA,NA,NA,2021-07-23T17:03:49Z,NA,NA,NA,NA,NA,NA,NA,NA,NA,NA,NA,NA
KELZXttczQxWGMXrM,NA,NA,NA,NA,"Sorry,ExitSurvey",2021-07-23T17:08:21Z,gameFull,NA,NA,NA,2021-07-23T17:04:31Z,NA,NA,NA,NA,NA,NA,NA,NA,NA,NA,NA,NA
gZPD9Yt4EdoSmS3T4,NA,NA,NA,NA,"Sorry,ExitSurvey",2021-07-23T17:09:28Z,gameFull,NA,NA,NA,2021-07-23T17:04:44Z,NA,NA,NA,NA,NA,NA,NA,NA,NA,NA,NA,NA
abguAkpKKd2QTfS3y,NA,NA,NA,NA,"Sorry,ExitSurvey",2021-07-23T17:09:28Z,gameFull,NA,NA,NA,2021-07-23T17:05:13Z,NA,NA,NA,NA,NA,NA,NA,NA,NA,NA,NA,NA
pC3zCwiFyCFD6siWo,NA,2021-06-29T15:17:20Z,2021-06-29T15:17:20Z,1,ExitSurvey,2021-06-29T15:42:49Z,finished,NA,NA,NA,2021-06-29T15:14:06Z,Laju,/avatars/jdenticon/Katherine,#3D45B7,1.7460000000000007,purple_10,5300,"purple_1,purple_4,purple_7,purple_3,purple_11,purple_10",0.03,2,20,NA,NA
qGZ6HcXYeYgshiPmH,NA,2021-06-29T15:20:39Z,2021-06-29T15:20:39Z,1,ExitSurvey,2021-06-29T15:43:47Z,finished,NA,NA,NA,2021-06-29T15:14:07Z,Laju,/avatars/jdenticon/Katherine,#3D45B7,2.127000000000001,white_7,14518,"white_9,white_7,white_6,white_1,white_11,white_4",0.0495,3,33,NA,NA
P5RE77g8pm2dtqawA,NA,2021-06-29T15:17:35Z,2021-06-29T15:17:35Z,1,ExitSurvey,2021-06-29T15:42:49Z,finished,NA,NA,NA,2021-06-29T15:14:08Z,Repi,/avatars/jdenticon/Samuel,#8138A8,1.5030000000000003,purple_1,16703,"purple_11,purple_7,purple_3,purple_10,purple_1,purple_4",0.012,1,8,NA,NA
9EbggWY5eJWruGqJG,NA,2021-06-29T15:21:28Z,2021-06-29T15:21:28Z,1,ExitSurvey,2021-06-29T15:47:02Z,finished,NA,NA,NA,2021-06-29T15:14:13Z,Minu,/avatars/jdenticon/Alaina,#7ACC66,2.1015,purple_10,33982,"purple_8,purple_11,purple_1,purple_10,purple_12,purple_7",0.045,3,30,NA,NA
J8JGEiFgXBdWxNTDw,NA,NA,NA,NA,NA,2021-06-29T15:22:12Z,gameFull,NA,2021-06-29T15:27:56Z,gameFull,2021-06-29T15:14:13Z,NA,NA,NA,NA,NA,NA,NA,NA,NA,NA,NA,NA
uc4ByKKGRrb7R7ARW,NA,2021-06-29T15:19:16Z,2021-06-29T15:19:16Z,1,ExitSurvey,2021-06-29T15:52:36Z,finished,NA,NA,NA,2021-06-29T15:14:14Z,Laju,/avatars/jdenticon/Katherine,#3D45B7,2.0100000000000007,white_11,18432,"white_8,white_7,white_1,white_10,white_2,white_11",0.045,3,30,NA,NA
bTQTvtfRHrBMramdR,NA,2021-06-29T15:19:27Z,2021-06-29T15:19:27Z,1,ExitSurvey,2021-06-29T15:52:36Z,finished,NA,NA,NA,2021-06-29T15:14:17Z,Repi,/avatars/jdenticon/Samuel,#8138A8,1.9560000000000004,white_11,22846,"white_2,white_7,white_10,white_11,white_8,white_1",0.045,3,30,NA,NA
cHzxXyJndfavAZomQ,NA,NA,NA,NA,NA,2021-06-29T15:22:12Z,gameFull,NA,2021-06-29T15:27:56Z,gameFull,2021-06-29T15:14:23Z,NA,NA,NA,NA,NA,NA,NA,NA,NA,NA,NA,NA
8tuNKShzayef5Ysjb,NA,2021-06-29T15:21:31Z,2021-06-29T15:21:31Z,1,ExitSurvey,2021-06-29T15:47:02Z,finished,NA,NA,NA,2021-06-29T15:14:30Z,Repi,/avatars/jdenticon/Samuel,#8138A8,2.1420000000000003,purple_10,34158,"purple_1,purple_12,purple_7,purple_11,purple_10,purple_8",0.045,3,30,NA,NA
vEypwrN9hMxwzfCDS,NA,NA,NA,NA,NA,2021-06-29T15:22:12Z,gameFull,NA,2021-06-29T15:27:56Z,gameFull,2021-06-29T15:14:33Z,NA,NA,NA,NA,NA,NA,NA,NA,NA,NA,NA,NA
oTkbdCgvWKvaCqQb7,NA,2021-06-29T15:19:38Z,2021-06-29T15:19:38Z,1,ExitSurvey,2021-06-29T15:52:36Z,finished,NA,NA,NA,2021-06-29T15:14:41Z,Minu,/avatars/jdenticon/Alaina,#7ACC66,2.032500000000001,white_11,24010,"white_8,white_7,white_11,white_10,white_2,white_1",0.045,3,30,NA,NA
hn6WWuh6fDeCKfJPz,NA,NA,NA,NA,NA,2021-06-29T15:22:12Z,gameFull,NA,2021-06-29T15:27:56Z,gameFull,2021-06-29T15:14:44Z,NA,NA,NA,NA,NA,NA,NA,NA,NA,NA,NA,NA
YEiw6MqCWovNFp4Bq,NA,2021-06-29T15:18:40Z,2021-06-29T15:18:40Z,1,ExitSurvey,2021-06-29T15:42:49Z,finished,NA,NA,NA,2021-06-29T15:14:46Z,Minu,/avatars/jdenticon/Alaina,#7ACC66,1.6755000000000007,purple_10,39514,"purple_4,purple_11,purple_1,purple_3,purple_7,purple_10",0.03,2,20,NA,NA
dGZRCmnE7qCJsuwYP,NA,2021-06-29T15:22:01Z,NA,NA,ExitSurvey,2021-06-29T16:35:20Z,finished,NA,NA,NA,2021-06-29T15:14:51Z,Minu,/avatars/jdenticon/Alaina,#7ACC66,2.3415000000000004,yellow_10,69136,"yellow_5,yellow_10,yellow_12,yellow_11,yellow_2,yellow_3",0.036,3,24,NA,NA
ok3MeKEaWhdx8wuu8,NA,NA,NA,NA,NA,2021-06-29T15:22:12Z,gameFull,NA,2021-06-29T15:27:56Z,gameFull,2021-06-29T15:14:51Z,NA,NA,NA,NA,NA,NA,NA,NA,NA,NA,NA,NA
HeXYRpJ7znQZ6BP6v,NA,2021-06-29T15:20:35Z,2021-06-29T15:20:35Z,1,ExitSurvey,2021-06-29T15:43:47Z,finished,NA,NA,NA,2021-06-29T15:14:54Z,Repi,/avatars/jdenticon/Samuel,#8138A8,2.1360000000000015,white_7,13115,"white_4,white_9,white_1,white_6,white_7,white_11",0.0495,3,33,NA,NA
kdsKqKyWdXwmeE6WR,NA,2021-06-29T15:20:36Z,2021-06-29T15:20:36Z,1,ExitSurvey,2021-06-29T15:43:47Z,finished,NA,NA,NA,2021-06-29T15:15:08Z,Minu,/avatars/jdenticon/Alaina,#7ACC66,2.1210000000000013,white_7,13967,"white_11,white_4,white_9,white_7,white_6,white_1",0.0495,3,33,NA,NA
tCeuNLPHtpWrzutp9,NA,2021-06-29T15:21:10Z,2021-06-29T15:21:10Z,1,ExitSurvey,2021-06-29T15:47:02Z,finished,NA,NA,NA,2021-06-29T15:15:12Z,Laju,/avatars/jdenticon/Katherine,#3D45B7,2.1735000000000007,purple_10,35674,"purple_12,purple_10,purple_1,purple_11,purple_8,purple_7",0.045,3,30,NA,NA
5SHesZ448NYq7uwhG,NA,NA,NA,NA,NA,2021-06-29T15:22:12Z,gameFull,NA,2021-06-29T15:27:56Z,gameFull,2021-06-29T15:15:14Z,NA,NA,NA,NA,NA,NA,NA,NA,NA,NA,NA,NA
rSdBjHwfmWwz3Zwxq,NA,2021-06-29T15:22:07Z,NA,NA,ExitSurvey,2021-06-29T16:35:20Z,finished,NA,NA,NA,2021-06-29T15:15:45Z,Laju,/avatars/jdenticon/Katherine,#3D45B7,2.3535000000000004,yellow_10,34796,"yellow_10,yellow_5,yellow_3,yellow_11,yellow_12,yellow_2",0.036,3,24,NA,NA
Sa4yM9TwAPpPZLfph,NA,NA,NA,NA,NA,2021-06-29T15:22:12Z,gameFull,NA,2021-06-29T15:27:56Z,gameFull,2021-06-29T15:15:48Z,NA,NA,NA,NA,NA,NA,NA,NA,NA,NA,NA,NA
5rd4auhHb3DNW9HyL,NA,NA,NA,NA,NA,2021-06-29T15:22:12Z,gameFull,NA,2021-06-29T15:27:56Z,gameFull,2021-06-29T15:16:58Z,NA,NA,NA,NA,NA,NA,NA,NA,NA,NA,NA,NA
W5Rugu8ZJ3ezTAgvy,NA,2021-06-29T15:22:13Z,NA,NA,ExitSurvey,2021-06-29T16:35:20Z,finished,NA,NA,NA,2021-06-29T15:17:01Z,Repi,/avatars/jdenticon/Samuel,#8138A8,2.3535000000000004,yellow_10,38954,"yellow_12,yellow_10,yellow_11,yellow_3,yellow_2,yellow_5",0.036,3,24,NA,NA
G7rpanrpf48PW8KaF,NA,NA,NA,NA,NA,2021-06-29T15:22:12Z,gameFull,NA,2021-06-29T15:27:56Z,gameFull,2021-06-29T15:17:40Z,NA,NA,NA,NA,NA,NA,NA,NA,NA,NA,NA,NA
XKvTn46Ghq5eQhE7a,NA,NA,NA,NA,NA,2021-06-29T15:22:12Z,gameFull,NA,2021-06-29T15:27:56Z,gameFull,2021-06-29T15:18:47Z,NA,NA,NA,NA,NA,NA,NA,NA,NA,NA,NA,NA
n7pvM9uSdjnPyAmam,NA,NA,NA,NA,NA,2021-06-29T15:22:12Z,gameFull,NA,2021-06-29T15:27:56Z,gameFull,2021-06-29T15:19:22Z,NA,NA,NA,NA,NA,NA,NA,NA,NA,NA,NA,NA
9sQixCo6CbEkDnDM3,NA,NA,NA,NA,NA,2021-06-29T15:22:12Z,gameFull,NA,2021-06-29T15:27:56Z,gameFull,2021-06-29T15:20:21Z,NA,NA,NA,NA,NA,NA,NA,NA,NA,NA,NA,NA
SKWQPkZ2HtvFefYTK,NA,2021-06-29T15:41:44Z,2021-06-29T15:41:44Z,1,ExitSurvey,2021-06-29T15:55:09Z,finished,NA,NA,NA,2021-06-29T15:28:02Z,Minu,/avatars/jdenticon/Alaina,#7ACC66,1.645,white_3,1923,"white_10,white_9,white_2,white_3,white_11,white_6",0.015,1,3,NA,NA
E3CeTe3jT38HfubvS,NA,NA,NA,NA,NA,2021-06-29T16:08:23Z,cancelled,adminCancelled,NA,NA,2021-06-29T15:28:45Z,NA,NA,NA,NA,NA,NA,NA,NA,NA,NA,NA,NA
pjA4f6As8cAmCxWap,NA,2021-06-29T15:35:45Z,2021-06-29T15:35:45Z,1,ExitSurvey,2021-06-29T15:55:09Z,finished,NA,NA,NA,2021-06-29T15:31:07Z,Laju,/avatars/jdenticon/Katherine,#3D45B7,1.8025000000000002,white_9,1894,"white_9,white_6,white_2,white_3,white_11,white_10",0.03,2,6,NA,NA
cThtpskLDmXpqdyAP,NA,NA,NA,NA,NA,2021-06-29T16:08:23Z,gameFull,NA,NA,NA,2021-06-29T15:31:51Z,NA,NA,NA,NA,NA,NA,NA,NA,NA,NA,NA,NA
RdPK8e4LCw5LqZBMr,NA,2021-06-29T15:47:59Z,2021-06-29T15:47:59Z,1,NA,2021-06-29T16:03:12Z,custom,It looks like one of your partners disconnected before you could finish the experiment!,NA,NA,2021-06-29T15:34:28Z,Laju,/avatars/jdenticon/Katherine,#3D45B7,0.10500000000000001,yellow_11,4292,"yellow_11,yellow_8,yellow_6,yellow_4,yellow_12,yellow_1",0.025,1,5,10762,TRUE
PaLwLpZj4Zvfsn7gN,NA,2021-06-29T15:38:46Z,2021-06-29T15:38:46Z,1,ExitSurvey,2021-06-29T15:55:09Z,finished,NA,NA,NA,2021-06-29T15:34:40Z,Repi,/avatars/jdenticon/Samuel,#8138A8,1.7475,white_9,2834,"white_10,white_3,white_2,white_11,white_6,white_9",0.03,2,6,NA,NA
CtYHeSzgGLySWPJ7M,NA,2021-06-29T15:53:00Z,2021-06-29T15:53:00Z,1,NA,2021-06-29T16:02:00Z,custom,It looks like one of your partners disconnected before you could finish the experiment!,NA,NA,2021-06-29T15:42:45Z,Minu,/avatars/jdenticon/Alaina,#7ACC66,0.16749999999999998,false,NA,"yellow_12,yellow_4,yellow_1,yellow_6,yellow_11,yellow_8",0.06,1,12,4635,TRUE
77bwzC5dryaJr5pmL,NA,2021-06-29T15:57:50Z,2021-06-29T15:57:50Z,1,NA,2021-06-29T16:02:00Z,custom,It looks like one of your partners disconnected before you could finish the experiment!,NA,NA,2021-06-29T15:52:23Z,Repi,/avatars/jdenticon/Samuel,#8138A8,0.15749999999999997,false,NA,"yellow_11,yellow_6,yellow_12,yellow_8,yellow_4,yellow_1",0.045,1,9,2442,TRUE
instgY2Z5xNN633zM,NA,NA,NA,NA,NA,2021-06-29T16:08:23Z,gameFull,NA,NA,NA,2021-06-29T16:03:15Z,NA,NA,NA,NA,NA,NA,NA,NA,NA,NA,NA,NA
SftTKNErovPZTZSsh,NA,NA,NA,NA,NA,2021-06-30T16:59:24Z,gameFull,NA,NA,NA,2021-06-30T16:58:46Z,NA,NA,NA,NA,NA,NA,NA,NA,NA,NA,NA,NA
nFqTBtKEKpFBGNMXC,NA,2021-06-30T17:10:08Z,2021-06-30T17:10:08Z,1,ExitSurvey,2021-06-30T17:44:36Z,finished,NA,NA,NA,2021-06-30T17:02:24Z,Laju,/avatars/jdenticon/Katherine,#3D45B7,4.800000000000001,yellow_1,15015,"yellow_1,yellow_3,yellow_11,yellow_10,yellow_12,yellow_6",0.099,3,33,NA,NA
DP6g2ZQPajwv9TXJ7,NA,2021-06-30T17:10:44Z,2021-06-30T17:10:44Z,1,ExitSurvey,2021-06-30T17:49:39Z,finished,NA,NA,NA,2021-06-30T17:02:54Z,Repi,/avatars/jdenticon/Samuel,#8138A8,4.815000000000001,yellow_2,12448,"yellow_11,yellow_8,yellow_10,yellow_3,yellow_2,yellow_1",0.10799999999999998,3,36,NA,NA
Cm5auRoPbDGaDN5QP,NA,2021-06-30T17:06:53Z,2021-06-30T17:06:53Z,1,ExitSurvey,2021-06-30T17:44:36Z,finished,NA,NA,NA,2021-06-30T17:03:02Z,Minu,/avatars/jdenticon/Alaina,#7ACC66,4.710000000000002,yellow_1,20030,"yellow_6,yellow_11,yellow_12,yellow_3,yellow_1,yellow_10",0.099,3,33,NA,NA
BiKzWfhjXPp2RcaMv,NA,2021-06-30T17:08:03Z,2021-06-30T17:08:03Z,1,ExitSurvey,2021-06-30T17:44:36Z,finished,NA,NA,NA,2021-06-30T17:03:15Z,Repi,/avatars/jdenticon/Samuel,#8138A8,4.800000000000001,yellow_1,20309,"yellow_11,yellow_12,yellow_1,yellow_3,yellow_6,yellow_10",0.099,3,33,NA,NA
kSEJFwmMYWRn3uDHA,NA,2021-06-30T17:11:04Z,2021-06-30T17:11:04Z,1,ExitSurvey,2021-06-30T17:49:39Z,finished,NA,NA,NA,2021-06-30T17:03:23Z,Minu,/avatars/jdenticon/Alaina,#7ACC66,4.815000000000001,yellow_2,31259,"yellow_2,yellow_3,yellow_10,yellow_8,yellow_1,yellow_11",0.10799999999999998,3,36,NA,NA
d8werCbpR65GLFEJP,NA,2021-06-30T17:21:18Z,2021-06-30T17:21:18Z,1,ExitSurvey,2021-06-30T17:56:33Z,finished,NA,NA,NA,2021-06-30T17:03:44Z,Minu,/avatars/jdenticon/Alaina,#7ACC66,4.611000000000001,purple_10,41359,"purple_8,purple_6,purple_5,purple_10,purple_4,purple_2",0.10799999999999998,3,36,NA,NA
4WPuaCAupZXaSurmk,NA,2021-06-30T17:13:30Z,2021-06-30T17:13:30Z,1,ExitSurvey,2021-06-30T17:58:53Z,finished,NA,NA,NA,2021-06-30T17:04:43Z,Minu,/avatars/jdenticon/Alaina,#7ACC66,4.230000000000001,red_9,14429,"red_9,red_5,red_8,red_3,red_1,red_11",0.09,3,30,NA,NA
gQtk8pn6boLtSeb2L,NA,2021-06-30T17:53:53Z,2021-06-30T17:53:53Z,1,NA,2021-06-30T17:55:19Z,cancelled,adminCancelled,NA,NA,2021-06-30T17:06:26Z,NA,NA,NA,NA,NA,NA,NA,NA,NA,NA,NA,NA
j4u7Sj62o9yvKuQRi,NA,2021-06-30T17:49:19Z,2021-06-30T17:49:19Z,1,NA,2021-06-30T17:55:19Z,gameFull,NA,NA,NA,2021-06-30T17:06:55Z,NA,NA,NA,NA,NA,NA,NA,NA,NA,NA,NA,NA
cGkicrKFWEqqHBJTT,NA,NA,NA,NA,NA,2021-06-30T17:55:19Z,gameFull,NA,NA,NA,2021-06-30T17:07:17Z,NA,NA,NA,NA,NA,NA,NA,NA,NA,NA,NA,NA
4FwqwuBg8THopjzYt,NA,2021-06-30T17:16:44Z,2021-06-30T17:16:44Z,1,ExitSurvey,2021-06-30T17:58:53Z,finished,NA,NA,NA,2021-06-30T17:08:12Z,Repi,/avatars/jdenticon/Samuel,#8138A8,4.311000000000001,red_9,10821,"red_11,red_1,red_8,red_3,red_5,red_9",0.09,3,30,NA,NA
TTX3BhByCsjDdKQo6,NA,2021-06-30T17:15:35Z,2021-06-30T17:15:35Z,1,ExitSurvey,2021-06-30T17:58:53Z,finished,NA,NA,NA,2021-06-30T17:08:58Z,Laju,/avatars/jdenticon/Katherine,#3D45B7,4.095000000000001,red_9,10569,"red_3,red_11,red_9,red_1,red_8,red_5",0.09,3,30,NA,NA
nMzWar2T9QiwnZuhh,NA,2021-06-30T17:12:49Z,2021-06-30T17:12:49Z,1,ExitSurvey,2021-06-30T17:49:39Z,finished,NA,NA,NA,2021-06-30T17:09:41Z,Laju,/avatars/jdenticon/Katherine,#3D45B7,4.815000000000001,yellow_2,20350,"yellow_2,yellow_8,yellow_11,yellow_10,yellow_3,yellow_1",0.10799999999999998,3,36,NA,NA
Tzjy5uRGtmccXQEeM,NA,2021-06-30T17:19:17Z,2021-06-30T17:19:17Z,1,ExitSurvey,2021-06-30T17:56:33Z,finished,NA,NA,NA,2021-06-30T17:10:32Z,Repi,/avatars/jdenticon/Samuel,#8138A8,4.587000000000001,purple_10,-43977,"purple_10,purple_2,purple_8,purple_6,purple_5,purple_4",0.10799999999999998,3,36,NA,NA
yXKwWWj2Euz4Bp7Ak,NA,2021-06-30T17:24:35Z,2021-06-30T17:24:35Z,1,ExitSurvey,2021-06-30T18:12:16Z,finished,NA,NA,NA,2021-06-30T17:15:51Z,Laju,/avatars/jdenticon/Katherine,#3D45B7,4.119000000000001,red_12,2681,"red_6,red_8,red_4,red_12,red_7,red_1",0.10799999999999998,3,36,NA,NA
zRL7hYXxLcaoujEz7,NA,2021-06-30T17:19:19Z,2021-06-30T17:19:19Z,1,ExitSurvey,2021-06-30T17:56:33Z,finished,NA,NA,NA,2021-06-30T17:16:01Z,Laju,/avatars/jdenticon/Katherine,#3D45B7,4.671,purple_10,76107,"purple_6,purple_5,purple_10,purple_8,purple_2,purple_4",0.10799999999999998,3,36,NA,NA
FDE9gAmRjJRkPkPwo,NA,2021-06-30T17:47:31Z,2021-06-30T17:47:31Z,1,ExitSurvey,2021-06-30T18:12:16Z,finished,NA,NA,NA,2021-06-30T17:31:53Z,Repi,/avatars/jdenticon/Samuel,#8138A8,4.155000000000001,red_12,12283,"red_1,red_12,red_4,red_6,red_7,red_8",0.10799999999999998,3,36,NA,NA
qG2BmuCtmxTekrzeK,NA,2021-06-30T17:38:21Z,2021-06-30T17:38:21Z,1,ExitSurvey,2021-06-30T18:12:16Z,finished,NA,NA,NA,2021-06-30T17:32:32Z,Minu,/avatars/jdenticon/Alaina,#7ACC66,4.038000000000001,red_12,15517,"red_7,red_6,red_4,red_8,red_1,red_12",0.10799999999999998,3,36,NA,NA
mfFJ8jLQp5mehQuoi,NA,2021-06-30T17:49:59Z,2021-06-30T17:49:59Z,1,NA,2021-06-30T17:55:19Z,gameFull,NA,NA,NA,2021-06-30T17:43:00Z,NA,NA,NA,NA,NA,NA,NA,NA,NA,NA,NA,NA
z4RmAnZRJ5LcWJmwM,NA,NA,NA,NA,NA,2021-06-30T18:40:53Z,cancelled,adminCancelled,NA,NA,2021-06-30T18:40:29Z,NA,NA,NA,NA,NA,NA,NA,NA,NA,NA,NA,NA
6fogty8muQfPkADs7,NA,2021-06-30T18:47:42Z,2021-06-30T18:47:42Z,1,ExitSurvey,2021-06-30T18:57:45Z,finished,NA,NA,NA,2021-06-30T18:42:46Z,Repi,/avatars/jdenticon/Samuel,#8138A8,2.480368766666667,white_3,1333,"white_4,white_5,white_11,white_3,white_6,white_8",0.070001,1,10,NA,NA
AkzTT9TRm9MftEi5K,NA,2021-06-30T18:49:20Z,2021-06-30T18:49:20Z,1,ExitSurvey,2021-06-30T18:58:52Z,finished,NA,NA,NA,2021-06-30T18:43:10Z,Repi,/avatars/jdenticon/Samuel,#8138A8,2.594703733333334,yellow_6,2123,"yellow_7,yellow_2,yellow_6,yellow_9,yellow_1,yellow_4",0.04900070000000001,1,7,NA,NA
fhXwimxwgPBpXxDqS,NA,NA,NA,NA,NA,2021-06-30T19:22:40Z,gameFull,NA,NA,NA,2021-06-30T18:43:16Z,NA,NA,NA,NA,NA,NA,NA,NA,NA,NA,NA,NA
byCZaG79TGh4nvFWQ,NA,2021-06-30T18:53:21Z,2021-06-30T18:53:21Z,1,ExitSurvey,2021-06-30T19:01:56Z,finished,NA,NA,NA,2021-06-30T18:43:17Z,Laju,/avatars/jdenticon/Katherine,#3D45B7,2.0288623166666664,yellow_12,3184,"yellow_12,yellow_6,yellow_9,yellow_5,yellow_2,yellow_11",0.021000300000000003,1,3,NA,NA
m8EHFyheutMHD9LCz,NA,2021-06-30T18:50:39Z,2021-06-30T18:50:39Z,1,ExitSurvey,2021-06-30T18:58:52Z,finished,NA,NA,NA,2021-06-30T18:43:18Z,Laju,/avatars/jdenticon/Katherine,#3D45B7,2.069696233333333,yellow_1,2016,"yellow_2,yellow_4,yellow_6,yellow_7,yellow_1,yellow_9",0.0280004,1,4,NA,NA
K4svNxtghbtgQLx5e,NA,2021-06-30T18:49:52Z,2021-06-30T18:49:52Z,1,ExitSurvey,2021-06-30T18:58:52Z,finished,NA,NA,NA,2021-06-30T18:43:26Z,Minu,/avatars/jdenticon/Alaina,#7ACC66,2.3987009333333336,yellow_7,4322,"yellow_2,yellow_4,yellow_7,yellow_9,yellow_6,yellow_1",0.0630009,1,9,NA,NA
HqcHvfGG7FwjFpki5,NA,NA,NA,NA,NA,2021-06-30T19:22:40Z,gameFull,NA,NA,NA,2021-06-30T18:43:29Z,NA,NA,NA,NA,NA,NA,NA,NA,NA,NA,NA,NA
95mh2hDPt7oytKqRx,NA,2021-06-30T18:56:04Z,2021-06-30T18:56:04Z,1,ExitSurvey,2021-06-30T19:20:39Z,finished,NA,NA,NA,2021-06-30T18:43:36Z,Repi,/avatars/jdenticon/Samuel,#8138A8,2.5655366500000003,purple_11,73392,"purple_10,purple_4,purple_7,purple_11,purple_1,purple_3",0.0630009,1,9,NA,NA
L2JmrnizwoXJFL5jK,NA,2021-06-30T18:57:37Z,2021-06-30T18:57:37Z,1,ExitSurvey,2021-06-30T20:25:33Z,finished,NA,NA,NA,2021-06-30T18:43:44Z,Minu,/avatars/jdenticon/Alaina,#7ACC66,3.2760468,white_3,17575,"white_3,white_12,white_5,white_6,white_8,white_1",0.0280004,2,4,NA,NA
RgjiAEG6bTZAP5H7y,NA,2021-06-30T18:52:52Z,2021-06-30T18:52:52Z,1,ExitSurvey,2021-06-30T19:01:56Z,finished,NA,NA,NA,2021-06-30T18:44:08Z,Minu,/avatars/jdenticon/Alaina,#7ACC66,2.0848631166666665,yellow_9,2893,"yellow_9,yellow_6,yellow_2,yellow_12,yellow_11,yellow_5",0.024500350000000004,2,3.5,NA,NA
anaeCEcgLsmHiEaEb,NA,2021-06-30T18:48:35Z,2021-06-30T18:48:35Z,1,ExitSurvey,2021-06-30T18:57:45Z,finished,NA,NA,NA,2021-06-30T18:44:21Z,Minu,/avatars/jdenticon/Alaina,#7ACC66,2.2458654166666676,white_11,4985,"white_3,white_5,white_6,white_4,white_11,white_8",0.03850055,2,5.5,NA,NA
qT2TPjcJfgEpR8u8m,NA,2021-06-30T18:47:38Z,2021-06-30T18:47:38Z,1,ExitSurvey,2021-06-30T18:57:45Z,finished,NA,NA,NA,2021-06-30T18:44:34Z,Laju,/avatars/jdenticon/Katherine,#3D45B7,2.0918632166666677,white_11,2284,"white_3,white_5,white_8,white_4,white_11,white_6",0.03850055,2,5.5,NA,NA
fn5GQ7x854pc5ayQ4,NA,2021-06-30T19:05:47Z,2021-06-30T19:05:47Z,1,ExitSurvey,2021-06-30T20:25:33Z,finished,NA,NA,NA,2021-06-30T18:45:55Z,Laju,/avatars/jdenticon/Katherine,#3D45B7,2.92954185,white_3,35096,"white_12,white_3,white_6,white_5,white_8,white_1",0.0280004,2,4,NA,NA
Mx5CDu4wiJwjqSwef,NA,2021-06-30T18:54:14Z,2021-06-30T18:54:14Z,1,ExitSurvey,2021-06-30T19:01:56Z,finished,NA,NA,NA,2021-06-30T18:46:48Z,Repi,/avatars/jdenticon/Samuel,#8138A8,2.5153692666666667,yellow_9,1909,"yellow_11,yellow_2,yellow_12,yellow_5,yellow_9,yellow_6",0.024500350000000004,2,3.5,NA,NA
rTh7fQWkwZLj8AxED,NA,2021-06-30T18:55:03Z,2021-06-30T18:55:03Z,1,ExitSurvey,2021-06-30T19:20:39Z,finished,NA,NA,NA,2021-06-30T18:47:37Z,Minu,/avatars/jdenticon/Alaina,#7ACC66,2.2995328500000007,purple_3,65276,"purple_11,purple_7,purple_4,purple_1,purple_10,purple_3",0.04900070000000001,1,7,NA,NA
wunozKBwkPNQs3jAo,NA,2021-06-30T18:55:34Z,2021-06-30T18:55:34Z,1,ExitSurvey,2021-06-30T19:20:39Z,finished,NA,NA,NA,2021-06-30T18:49:19Z,Laju,/avatars/jdenticon/Katherine,#3D45B7,2.5130359,purple_4,69335,"purple_3,purple_7,purple_11,purple_10,purple_1,purple_4",0.0770011,1,11,NA,NA
4ZqkfmgghfE697SuE,NA,2021-06-30T19:22:40Z,2021-06-30T19:22:40Z,1,ExitSurvey,2021-06-30T20:25:33Z,finished,NA,NA,NA,2021-06-30T18:53:11Z,Repi,/avatars/jdenticon/Samuel,#8138A8,2.5795368500000015,white_5,14955,"white_1,white_6,white_8,white_5,white_3,white_12",0.0070001,1,1,NA,NA
uNnYsw4Y49R7uMn9B,NA,NA,NA,NA,NA,2021-06-30T19:22:40Z,gameFull,NA,NA,NA,2021-06-30T19:14:56Z,NA,NA,NA,NA,NA,NA,NA,NA,NA,NA,NA,NA
tmsZsa6Nrun9zsHLF,NA,2021-07-02T16:58:45Z,2021-07-02T16:58:45Z,1,NA,2021-07-02T16:58:52Z,gameFull,NA,NA,NA,2021-07-02T16:56:57Z,NA,NA,NA,NA,NA,NA,NA,NA,NA,NA,NA,NA
F7qdCwYeTC4vjqbYk,NA,2021-07-02T17:13:18Z,2021-07-02T17:13:18Z,1,ExitSurvey,2021-07-02T17:24:45Z,finished,NA,NA,NA,2021-07-02T17:01:59Z,Minu,/avatars/jdenticon/Alaina,#7ACC66,4.165832999999999,purple_7,52,"purple_5,purple_1,purple_2,purple_7,purple_11,purple_3",0.120024,2,24,NA,NA
uoa3nixfgNCv238uJ,NA,2021-07-02T17:21:53Z,2021-07-02T17:21:53Z,1,NA,2021-07-02T17:44:52Z,cancelled,adminCancelled,NA,NA,2021-07-02T17:02:04Z,NA,NA,NA,NA,NA,NA,NA,NA,NA,NA,NA,NA
zB3s7REf67X3yFys9,NA,NA,NA,NA,NA,2021-07-02T17:44:52Z,gameFull,NA,NA,NA,2021-07-02T17:02:09Z,NA,NA,NA,NA,NA,NA,NA,NA,NA,NA,NA,NA
iq2u7Tfpsxt5xo2B7,NA,2021-07-02T17:04:02Z,2021-07-02T17:04:02Z,1,ExitSurvey,2021-07-02T17:13:47Z,finished,NA,NA,NA,2021-07-02T17:02:09Z,Minu,/avatars/jdenticon/Alaina,#7ACC66,4.765952999999998,white_11,1274,"white_10,white_5,white_4,white_11,white_9,white_8",0.10002,2,20,NA,NA
XQp9nS5Sk4vqMW3SX,NA,2021-07-02T17:07:02Z,2021-07-02T17:07:02Z,1,ExitSurvey,2021-07-02T17:16:06Z,finished,NA,NA,NA,2021-07-02T17:02:13Z,Laju,/avatars/jdenticon/Katherine,#3D45B7,4.035806999999999,purple_2,-992,"purple_2,purple_9,purple_12,purple_10,purple_1,purple_4",0.010002,1,2,NA,NA
KAbZbk7RzPhbqNy4v,NA,2021-07-02T17:08:45Z,2021-07-02T17:08:45Z,1,ExitSurvey,2021-07-02T17:18:37Z,finished,NA,NA,NA,2021-07-02T17:02:14Z,Repi,/avatars/jdenticon/Samuel,#8138A8,4.215843,purple_7,1956,"purple_3,purple_10,purple_2,purple_7,purple_4,purple_1",0.120024,2,24,NA,NA
qu8hPJzkgjhgHAkYg,NA,2021-07-02T17:05:07Z,2021-07-02T17:05:07Z,1,ExitSurvey,2021-07-02T17:13:47Z,finished,NA,NA,NA,2021-07-02T17:02:16Z,Laju,/avatars/jdenticon/Katherine,#3D45B7,4.380875999999999,white_9,1070,"white_11,white_10,white_9,white_8,white_4,white_5",0.055011000000000004,1,11,NA,NA
GSQwLHAzuxF3zDBcN,NA,2021-07-02T17:07:22Z,2021-07-02T17:07:22Z,1,ExitSurvey,2021-07-02T17:16:06Z,finished,NA,NA,NA,2021-07-02T17:02:19Z,Minu,/avatars/jdenticon/Alaina,#7ACC66,3.470693999999998,purple_12,2937,"purple_4,purple_1,purple_9,purple_2,purple_10,purple_12",0.040008,1,8,NA,NA
enH6susAmZyNPFwPA,NA,2021-07-02T17:09:30Z,2021-07-02T17:09:30Z,1,ExitSurvey,2021-07-02T17:18:37Z,finished,NA,NA,NA,2021-07-02T17:02:36Z,Minu,/avatars/jdenticon/Alaina,#7ACC66,4.470894,purple_7,1975,"purple_7,purple_10,purple_3,purple_1,purple_2,purple_4",0.120024,2,24,NA,NA
AxRQMSKqAYR4gbEih,NA,2021-07-02T17:07:07Z,2021-07-02T17:07:07Z,1,ExitSurvey,2021-07-02T17:16:06Z,finished,NA,NA,NA,2021-07-02T17:02:45Z,Repi,/avatars/jdenticon/Samuel,#8138A8,3.8307659999999983,purple_4,2573,"purple_12,purple_2,purple_9,purple_4,purple_1,purple_10",0.035007,1,7,NA,NA
QkeYcAgN4x8FvYXt2,NA,NA,NA,NA,NA,2021-07-02T17:44:52Z,gameFull,NA,NA,NA,2021-07-02T17:02:47Z,NA,NA,NA,NA,NA,NA,NA,NA,NA,NA,NA,NA
CFJACepneDhP8kpSb,NA,2021-07-02T17:12:34Z,2021-07-02T17:12:34Z,1,ExitSurvey,2021-07-02T17:24:45Z,finished,NA,NA,NA,2021-07-02T17:02:47Z,Repi,/avatars/jdenticon/Samuel,#8138A8,4.335866999999999,purple_7,-85,"purple_1,purple_5,purple_3,purple_11,purple_7,purple_2",0.120024,2,24,NA,NA
fTngLhpycH4yB2DSW,NA,2021-07-02T17:05:58Z,2021-07-02T17:05:58Z,1,ExitSurvey,2021-07-02T17:13:47Z,finished,NA,NA,NA,2021-07-02T17:02:58Z,Repi,/avatars/jdenticon/Samuel,#8138A8,4.845968999999998,white_11,-15776,"white_9,white_11,white_5,white_4,white_10,white_8",0.10002,2,20,NA,NA
mxFSxWpvYBhRRrnd3,NA,2021-07-02T17:11:33Z,2021-07-02T17:11:33Z,1,ExitSurvey,2021-07-02T17:24:53Z,finished,NA,NA,NA,2021-07-02T17:03:10Z,Minu,/avatars/jdenticon/Alaina,#7ACC66,4.695939,yellow_10,2052,"yellow_11,yellow_2,yellow_6,yellow_1,yellow_5,yellow_10",0.120024,2,24,NA,NA
smHTtZ5dWk7weCHA5,NA,2021-07-02T17:12:10Z,2021-07-02T17:12:10Z,1,ExitSurvey,2021-07-02T17:24:53Z,finished,NA,NA,NA,2021-07-02T17:03:31Z,Laju,/avatars/jdenticon/Katherine,#3D45B7,4.610922,yellow_1,285,"yellow_2,yellow_11,yellow_10,yellow_1,yellow_6,yellow_5",0.055011000000000004,1,11,NA,NA
inFi5bbDy3pHF8Eik,NA,2021-07-02T17:08:11Z,2021-07-02T17:08:11Z,1,ExitSurvey,2021-07-02T17:18:37Z,finished,NA,NA,NA,2021-07-02T17:03:38Z,Laju,/avatars/jdenticon/Katherine,#3D45B7,4.660931999999999,purple_10,2994,"purple_2,purple_7,purple_1,purple_3,purple_4,purple_10",0.040008,1,8,NA,NA
hXBALrkt3zA8EPSyn,NA,2021-07-02T17:10:27Z,2021-07-02T17:10:27Z,1,ExitSurvey,2021-07-02T17:24:53Z,finished,NA,NA,NA,2021-07-02T17:04:23Z,Repi,/avatars/jdenticon/Samuel,#8138A8,5.0310060000000005,yellow_10,-7297,"yellow_11,yellow_6,yellow_10,yellow_2,yellow_5,yellow_1",0.120024,2,24,NA,NA
ZyG2muLfXAMZzdYFm,NA,2021-07-02T17:14:59Z,2021-07-02T17:14:59Z,1,ExitSurvey,2021-07-02T17:24:45Z,finished,NA,NA,NA,2021-07-02T17:08:29Z,Laju,/avatars/jdenticon/Katherine,#3D45B7,4.410881999999999,purple_3,12409,"purple_1,purple_7,purple_3,purple_2,purple_5,purple_11",0.040008,1,8,NA,NA
DfykSRpuP7Q78iL2K,NA,NA,NA,NA,NA,2021-07-02T17:44:52Z,gameFull,NA,NA,NA,2021-07-02T17:10:38Z,NA,NA,NA,NA,NA,NA,NA,NA,NA,NA,NA,NA
gTNPawg6qMMDokXRY,NA,2021-07-02T17:28:39Z,2021-07-02T17:28:39Z,1,NA,2021-07-02T17:44:52Z,gameFull,NA,NA,NA,2021-07-02T17:19:44Z,NA,NA,NA,NA,NA,NA,NA,NA,NA,NA,NA,NA
WNihN5qQg83zDSAFp,NA,NA,NA,NA,NA,2021-07-02T20:42:35Z,cancelled,adminCancelled,NA,NA,2021-07-02T20:41:56Z,NA,NA,NA,NA,NA,NA,NA,NA,NA,NA,NA,NA
ypzknRaDS65Yuy4f8,NA,2021-07-02T20:54:02Z,2021-07-02T20:54:02Z,1,ExitSurvey,2021-07-02T21:02:34Z,finished,NA,NA,NA,2021-07-02T20:43:31Z,Laju,/avatars/jdenticon/Katherine,#3D45B7,4.356333333333333,yellow_4,1366,"yellow_10,yellow_12,yellow_2,yellow_4,yellow_3,yellow_7",0.16799999999999998,1,12,NA,NA
kWX9HGdtQmavGY5Ey,NA,2021-07-02T20:50:28Z,2021-07-02T20:50:28Z,1,ExitSurvey,2021-07-02T21:01:27Z,finished,NA,NA,NA,2021-07-02T20:43:38Z,Minu,/avatars/jdenticon/Alaina,#7ACC66,4.592000000000001,red_4,1541,"red_12,red_1,red_4,red_9,red_2,red_7",0.126,1,9,NA,NA
XTfuydiWfWq3WJXHi,NA,2021-07-02T20:46:27Z,2021-07-02T20:46:27Z,1,ExitSurvey,2021-07-02T20:56:21Z,finished,NA,NA,NA,2021-07-02T20:43:42Z,Minu,/avatars/jdenticon/Alaina,#7ACC66,4.172,purple_3,1136,"purple_3,purple_7,purple_6,purple_4,purple_11,purple_2",0.08399999999999999,2,6,NA,NA
dkhdBEpNuFx7g7yAA,NA,2021-07-02T20:47:06Z,2021-07-02T20:47:06Z,1,ExitSurvey,2021-07-02T20:56:21Z,finished,NA,NA,NA,2021-07-02T20:43:44Z,Laju,/avatars/jdenticon/Katherine,#3D45B7,5.102999999999999,purple_7,1897,"purple_2,purple_3,purple_7,purple_11,purple_4,purple_6",0.08399999999999999,1,6,NA,NA
XBHsyDPp4XB2B6Q74,NA,NA,NA,NA,NA,2021-07-02T21:30:56Z,cancelled,adminCancelled,NA,NA,2021-07-02T20:43:45Z,NA,NA,NA,NA,NA,NA,NA,NA,NA,NA,NA,NA
kSLXyQdCrH8DKPLW4,NA,2021-07-02T20:47:56Z,2021-07-02T20:47:56Z,1,ExitSurvey,2021-07-02T21:01:27Z,finished,NA,NA,NA,2021-07-02T20:43:46Z,Repi,/avatars/jdenticon/Samuel,#8138A8,4.718000000000001,red_9,4610,"red_12,red_9,red_7,red_1,red_4,red_2",0.09799999999999999,1,7,NA,NA
WafzYm8Qw6gKzLtD6,NA,NA,NA,NA,NA,2021-07-02T21:30:56Z,gameFull,NA,NA,NA,2021-07-02T20:43:48Z,NA,NA,NA,NA,NA,NA,NA,NA,NA,NA,NA,NA
3Xw8dWcvR883mjH7p,NA,2021-07-02T20:47:24Z,2021-07-02T20:47:24Z,1,ExitSurvey,2021-07-02T20:56:21Z,finished,NA,NA,NA,2021-07-02T20:43:50Z,Repi,/avatars/jdenticon/Samuel,#8138A8,4.738999999999999,purple_3,1141,"purple_2,purple_3,purple_4,purple_11,purple_7,purple_6",0.08399999999999999,2,6,NA,NA
CbRcZej3pXjbp3bta,NA,2021-07-02T21:02:27Z,2021-07-02T21:02:27Z,1,ExitSurvey,2021-07-02T21:11:36Z,finished,NA,NA,NA,2021-07-02T20:43:50Z,Repi,/avatars/jdenticon/Samuel,#8138A8,4.431,purple_1,-23190,"purple_3,purple_1,purple_5,purple_10,purple_2,purple_11",0.013999999999999999,1,1,NA,NA
xHRssJDpPAMga9Ba2,NA,NA,NA,NA,NA,2021-07-02T21:30:56Z,gameFull,NA,NA,NA,2021-07-02T20:44:28Z,NA,NA,NA,NA,NA,NA,NA,NA,NA,NA,NA,NA
vjzuiMwSFZiW4WxwJ,NA,2021-07-02T20:52:59Z,2021-07-02T20:52:59Z,1,ExitSurvey,2021-07-02T21:02:34Z,finished,NA,NA,NA,2021-07-02T20:44:45Z,Minu,/avatars/jdenticon/Alaina,#7ACC66,5.47633333333333,yellow_7,1985,"yellow_12,yellow_3,yellow_7,yellow_4,yellow_2,yellow_10",0.077,2,5.5,NA,NA
XsRsWtNuZ3QDMXnox,NA,2021-07-02T21:06:42Z,2021-07-02T21:06:42Z,1,ExitSurvey,2021-07-02T21:14:08Z,finished,NA,NA,NA,2021-07-02T20:44:56Z,Minu,/avatars/jdenticon/Alaina,#7ACC66,4.8999999999999995,yellow_10,1672,"yellow_10,yellow_6,yellow_9,yellow_5,yellow_8,yellow_11",0.14,1,10,NA,NA
wgdSxcR48MofWXY2R,NA,NA,NA,NA,NA,2021-07-02T21:30:56Z,gameFull,NA,NA,NA,2021-07-02T20:45:03Z,NA,NA,NA,NA,NA,NA,NA,NA,NA,NA,NA,NA
xEi5X6tdz6upKP6QE,NA,2021-07-02T20:48:17Z,2021-07-02T20:48:17Z,1,ExitSurvey,2021-07-02T21:01:27Z,finished,NA,NA,NA,2021-07-02T20:45:19Z,Laju,/avatars/jdenticon/Katherine,#3D45B7,4.675999999999999,red_1,1913,"red_12,red_9,red_7,red_2,red_1,red_4",0.08399999999999999,1,6,NA,NA
p2ys7QxgPGCDzyNB8,NA,2021-07-02T21:08:04Z,2021-07-02T21:08:04Z,1,NA,2021-07-02T21:18:05Z,playerLobbyTimedOut,NA,NA,NA,2021-07-02T20:45:56Z,NA,NA,NA,NA,NA,NA,NA,NA,NA,NA,NA,NA
5yTb4TNSRhpaYXig7,NA,2021-07-02T20:54:00Z,2021-07-02T20:54:00Z,1,ExitSurvey,2021-07-02T21:02:34Z,finished,NA,NA,NA,2021-07-02T20:45:58Z,Repi,/avatars/jdenticon/Samuel,#8138A8,4.699333333333334,yellow_7,5377,"yellow_12,yellow_7,yellow_4,yellow_3,yellow_10,yellow_2",0.077,2,5.5,NA,NA
LhtoZGJ5iCnvxL9Eh,NA,2021-07-02T21:03:24Z,2021-07-02T21:03:24Z,1,ExitSurvey,2021-07-02T21:14:08Z,finished,NA,NA,NA,2021-07-02T20:45:59Z,Repi,/avatars/jdenticon/Samuel,#8138A8,3.4160000000000004,yellow_11,386,"yellow_9,yellow_8,yellow_11,yellow_6,yellow_10,yellow_5",0.08399999999999999,2,6,NA,NA
X9qhBqdMmDjadpxKu,NA,NA,NA,NA,NA,2021-07-02T21:30:56Z,gameFull,NA,NA,NA,2021-07-02T20:46:36Z,NA,NA,NA,NA,NA,NA,NA,NA,NA,NA,NA,NA
n8LDfRNDwKQEfLP9x,NA,2021-07-02T20:57:43Z,2021-07-02T20:57:43Z,1,ExitSurvey,2021-07-02T21:11:36Z,finished,NA,NA,NA,2021-07-02T20:48:00Z,Laju,/avatars/jdenticon/Katherine,#3D45B7,4.018,purple_2,9499,"purple_10,purple_3,purple_11,purple_1,purple_5,purple_2",0.09799999999999999,1,7,NA,NA
DjZdAvQCpMc3qcGft,NA,2021-07-02T20:59:17Z,2021-07-02T20:59:17Z,1,ExitSurvey,2021-07-02T21:11:36Z,finished,NA,NA,NA,2021-07-02T20:53:19Z,Minu,/avatars/jdenticon/Alaina,#7ACC66,6.363000000000001,purple_10,-1466,"purple_3,purple_5,purple_11,purple_1,purple_2,purple_10",0.16799999999999998,1,12,NA,NA
Z22yqjMGybwFPDbN8,NA,2021-07-02T21:05:42Z,2021-07-02T21:05:42Z,1,ExitSurvey,2021-07-02T21:14:08Z,finished,NA,NA,NA,2021-07-02T20:54:41Z,Laju,/avatars/jdenticon/Katherine,#3D45B7,5.25,yellow_11,-60477,"yellow_5,yellow_11,yellow_6,yellow_10,yellow_9,yellow_8",0.08399999999999999,2,6,NA,NA
dd2fmMfKDmfmGF8ae,NA,NA,NA,NA,NA,2021-07-02T21:30:56Z,gameFull,NA,NA,NA,2021-07-02T21:08:04Z,NA,NA,NA,NA,NA,NA,NA,NA,NA,NA,NA,NA
6nucXoxTHfXHzYpPf,NA,2021-07-02T21:14:20Z,2021-07-02T21:14:20Z,1,NA,2021-07-02T21:24:20Z,playerLobbyTimedOut,NA,NA,NA,2021-07-02T21:09:38Z,NA,NA,NA,NA,NA,NA,NA,NA,NA,NA,NA,NA
