_id,finishedAt,gameLobbyId,treatmentId,roundIds,playerIds,batchId,createdAt,data.targetSet,data.color,data.othercolor,data.flowers,data.otherflowers,data.numBlocks,data.condition,data.justStarted
47MwccNZCwNDTyxqK,2021-08-19T21:45:38Z,47MwccNZCwNDTyxqK,hgiR2xKWi7TrPyBhj,"zsE3bGBA72qgr7Geo,ctRomQ4aoZizKXwN2,KxCra5ZLuizp2mP8P,RkTFqmaBRRSYBxWH8,jTDsoCoPX25CP3KnD,P2BFvgumaXx8podii,GJpxrnBrXMQ32by3x,kQz9NfSRWJGu2JZd7,q4QvpDa7q2c7a7da3,oEm89e8cn377o6qX7,3y3xhi5vyht3ECWx5,AdwvxcFKxMdT5npTo,5KpNSs8zxhJfDbMj9,exSv4v2v6nBSCoiXC,aWtc6X9dv6QGvqqPD,t8fg9QBqEkSGypqYR,uJ3BjLqHyzuZHy3dR,7s8rGKLjSwbmQkume,hRXZeHdMgSfDsrjEz,Fsb2gqDZpyaQw3sDa,p8dvxWzBBkRcnsjXF,S6cmoPWvaXoSyvjJj,3j3BAnHiwD4KERBDg,2sofYdweE7r9ZycT2","2hj9TEW7tcbgLckSj,fk2QC7CPaHEZ2xJxJ,uCn7dXSZRaSK2bFJ4",pdN9LXwtTxTiB9rjo,2021-08-19T20:35:15Z,setA,purple,white,"{""label"":""purple_1"",""location"":""/experiment/purple_similar/image_00450.jpg""},{""label"":""purple_2"",""location"":""/experiment/purple_similar/image_01664.jpg""},{""label"":""purple_3"",""location"":""/experiment/purple_similar/image_03085.jpg""},{""label"":""purple_4"",""location"":""/experiment/purple_similar/image_04133.jpg""},{""label"":""purple_5"",""location"":""/experiment/purple_similar/image_04335.jpg""},{""label"":""purple_6"",""location"":""/experiment/purple_similar/image_04700.jpg""},{""label"":""purple_7"",""location"":""/experiment/purple_similar/image_05355.jpg""},{""label"":""purple_8"",""location"":""/experiment/purple_similar/image_05639.jpg""},{""label"":""purple_9"",""location"":""/experiment/purple_similar/image_06714.jpg""},{""label"":""purple_10"",""location"":""/experiment/purple_similar/image_07320.jpg""},{""label"":""purple_11"",""location"":""/experiment/purple_similar/image_07517.jpg""},{""label"":""purple_12"",""location"":""/experiment/purple_similar/image_07752.jpg""}","{""label"":""white_1"",""location"":""/experiment/white_similar/image_00006.jpg""},{""label"":""white_2"",""location"":""/experiment/white_similar/image_01448.jpg""},{""label"":""white_3"",""location"":""/experiment/white_similar/image_03139.jpg""},{""label"":""white_4"",""location"":""/experiment/white_similar/image_03710.jpg""},{""label"":""white_5"",""location"":""/experiment/white_similar/image_04849.jpg""},{""label"":""white_6"",""location"":""/experiment/white_similar/image_05280.jpg""},{""label"":""white_7"",""location"":""/experiment/white_similar/image_05493.jpg""},{""label"":""white_8"",""location"":""/experiment/white_similar/image_05846.jpg""},{""label"":""white_9"",""location"":""/experiment/white_similar/image_06003.jpg""},{""label"":""white_10"",""location"":""/experiment/white_similar/image_07057.jpg""},{""label"":""white_11"",""location"":""/experiment/white_similar/image_07463.jpg""},{""label"":""white_12"",""location"":""/experiment/white_similar/image_08131.jpg""}",4,competCartel,false
QHkfso2yMgbbziE7r,2021-08-19T21:02:34Z,QHkfso2yMgbbziE7r,hgiR2xKWi7TrPyBhj,"tHGioc2CaFbd7CeW4,pRqMEFqoffy9YDXA4,SYktZiS65SQWMb6dY,AMfaeCm235pxZHhJz,BEG6KGANch8tfxwQB,xrv77SgQY6KMn2HGA,y7jJcKvuS4ZM9bWQf,gSi2s8yNPELaHtA7y,rsFkyHXhdG38ttaBE,Ebao8vP8SSeBu2kyN,A3M4J44b8m4YNCaCw,CF9QbdZWzQgf4CRR3,wdjn6mYoP2kn74GRW,TX5qQfsHnpCPSXSnc,v6PkCwnYS2TJhd5X7,67Eq7MyLY2GgLuqNE,Ai5uR643cwrFZ4hr8,v6NPYZ7vkj343RvwW,6CCNzonLWiaxrXn2W,k7dFpXDa9q34Rh2z8,ZzAx9id6Nsnj8gj4X,cpespkLCMAi2HR5JQ,fknwktZg3QzCfPYzb,kfvwwAvuPPv3idgjq","ew6432RyxC9E4Geox,nPp32Zj2T2YTXassh,xewAG3QpwG5CaF457",5DfTrGzyYbYe5szJT,2021-08-19T20:35:58Z,setA,purple,white,"{""label"":""purple_1"",""location"":""/experiment/purple_similar/image_00450.jpg""},{""label"":""purple_2"",""location"":""/experiment/purple_similar/image_01664.jpg""},{""label"":""purple_3"",""location"":""/experiment/purple_similar/image_03085.jpg""},{""label"":""purple_4"",""location"":""/experiment/purple_similar/image_04133.jpg""},{""label"":""purple_5"",""location"":""/experiment/purple_similar/image_04335.jpg""},{""label"":""purple_6"",""location"":""/experiment/purple_similar/image_04700.jpg""},{""label"":""purple_7"",""location"":""/experiment/purple_similar/image_05355.jpg""},{""label"":""purple_8"",""location"":""/experiment/purple_similar/image_05639.jpg""},{""label"":""purple_9"",""location"":""/experiment/purple_similar/image_06714.jpg""},{""label"":""purple_10"",""location"":""/experiment/purple_similar/image_07320.jpg""},{""label"":""purple_11"",""location"":""/experiment/purple_similar/image_07517.jpg""},{""label"":""purple_12"",""location"":""/experiment/purple_similar/image_07752.jpg""}","{""label"":""white_1"",""location"":""/experiment/white_similar/image_00006.jpg""},{""label"":""white_2"",""location"":""/experiment/white_similar/image_01448.jpg""},{""label"":""white_3"",""location"":""/experiment/white_similar/image_03139.jpg""},{""label"":""white_4"",""location"":""/experiment/white_similar/image_03710.jpg""},{""label"":""white_5"",""location"":""/experiment/white_similar/image_04849.jpg""},{""label"":""white_6"",""location"":""/experiment/white_similar/image_05280.jpg""},{""label"":""white_7"",""location"":""/experiment/white_similar/image_05493.jpg""},{""label"":""white_8"",""location"":""/experiment/white_similar/image_05846.jpg""},{""label"":""white_9"",""location"":""/experiment/white_similar/image_06003.jpg""},{""label"":""white_10"",""location"":""/experiment/white_similar/image_07057.jpg""},{""label"":""white_11"",""location"":""/experiment/white_similar/image_07463.jpg""},{""label"":""white_12"",""location"":""/experiment/white_similar/image_08131.jpg""}",4,competCartel,false
S2hKPFL78z9cyKbeY,2021-08-19T20:51:00Z,S2hKPFL78z9cyKbeY,hgiR2xKWi7TrPyBhj,"sHvqzhaGGqZPtXmy6,YpzmCDR3EWHWEgcst,XSFDxMpCz5qDJCN4K,wLm5K9ojjKLYHARrW,Z8HLvjY6jfkEjb5oe,eRy5uYSFyMMAEzANL,yLYeYPdJ62SgTAjTK,iw7kZqND9zNP67fiZ,NNppA7AwCa6pkzwcs,ZgzByXfYTk4QWqztK,Ww2pDw2qDdugJNMmC,4rnu5jeyDo36mmuyY,DEBemJdrtQNm87Nut,Q6T2WocqhSM9waGdK,6YSXsQoXa86CW4pe8,R2mChx3TEQYL3R7cY,7XgbJ6CbmwbHmENHe,Wmvah63dQBcuaLcAz,8fTzRmmtejtjd8bHm,GJxBWNwxkGiS872EM,vTrxbwT4BxR6zSAqF,wdia54K9fDCqbDb82,ZsoR83ebgcBcvd3ib,TAhSvys3nibErKjMP","EcXvtL3n4KfbtMvtE,YMzGnv6mFMFbQhT8H,xZRBvhNS5q39NeEwm",AsMqud9r3PKhT4Kxx,2021-08-19T20:36:16Z,setA,red,white,"{""label"":""red_1"",""location"":""/experiment/red_similar/image_00757.jpg""},{""label"":""red_2"",""location"":""/experiment/red_similar/image_01583.jpg""},{""label"":""red_3"",""location"":""/experiment/red_similar/image_01973.jpg""},{""label"":""red_4"",""location"":""/experiment/red_similar/image_02269.jpg""},{""label"":""red_5"",""location"":""/experiment/red_similar/image_02561.jpg""},{""label"":""red_6"",""location"":""/experiment/red_similar/image_03162.jpg""},{""label"":""red_7"",""location"":""/experiment/red_similar/image_04769.jpg""},{""label"":""red_8"",""location"":""/experiment/red_similar/image_06490.jpg""},{""label"":""red_9"",""location"":""/experiment/red_similar/image_06787.jpg""},{""label"":""red_10"",""location"":""/experiment/red_similar/image_06859.jpg""},{""label"":""red_11"",""location"":""/experiment/red_similar/image_07641.jpg""},{""label"":""red_12"",""location"":""/experiment/red_similar/image_07931.jpg""}","{""label"":""white_1"",""location"":""/experiment/white_similar/image_00006.jpg""},{""label"":""white_2"",""location"":""/experiment/white_similar/image_01448.jpg""},{""label"":""white_3"",""location"":""/experiment/white_similar/image_03139.jpg""},{""label"":""white_4"",""location"":""/experiment/white_similar/image_03710.jpg""},{""label"":""white_5"",""location"":""/experiment/white_similar/image_04849.jpg""},{""label"":""white_6"",""location"":""/experiment/white_similar/image_05280.jpg""},{""label"":""white_7"",""location"":""/experiment/white_similar/image_05493.jpg""},{""label"":""white_8"",""location"":""/experiment/white_similar/image_05846.jpg""},{""label"":""white_9"",""location"":""/experiment/white_similar/image_06003.jpg""},{""label"":""white_10"",""location"":""/experiment/white_similar/image_07057.jpg""},{""label"":""white_11"",""location"":""/experiment/white_similar/image_07463.jpg""},{""label"":""white_12"",""location"":""/experiment/white_similar/image_08131.jpg""}",4,competCartel,false
co5ircoedXApqB9jD,2021-08-19T20:52:10Z,co5ircoedXApqB9jD,hgiR2xKWi7TrPyBhj,"92w7FPKAZstFX4B3z,MFnS9gfGa28oW5tMg,tT2bzd6dZtdyqGnH5,cZ2WHowGaHfns9iLs,Y4xS9Cv43aeZMfxCp,b5FcwhapRHiaARden,E85akXJ725eWFgFtG,TvX9aTFFxaRsKZnNy,LwftNJo9ksgCMC8jf,jjh3jA8TXJi7B6nWG,x4uGJhF8n5zkwBotR,LewivdjpEDZZYuiC7,LnTJ4i278kv53C6DJ,ToainqX2LDy5dPB62,MkEdoo97mdiYWaDDJ,5mHommdPLirHkysh3,LxuRT3Ryf5GiYNAHF,EHxACpMRtKD44Kzpu,2TYDbCEmCSQDu5pJj,nzv5XYDBGoDKt7P65,qN92PvKzxbiG9oJXM,2kTSyd6nzNbF2Pk2q,PsKwFGnmd9Pebkckx,zbfTguw3us5F48Ssk","AM5jKEDQqQ9px6G9r,NpZd3qLBDeqRs73Mi,dpxZFAjR8hGR6AbZT",XdcRpTXPT3SajECj9,2021-08-19T20:37:30Z,setA,yellow,red,"{""label"":""yellow_1"",""location"":""/experiment/yellow_similar/image_01220.jpg""},{""label"":""yellow_2"",""location"":""/experiment/yellow_similar/image_01753.jpg""},{""label"":""yellow_3"",""location"":""/experiment/yellow_similar/image_02295.jpg""},{""label"":""yellow_4"",""location"":""/experiment/yellow_similar/image_03709.jpg""},{""label"":""yellow_5"",""location"":""/experiment/yellow_similar/image_04078.jpg""},{""label"":""yellow_6"",""location"":""/experiment/yellow_similar/image_04425.jpg""},{""label"":""yellow_7"",""location"":""/experiment/yellow_similar/image_04667.jpg""},{""label"":""yellow_8"",""location"":""/experiment/yellow_similar/image_04982.jpg""},{""label"":""yellow_9"",""location"":""/experiment/yellow_similar/image_05700.jpg""},{""label"":""yellow_10"",""location"":""/experiment/yellow_similar/image_06298.jpg""},{""label"":""yellow_11"",""location"":""/experiment/yellow_similar/image_06354.jpg""},{""label"":""yellow_12"",""location"":""/experiment/yellow_similar/image_06676.jpg""}","{""label"":""red_1"",""location"":""/experiment/red_similar/image_00757.jpg""},{""label"":""red_2"",""location"":""/experiment/red_similar/image_01583.jpg""},{""label"":""red_3"",""location"":""/experiment/red_similar/image_01973.jpg""},{""label"":""red_4"",""location"":""/experiment/red_similar/image_02269.jpg""},{""label"":""red_5"",""location"":""/experiment/red_similar/image_02561.jpg""},{""label"":""red_6"",""location"":""/experiment/red_similar/image_03162.jpg""},{""label"":""red_7"",""location"":""/experiment/red_similar/image_04769.jpg""},{""label"":""red_8"",""location"":""/experiment/red_similar/image_06490.jpg""},{""label"":""red_9"",""location"":""/experiment/red_similar/image_06787.jpg""},{""label"":""red_10"",""location"":""/experiment/red_similar/image_06859.jpg""},{""label"":""red_11"",""location"":""/experiment/red_similar/image_07641.jpg""},{""label"":""red_12"",""location"":""/experiment/red_similar/image_07931.jpg""}",4,competCartel,false
gc7mRNb3EKLNXbWZR,2021-08-19T21:10:00Z,gc7mRNb3EKLNXbWZR,hgiR2xKWi7TrPyBhj,"ifrqC7Y7nGpQkbQNL,hCAaSrq7EyHzMvwRa,XMgZqzj9s48ca4E82,PtBA2MxXRaCK8NxSC,AyqTsfdFZHKEWx5QQ,ByMkZbtY9J77zuiMF,dH9gub8Kyysbw4F9J,C8zFhou9yWic4omyN,ExzGWXobiSJpLQvTK,eqk3fa7tXaLve6LJr,533DGmvWovAaq4wDv,iMNdtDCRGAt49AEZd,YRq4QM5Mvxn6ZXfgz,GDmSeNHLg46dZs6Sw,YMzegLsNt9oxLvpRk,AvRSYWvWATW3t2umA,xDfhGCPdZg7LFnK97,TakcbviK9hpkX6pnJ,ERbJzt7Baey8B32kx,5s826NRTbAwLaguzG,P2Sj6KHZK9ydzem3A,ehEaMDvPQGfTiBHEn,XkKaBbsPdgkPLfzk4,KoQEsw8mWqxA42WFu","EEk6nTcyRgEdrHPD6,TK23qoZSFJs3GysWD,jzZxEk7EPeQo5GJaB",qHuJFPF9ziu2i44sz,2021-08-19T20:37:41Z,setA,purple,yellow,"{""label"":""purple_1"",""location"":""/experiment/purple_similar/image_00450.jpg""},{""label"":""purple_2"",""location"":""/experiment/purple_similar/image_01664.jpg""},{""label"":""purple_3"",""location"":""/experiment/purple_similar/image_03085.jpg""},{""label"":""purple_4"",""location"":""/experiment/purple_similar/image_04133.jpg""},{""label"":""purple_5"",""location"":""/experiment/purple_similar/image_04335.jpg""},{""label"":""purple_6"",""location"":""/experiment/purple_similar/image_04700.jpg""},{""label"":""purple_7"",""location"":""/experiment/purple_similar/image_05355.jpg""},{""label"":""purple_8"",""location"":""/experiment/purple_similar/image_05639.jpg""},{""label"":""purple_9"",""location"":""/experiment/purple_similar/image_06714.jpg""},{""label"":""purple_10"",""location"":""/experiment/purple_similar/image_07320.jpg""},{""label"":""purple_11"",""location"":""/experiment/purple_similar/image_07517.jpg""},{""label"":""purple_12"",""location"":""/experiment/purple_similar/image_07752.jpg""}","{""label"":""yellow_1"",""location"":""/experiment/yellow_similar/image_01220.jpg""},{""label"":""yellow_2"",""location"":""/experiment/yellow_similar/image_01753.jpg""},{""label"":""yellow_3"",""location"":""/experiment/yellow_similar/image_02295.jpg""},{""label"":""yellow_4"",""location"":""/experiment/yellow_similar/image_03709.jpg""},{""label"":""yellow_5"",""location"":""/experiment/yellow_similar/image_04078.jpg""},{""label"":""yellow_6"",""location"":""/experiment/yellow_similar/image_04425.jpg""},{""label"":""yellow_7"",""location"":""/experiment/yellow_similar/image_04667.jpg""},{""label"":""yellow_8"",""location"":""/experiment/yellow_similar/image_04982.jpg""},{""label"":""yellow_9"",""location"":""/experiment/yellow_similar/image_05700.jpg""},{""label"":""yellow_10"",""location"":""/experiment/yellow_similar/image_06298.jpg""},{""label"":""yellow_11"",""location"":""/experiment/yellow_similar/image_06354.jpg""},{""label"":""yellow_12"",""location"":""/experiment/yellow_similar/image_06676.jpg""}",4,competCartel,false
KiRHskdD2iLy8Fh8C,2021-08-19T20:53:22Z,KiRHskdD2iLy8Fh8C,hgiR2xKWi7TrPyBhj,"ed5oFm9yETtEA3xXo,DShAxEKHNPD82q4zL,pXgNdvXLfijwBiMhS,TXgSHAC8yNwNRKYoC,5bGA2bDooXXuvoTE8,b3bwqfnSbMZnNB9xM,Hy6hJhaAJrpHwG7jB,eu6DsAZoCquRoRYx6,Zqy5FFQueafvuXvXs,v9PKerjNz6wtAYbiP,5WPSg5ANp28nbgrLE,Bn2p4p5GnbSaKKcWe,JqzRsCvyk4BxYPu5E,HZdTdghb9CeXFQvTi,kqa5bXN5Xi4CXcy8z,RSxytHTYnNn79gAax,jkSvqaDjEW3mtov2T,hQdg6Bz2PidQLKHnM,AFiJznN5fuQDXrERF,v4oxAxnbQxzoAdGoP,9ZFns3yeun523uupo,3E6DqCw38TBgn3j6E,NCTktZkXJcMbHPLwc,cqNEYMTRfhR4AdcTm","JFACpZugXjwGuwMpS,dtrXhLCRBm4QbQrGg,xQRbdNPH67gZtjqTF",Y5q999ddFfZEN2xsZ,2021-08-19T20:38:26Z,setA,yellow,white,"{""label"":""yellow_1"",""location"":""/experiment/yellow_similar/image_01220.jpg""},{""label"":""yellow_2"",""location"":""/experiment/yellow_similar/image_01753.jpg""},{""label"":""yellow_3"",""location"":""/experiment/yellow_similar/image_02295.jpg""},{""label"":""yellow_4"",""location"":""/experiment/yellow_similar/image_03709.jpg""},{""label"":""yellow_5"",""location"":""/experiment/yellow_similar/image_04078.jpg""},{""label"":""yellow_6"",""location"":""/experiment/yellow_similar/image_04425.jpg""},{""label"":""yellow_7"",""location"":""/experiment/yellow_similar/image_04667.jpg""},{""label"":""yellow_8"",""location"":""/experiment/yellow_similar/image_04982.jpg""},{""label"":""yellow_9"",""location"":""/experiment/yellow_similar/image_05700.jpg""},{""label"":""yellow_10"",""location"":""/experiment/yellow_similar/image_06298.jpg""},{""label"":""yellow_11"",""location"":""/experiment/yellow_similar/image_06354.jpg""},{""label"":""yellow_12"",""location"":""/experiment/yellow_similar/image_06676.jpg""}","{""label"":""white_1"",""location"":""/experiment/white_similar/image_00006.jpg""},{""label"":""white_2"",""location"":""/experiment/white_similar/image_01448.jpg""},{""label"":""white_3"",""location"":""/experiment/white_similar/image_03139.jpg""},{""label"":""white_4"",""location"":""/experiment/white_similar/image_03710.jpg""},{""label"":""white_5"",""location"":""/experiment/white_similar/image_04849.jpg""},{""label"":""white_6"",""location"":""/experiment/white_similar/image_05280.jpg""},{""label"":""white_7"",""location"":""/experiment/white_similar/image_05493.jpg""},{""label"":""white_8"",""location"":""/experiment/white_similar/image_05846.jpg""},{""label"":""white_9"",""location"":""/experiment/white_similar/image_06003.jpg""},{""label"":""white_10"",""location"":""/experiment/white_similar/image_07057.jpg""},{""label"":""white_11"",""location"":""/experiment/white_similar/image_07463.jpg""},{""label"":""white_12"",""location"":""/experiment/white_similar/image_08131.jpg""}",4,competCartel,false
avdWsKnbRkYLQ5Mq8,2021-08-19T20:57:26Z,avdWsKnbRkYLQ5Mq8,hgiR2xKWi7TrPyBhj,"4LThzeehEXYmMFpxW,KhFjrkYqWwnic7nhb,ivZPyaGHRHv6wFoKZ,6irdC8iwjj77sghFb,Zq6rhcXEjG8QxKqxt,Nui3ZxhD94cDzAzBv,QbbMX7jELhWHnhwKv,MbPHJayzCA3LL56z4,Kx8h956MjkX69rEWb,zP6PQjXYnqWEWusXM,zHqSymTm6YZ2jpEeG,8peuehGPhQB6msQEP,FqpxMBpyTyeShP742,Hmnm5uH9HvAhMqw5e,47LPm33jr82PnivXj,MkFfweasL68sqAPQa,deNpzXkvbKSczFsgF,gbRARxChikFJLmQn2,TqAiQcRZZYThWMhxC,43d2ZHxNrJpFhHePK,MbTs9EDnQdWnMk54j,7oG544wPrfymXXTyi,ETHhYJ9HvBHPDPLvR,vo49dfnwJFpqweb6Y","6bQmRukQXEvm6tMo5,cgzEXWirZZiXNga2d,tb8cYu5YkEY7rwNGt",MZwJB2kd37vgXPNYv,2021-08-19T20:39:36Z,setA,white,red,"{""label"":""white_1"",""location"":""/experiment/white_similar/image_00006.jpg""},{""label"":""white_2"",""location"":""/experiment/white_similar/image_01448.jpg""},{""label"":""white_3"",""location"":""/experiment/white_similar/image_03139.jpg""},{""label"":""white_4"",""location"":""/experiment/white_similar/image_03710.jpg""},{""label"":""white_5"",""location"":""/experiment/white_similar/image_04849.jpg""},{""label"":""white_6"",""location"":""/experiment/white_similar/image_05280.jpg""},{""label"":""white_7"",""location"":""/experiment/white_similar/image_05493.jpg""},{""label"":""white_8"",""location"":""/experiment/white_similar/image_05846.jpg""},{""label"":""white_9"",""location"":""/experiment/white_similar/image_06003.jpg""},{""label"":""white_10"",""location"":""/experiment/white_similar/image_07057.jpg""},{""label"":""white_11"",""location"":""/experiment/white_similar/image_07463.jpg""},{""label"":""white_12"",""location"":""/experiment/white_similar/image_08131.jpg""}","{""label"":""red_1"",""location"":""/experiment/red_similar/image_00757.jpg""},{""label"":""red_2"",""location"":""/experiment/red_similar/image_01583.jpg""},{""label"":""red_3"",""location"":""/experiment/red_similar/image_01973.jpg""},{""label"":""red_4"",""location"":""/experiment/red_similar/image_02269.jpg""},{""label"":""red_5"",""location"":""/experiment/red_similar/image_02561.jpg""},{""label"":""red_6"",""location"":""/experiment/red_similar/image_03162.jpg""},{""label"":""red_7"",""location"":""/experiment/red_similar/image_04769.jpg""},{""label"":""red_8"",""location"":""/experiment/red_similar/image_06490.jpg""},{""label"":""red_9"",""location"":""/experiment/red_similar/image_06787.jpg""},{""label"":""red_10"",""location"":""/experiment/red_similar/image_06859.jpg""},{""label"":""red_11"",""location"":""/experiment/red_similar/image_07641.jpg""},{""label"":""red_12"",""location"":""/experiment/red_similar/image_07931.jpg""}",4,competCartel,false
kartvbhf8pFz6ZzML,2021-08-19T21:16:03Z,kartvbhf8pFz6ZzML,hgiR2xKWi7TrPyBhj,"YJSbi3yhx8XGyzhaN,wyeixSywpjH25sttz,DF3aJtmjipTBGpfqb,spxwkipd7SWDMANdQ,sZhjB2wMiaYF7PuY4,djPPrRYNXjmZPEf3E,dhyQJuS5rDGKsMvyL,a4Yi2SSnMYL9yJyR2,8TzpAwqyjmriGZmD7,CEzxkKZoLJuiA75Rh,iAcbFFhf8sbCyXtE9,7ygbXYvvTPwJKk9kB,4zaok7REJE8qZ8pBw,KJhQmpSgv2nzCkqCw,5L3ZayD6t8opFiCt2,mHKiyjrr4gaYm3ksi,avzzLr3SA68TXDDej,w5euSiupNrkpDXmLD,WBfNuEPcCxzeJiKNB,b89G4QvhvTPjypWvN,uJXJMG8zAZQFLmnah,bYtwXMyFu7DtquDdr,hqCqz5ZCwd5MMqW8k,boFRRheWq6SmgdHzo","BifQbBtM7yw983Zkg,i365ot6kc7dsdEePp,wsbBsa62okgbDXZbg",9J3JLTafeJHwzz5F2,2021-08-19T20:41:26Z,setA,red,yellow,"{""label"":""red_1"",""location"":""/experiment/red_similar/image_00757.jpg""},{""label"":""red_2"",""location"":""/experiment/red_similar/image_01583.jpg""},{""label"":""red_3"",""location"":""/experiment/red_similar/image_01973.jpg""},{""label"":""red_4"",""location"":""/experiment/red_similar/image_02269.jpg""},{""label"":""red_5"",""location"":""/experiment/red_similar/image_02561.jpg""},{""label"":""red_6"",""location"":""/experiment/red_similar/image_03162.jpg""},{""label"":""red_7"",""location"":""/experiment/red_similar/image_04769.jpg""},{""label"":""red_8"",""location"":""/experiment/red_similar/image_06490.jpg""},{""label"":""red_9"",""location"":""/experiment/red_similar/image_06787.jpg""},{""label"":""red_10"",""location"":""/experiment/red_similar/image_06859.jpg""},{""label"":""red_11"",""location"":""/experiment/red_similar/image_07641.jpg""},{""label"":""red_12"",""location"":""/experiment/red_similar/image_07931.jpg""}","{""label"":""yellow_1"",""location"":""/experiment/yellow_similar/image_01220.jpg""},{""label"":""yellow_2"",""location"":""/experiment/yellow_similar/image_01753.jpg""},{""label"":""yellow_3"",""location"":""/experiment/yellow_similar/image_02295.jpg""},{""label"":""yellow_4"",""location"":""/experiment/yellow_similar/image_03709.jpg""},{""label"":""yellow_5"",""location"":""/experiment/yellow_similar/image_04078.jpg""},{""label"":""yellow_6"",""location"":""/experiment/yellow_similar/image_04425.jpg""},{""label"":""yellow_7"",""location"":""/experiment/yellow_similar/image_04667.jpg""},{""label"":""yellow_8"",""location"":""/experiment/yellow_similar/image_04982.jpg""},{""label"":""yellow_9"",""location"":""/experiment/yellow_similar/image_05700.jpg""},{""label"":""yellow_10"",""location"":""/experiment/yellow_similar/image_06298.jpg""},{""label"":""yellow_11"",""location"":""/experiment/yellow_similar/image_06354.jpg""},{""label"":""yellow_12"",""location"":""/experiment/yellow_similar/image_06676.jpg""}",4,competCartel,false
Etbyk29DvPTqmSJM7,2021-08-19T20:57:59Z,Etbyk29DvPTqmSJM7,hgiR2xKWi7TrPyBhj,"8KtzNF9DRPATEsAYE,2Cxnf4ShDr4P5wv3h,fDtPkarSpT2uyeMfa,A4DrFd7XgQH5rhiuJ,ovsZFWdhWpax8ysr9,HZoZSSFdiLL5Bctyi,g4KDM4ra6HjYNbu6r,6tdqWQw6Hj95tLN2m,EhpbxEMaT52WhmCKr,DPRMf3fryKZxWZKxQ,8oqz8ZgJTsdg67AxR,s4JburCFJq67Kjbpm,gYZ6fc4bFdFtiyr5g,FYoPDgnM3BHF6GBTE,YPRcrpPvvFMmJ7SMH,EJqj9DpPMkwtPyqYr,q4wu3MzeRuYBhq5Wc,YQzmNWWB4qEizkmKk,M3dWCnYNxRvkanrMB,zHrGAuqvfbvDWrfQS,dKMKHARdERCxNQZgL,j9cKPnYatcXByQLte,dwuzDMrNF2npjaTQ7,GJYgTqcnoTNLCY4fy","EaTF2x6WGY73PQthf,Paof6KY5XWFpNuGwH,THt9PTb6CwSBGoxn8",uDgtZti4Bnbbyj2Ls,2021-08-19T20:42:23Z,setA,red,white,"{""label"":""red_1"",""location"":""/experiment/red_similar/image_00757.jpg""},{""label"":""red_2"",""location"":""/experiment/red_similar/image_01583.jpg""},{""label"":""red_3"",""location"":""/experiment/red_similar/image_01973.jpg""},{""label"":""red_4"",""location"":""/experiment/red_similar/image_02269.jpg""},{""label"":""red_5"",""location"":""/experiment/red_similar/image_02561.jpg""},{""label"":""red_6"",""location"":""/experiment/red_similar/image_03162.jpg""},{""label"":""red_7"",""location"":""/experiment/red_similar/image_04769.jpg""},{""label"":""red_8"",""location"":""/experiment/red_similar/image_06490.jpg""},{""label"":""red_9"",""location"":""/experiment/red_similar/image_06787.jpg""},{""label"":""red_10"",""location"":""/experiment/red_similar/image_06859.jpg""},{""label"":""red_11"",""location"":""/experiment/red_similar/image_07641.jpg""},{""label"":""red_12"",""location"":""/experiment/red_similar/image_07931.jpg""}","{""label"":""white_1"",""location"":""/experiment/white_similar/image_00006.jpg""},{""label"":""white_2"",""location"":""/experiment/white_similar/image_01448.jpg""},{""label"":""white_3"",""location"":""/experiment/white_similar/image_03139.jpg""},{""label"":""white_4"",""location"":""/experiment/white_similar/image_03710.jpg""},{""label"":""white_5"",""location"":""/experiment/white_similar/image_04849.jpg""},{""label"":""white_6"",""location"":""/experiment/white_similar/image_05280.jpg""},{""label"":""white_7"",""location"":""/experiment/white_similar/image_05493.jpg""},{""label"":""white_8"",""location"":""/experiment/white_similar/image_05846.jpg""},{""label"":""white_9"",""location"":""/experiment/white_similar/image_06003.jpg""},{""label"":""white_10"",""location"":""/experiment/white_similar/image_07057.jpg""},{""label"":""white_11"",""location"":""/experiment/white_similar/image_07463.jpg""},{""label"":""white_12"",""location"":""/experiment/white_similar/image_08131.jpg""}",4,competCartel,false
TpAMBXAumnL7zQDwG,2021-08-19T21:08:11Z,TpAMBXAumnL7zQDwG,hgiR2xKWi7TrPyBhj,"GNi5Ant7K8kXwFfZi,6DbvovSyS8yMt63Wo,w42LL77xMSS4DdZC8,5Ztjv9a8krPvbD2di,jhevbEeZZsBoHPfwZ,AYK6Sis95oDYiaEPf,bmRaGcE46HTvJTybd,umzAicpNLyXz6Daxf,r7zCuZADbCuPxd8fp,cPoBLpHJm8SoRRo2M,3pF3sMT426qZttwwM,ZxYLutxzdGm4Ciocu,JfWzZxFo5Wjh4vbNo,DDgkrv3MEXHTGoQNW,XzbrDTFGZZ9eDrcaC,7rkssWtvxRzrevuH4,9RAZ4wNTmx9JhqH2z,paAwZk7kqocuGb9ER,RiAW4BpwhHfH88PtP,mKyJpn8FCgHcjFgme,rkywM3q2ChcsLvAvb,9LWQZqYPZL2LYTRRe,xA6kpsNYBQNasabrY,4duBZyYcACyiDtaGu","WEh4Fg82nJgoqvCHd,ZJFsyB2E2SGdQXyWj,xf83jcxjC63eXJ2HY",sjji63XCXrkCk9ysQ,2021-08-19T20:44:39Z,setA,white,purple,"{""label"":""white_1"",""location"":""/experiment/white_similar/image_00006.jpg""},{""label"":""white_2"",""location"":""/experiment/white_similar/image_01448.jpg""},{""label"":""white_3"",""location"":""/experiment/white_similar/image_03139.jpg""},{""label"":""white_4"",""location"":""/experiment/white_similar/image_03710.jpg""},{""label"":""white_5"",""location"":""/experiment/white_similar/image_04849.jpg""},{""label"":""white_6"",""location"":""/experiment/white_similar/image_05280.jpg""},{""label"":""white_7"",""location"":""/experiment/white_similar/image_05493.jpg""},{""label"":""white_8"",""location"":""/experiment/white_similar/image_05846.jpg""},{""label"":""white_9"",""location"":""/experiment/white_similar/image_06003.jpg""},{""label"":""white_10"",""location"":""/experiment/white_similar/image_07057.jpg""},{""label"":""white_11"",""location"":""/experiment/white_similar/image_07463.jpg""},{""label"":""white_12"",""location"":""/experiment/white_similar/image_08131.jpg""}","{""label"":""purple_1"",""location"":""/experiment/purple_similar/image_00450.jpg""},{""label"":""purple_2"",""location"":""/experiment/purple_similar/image_01664.jpg""},{""label"":""purple_3"",""location"":""/experiment/purple_similar/image_03085.jpg""},{""label"":""purple_4"",""location"":""/experiment/purple_similar/image_04133.jpg""},{""label"":""purple_5"",""location"":""/experiment/purple_similar/image_04335.jpg""},{""label"":""purple_6"",""location"":""/experiment/purple_similar/image_04700.jpg""},{""label"":""purple_7"",""location"":""/experiment/purple_similar/image_05355.jpg""},{""label"":""purple_8"",""location"":""/experiment/purple_similar/image_05639.jpg""},{""label"":""purple_9"",""location"":""/experiment/purple_similar/image_06714.jpg""},{""label"":""purple_10"",""location"":""/experiment/purple_similar/image_07320.jpg""},{""label"":""purple_11"",""location"":""/experiment/purple_similar/image_07517.jpg""},{""label"":""purple_12"",""location"":""/experiment/purple_similar/image_07752.jpg""}",4,competCartel,false
5etSp4RTD85pHPt96,2021-08-19T21:01:34Z,5etSp4RTD85pHPt96,hgiR2xKWi7TrPyBhj,"SdqEjSqscx54XcQbn,tPGmrEwipvazrJjEh,ZE8aDPnhSQjDjRZc3,q9kZxxNt4PatgsMaF,fAw7kfpWL6PTDtAAb,vsvkjDRjSsfJnHmoh,79S5nWx8BsdjxAKKt,YZ9oxnPFvNtypf5By,TApJSipzqSvkTiHJf,5ewwWb4jEwr3BwCcR,LWiMLzo2QXdJqatxd,foAk2M7BrgontfNhc,z2gocwNcQT9p5f59j,NHZAjtWb9XA35L44G,hB523zYTGoeL6SEQc,9Ph9Dt7oiFTzBpgZ6,pgKnp74Mop29SjkDB,2YWPfGesSSu4dB7me,oAkutc9Yfv8zvvdHk,moxSBKegBzmA7cXHb,KT9vDFJ23X7M75fBR,YmwSzYXANHygHGQqa,KzDEDmfhQ2djGYt5h,rmbidFd7xN5zcMJsX","bTXd6LwgaNHkP66co,hGfRmwGvBGFWMgiaT,zba9zoM7QszHCWYM2",62bW6EMYcTXFHZe9w,2021-08-19T20:46:53Z,setA,purple,red,"{""label"":""purple_1"",""location"":""/experiment/purple_similar/image_00450.jpg""},{""label"":""purple_2"",""location"":""/experiment/purple_similar/image_01664.jpg""},{""label"":""purple_3"",""location"":""/experiment/purple_similar/image_03085.jpg""},{""label"":""purple_4"",""location"":""/experiment/purple_similar/image_04133.jpg""},{""label"":""purple_5"",""location"":""/experiment/purple_similar/image_04335.jpg""},{""label"":""purple_6"",""location"":""/experiment/purple_similar/image_04700.jpg""},{""label"":""purple_7"",""location"":""/experiment/purple_similar/image_05355.jpg""},{""label"":""purple_8"",""location"":""/experiment/purple_similar/image_05639.jpg""},{""label"":""purple_9"",""location"":""/experiment/purple_similar/image_06714.jpg""},{""label"":""purple_10"",""location"":""/experiment/purple_similar/image_07320.jpg""},{""label"":""purple_11"",""location"":""/experiment/purple_similar/image_07517.jpg""},{""label"":""purple_12"",""location"":""/experiment/purple_similar/image_07752.jpg""}","{""label"":""red_1"",""location"":""/experiment/red_similar/image_00757.jpg""},{""label"":""red_2"",""location"":""/experiment/red_similar/image_01583.jpg""},{""label"":""red_3"",""location"":""/experiment/red_similar/image_01973.jpg""},{""label"":""red_4"",""location"":""/experiment/red_similar/image_02269.jpg""},{""label"":""red_5"",""location"":""/experiment/red_similar/image_02561.jpg""},{""label"":""red_6"",""location"":""/experiment/red_similar/image_03162.jpg""},{""label"":""red_7"",""location"":""/experiment/red_similar/image_04769.jpg""},{""label"":""red_8"",""location"":""/experiment/red_similar/image_06490.jpg""},{""label"":""red_9"",""location"":""/experiment/red_similar/image_06787.jpg""},{""label"":""red_10"",""location"":""/experiment/red_similar/image_06859.jpg""},{""label"":""red_11"",""location"":""/experiment/red_similar/image_07641.jpg""},{""label"":""red_12"",""location"":""/experiment/red_similar/image_07931.jpg""}",4,competCartel,false
8HAcSYq55E8pTYMDK,2021-08-19T21:15:36Z,8HAcSYq55E8pTYMDK,hgiR2xKWi7TrPyBhj,"hfjXdTrbmxCRA5t6e,tc3q36j4HfQxQuYzC,8t6dD9zhAuYQG9MSW,Z6KN3FTj8YZhptkWs,qse7i4CMdPWwCYQsz,pWmDGofJfPNw7Q48z,QApfdHRz8wqpB5Sb4,hDrdzwYKH4PiAns5o,jaBEniNzmLhAgokSf,DSQoo9ymBJhJkW73F,w5GfwQ8dg8Smn4c3Z,pfrSXF8YevrXdi2dm,aY2GDhudBsY99ZGsw,MLiFd7NuEt8ufNbYk,CGECzSqrgHi733Lhu,ivbHDZa7xHLH35EgD,kMzFPb8ry9ezweG4F,q5XFuRtAZR28ee26P,bNmXa2BSvLMvjf9pS,qWGzFJ5qWZqgFHHD7,Ps8jJgbyYtK87HTQZ,YmmykancHHpHvinCP,o7NLpLk93AA5GB8Bw,a66DuniyCG6nD49py","CrNsenyEBYxfciJX3,Fca4e2EKdFHWHNQh4,GG9PGMS2QcLqvaiFz",9yGFzzhKPmCsRCkHy,2021-08-19T20:50:24Z,setA,yellow,red,"{""label"":""yellow_1"",""location"":""/experiment/yellow_similar/image_01220.jpg""},{""label"":""yellow_2"",""location"":""/experiment/yellow_similar/image_01753.jpg""},{""label"":""yellow_3"",""location"":""/experiment/yellow_similar/image_02295.jpg""},{""label"":""yellow_4"",""location"":""/experiment/yellow_similar/image_03709.jpg""},{""label"":""yellow_5"",""location"":""/experiment/yellow_similar/image_04078.jpg""},{""label"":""yellow_6"",""location"":""/experiment/yellow_similar/image_04425.jpg""},{""label"":""yellow_7"",""location"":""/experiment/yellow_similar/image_04667.jpg""},{""label"":""yellow_8"",""location"":""/experiment/yellow_similar/image_04982.jpg""},{""label"":""yellow_9"",""location"":""/experiment/yellow_similar/image_05700.jpg""},{""label"":""yellow_10"",""location"":""/experiment/yellow_similar/image_06298.jpg""},{""label"":""yellow_11"",""location"":""/experiment/yellow_similar/image_06354.jpg""},{""label"":""yellow_12"",""location"":""/experiment/yellow_similar/image_06676.jpg""}","{""label"":""red_1"",""location"":""/experiment/red_similar/image_00757.jpg""},{""label"":""red_2"",""location"":""/experiment/red_similar/image_01583.jpg""},{""label"":""red_3"",""location"":""/experiment/red_similar/image_01973.jpg""},{""label"":""red_4"",""location"":""/experiment/red_similar/image_02269.jpg""},{""label"":""red_5"",""location"":""/experiment/red_similar/image_02561.jpg""},{""label"":""red_6"",""location"":""/experiment/red_similar/image_03162.jpg""},{""label"":""red_7"",""location"":""/experiment/red_similar/image_04769.jpg""},{""label"":""red_8"",""location"":""/experiment/red_similar/image_06490.jpg""},{""label"":""red_9"",""location"":""/experiment/red_similar/image_06787.jpg""},{""label"":""red_10"",""location"":""/experiment/red_similar/image_06859.jpg""},{""label"":""red_11"",""location"":""/experiment/red_similar/image_07641.jpg""},{""label"":""red_12"",""location"":""/experiment/red_similar/image_07931.jpg""}",4,competCartel,false
mSAzCKGFCebEpwyY8,2021-08-19T20:51:33Z,mSAzCKGFCebEpwyY8,hgiR2xKWi7TrPyBhj,"ujuYfthxQmGxaHDBZ,3cC2pbnvQ7Hw3Qy5Z,umZdASdfngCPT4vtB,hX4Gjz93iW2LKdNtJ,xxEXKHgSGMSAFeJ8n,p6TTo7HD252PB89Gt,Gi2XhoD6nQhhpNLk7,bdjoAWt6gbuFmQkrE,ciexrLTQfn44Ltpko,zFRD3FepcWhiLj4zs,chYRFKrJfZEE68Ej8,83q7maqPSkfkzrrwi,L26RCaTkyZNgeuPxq,cmNDQvZfT76ceXP4f,TB77RZtCyCKhYQnxy,a4Mq6eZ9Pagt3xyu7,fnvCMWBvYzNTiWFBk,uXrHJ8KuvF8exoF4d,QoqQTTYQw6jpt3FDR,f7RckKD538z3mYDjd,NFvuR448jfLSbiBgB,sstd7bxKukfR8i7Aj,peSPt7der5xSfsXfJ,JowrkqNiHeC48RWTY","4ipqkJvwzvaSrDWc6,Fc8hP9H3oDuNrh8Mb,RCqCyyonSzuAMu9dW",9D2DdPZTGp2PmMTBf,2021-08-19T20:51:21Z,setA,white,red,"{""label"":""white_1"",""location"":""/experiment/white_similar/image_00006.jpg""},{""label"":""white_2"",""location"":""/experiment/white_similar/image_01448.jpg""},{""label"":""white_3"",""location"":""/experiment/white_similar/image_03139.jpg""},{""label"":""white_4"",""location"":""/experiment/white_similar/image_03710.jpg""},{""label"":""white_5"",""location"":""/experiment/white_similar/image_04849.jpg""},{""label"":""white_6"",""location"":""/experiment/white_similar/image_05280.jpg""},{""label"":""white_7"",""location"":""/experiment/white_similar/image_05493.jpg""},{""label"":""white_8"",""location"":""/experiment/white_similar/image_05846.jpg""},{""label"":""white_9"",""location"":""/experiment/white_similar/image_06003.jpg""},{""label"":""white_10"",""location"":""/experiment/white_similar/image_07057.jpg""},{""label"":""white_11"",""location"":""/experiment/white_similar/image_07463.jpg""},{""label"":""white_12"",""location"":""/experiment/white_similar/image_08131.jpg""}","{""label"":""red_1"",""location"":""/experiment/red_similar/image_00757.jpg""},{""label"":""red_2"",""location"":""/experiment/red_similar/image_01583.jpg""},{""label"":""red_3"",""location"":""/experiment/red_similar/image_01973.jpg""},{""label"":""red_4"",""location"":""/experiment/red_similar/image_02269.jpg""},{""label"":""red_5"",""location"":""/experiment/red_similar/image_02561.jpg""},{""label"":""red_6"",""location"":""/experiment/red_similar/image_03162.jpg""},{""label"":""red_7"",""location"":""/experiment/red_similar/image_04769.jpg""},{""label"":""red_8"",""location"":""/experiment/red_similar/image_06490.jpg""},{""label"":""red_9"",""location"":""/experiment/red_similar/image_06787.jpg""},{""label"":""red_10"",""location"":""/experiment/red_similar/image_06859.jpg""},{""label"":""red_11"",""location"":""/experiment/red_similar/image_07641.jpg""},{""label"":""red_12"",""location"":""/experiment/red_similar/image_07931.jpg""}",4,competCartel,false
HevPvvPd7xwLaz9S6,2021-08-19T21:01:10Z,HevPvvPd7xwLaz9S6,hgiR2xKWi7TrPyBhj,"yQecyrhoY3pe5rAH8,MnBTuKHRRavuTQWWN,va6FLFmSAuY4q2poL,ZZKmNxpsnNd8fqePo,3XGCPfwzZjd8pwWrD,5GTHLLLXnQdDkFtXc,f9Gfhc6yKzCS7Abmg,TBmFA5cGHRzkd2Kgt,QGaW5CRiftiDMMTt4,NFhwQ6PiSHh98qtrj,ytmJYbqbmZPHcEt7L,AHKYuZqjWce2z6xCS,zakYWrCGsAZfcSWhR,XpufxBsa977kfr8ue,PE84EfhvCTsBAj2sP,Bxm947snwxK5xkoEm,8kvdWpheoRhKqZkWj,jTi7GTvW3ht4aDz2D,rfz5hMqBRiSf2LKah,wpYLytkwsp46k76FW,kNoLzLFFWucFFrk3E,CTD6jDecWfzbdn5nW,N95kgwtY2rTSprXYD,vFxnYaDPmRHfm2N2S","FsZvRwcd5hAPGZ55n,TNkBXoLbzhruBA3gS,z3ecz5DfDoBJMMhag",wJQmoqg8fxyfkohAz,2021-08-19T20:53:02Z,setA,purple,white,"{""label"":""purple_1"",""location"":""/experiment/purple_similar/image_00450.jpg""},{""label"":""purple_2"",""location"":""/experiment/purple_similar/image_01664.jpg""},{""label"":""purple_3"",""location"":""/experiment/purple_similar/image_03085.jpg""},{""label"":""purple_4"",""location"":""/experiment/purple_similar/image_04133.jpg""},{""label"":""purple_5"",""location"":""/experiment/purple_similar/image_04335.jpg""},{""label"":""purple_6"",""location"":""/experiment/purple_similar/image_04700.jpg""},{""label"":""purple_7"",""location"":""/experiment/purple_similar/image_05355.jpg""},{""label"":""purple_8"",""location"":""/experiment/purple_similar/image_05639.jpg""},{""label"":""purple_9"",""location"":""/experiment/purple_similar/image_06714.jpg""},{""label"":""purple_10"",""location"":""/experiment/purple_similar/image_07320.jpg""},{""label"":""purple_11"",""location"":""/experiment/purple_similar/image_07517.jpg""},{""label"":""purple_12"",""location"":""/experiment/purple_similar/image_07752.jpg""}","{""label"":""white_1"",""location"":""/experiment/white_similar/image_00006.jpg""},{""label"":""white_2"",""location"":""/experiment/white_similar/image_01448.jpg""},{""label"":""white_3"",""location"":""/experiment/white_similar/image_03139.jpg""},{""label"":""white_4"",""location"":""/experiment/white_similar/image_03710.jpg""},{""label"":""white_5"",""location"":""/experiment/white_similar/image_04849.jpg""},{""label"":""white_6"",""location"":""/experiment/white_similar/image_05280.jpg""},{""label"":""white_7"",""location"":""/experiment/white_similar/image_05493.jpg""},{""label"":""white_8"",""location"":""/experiment/white_similar/image_05846.jpg""},{""label"":""white_9"",""location"":""/experiment/white_similar/image_06003.jpg""},{""label"":""white_10"",""location"":""/experiment/white_similar/image_07057.jpg""},{""label"":""white_11"",""location"":""/experiment/white_similar/image_07463.jpg""},{""label"":""white_12"",""location"":""/experiment/white_similar/image_08131.jpg""}",4,competCartel,false
mC5GMWYhGw6pyJ9Fh,2021-08-19T21:31:21Z,mC5GMWYhGw6pyJ9Fh,hgiR2xKWi7TrPyBhj,"CNWRNnxBq7WRahrma,ugcYxz55nnCDRZSGB,SvwWw2CiZvPFk8ZZx,DQX2nDmyaeGZqbeii,q8b2uXmpcTqmRbGnC,6aBbftpbCs2doLeWP,xkGcJ3paKRjnzcr2h,DbvzzRBZsNQvXF6nz,SXDv5gjx25AoC8gfY,ZQaiyrWhAh5XbYsip,Rv8vyTnYKRhqwtRmi,DgNuBFJM5CjazGu43,vTcFrRavZrFsiLXSM,vjC5yyg63bKybwzPd,C3oNd2y9NwvK9j8ZZ,MDyqPGxru5weaXspw,LyPNAAPx3j9SdoFk5,eu782gz247GrAFjNf,nycZBNxfDX8msP7Gd,b8p4L6eRmEQa8N5rs,bK9RcnoEvmQJn34Bk,bqHHiaWrFapEDGdHj,X6w5uZuH29eDArbWK,aWJuLiLvPzWxjKzbq","RLSZfCAjyXgskLC9e,ZtndsRgwnfzuyF4nX,cBrdZXKT5Bc3c7DwT",9t6nX58SP5h7ovCmm,2021-08-19T20:54:14Z,setA,white,red,"{""label"":""white_1"",""location"":""/experiment/white_similar/image_00006.jpg""},{""label"":""white_2"",""location"":""/experiment/white_similar/image_01448.jpg""},{""label"":""white_3"",""location"":""/experiment/white_similar/image_03139.jpg""},{""label"":""white_4"",""location"":""/experiment/white_similar/image_03710.jpg""},{""label"":""white_5"",""location"":""/experiment/white_similar/image_04849.jpg""},{""label"":""white_6"",""location"":""/experiment/white_similar/image_05280.jpg""},{""label"":""white_7"",""location"":""/experiment/white_similar/image_05493.jpg""},{""label"":""white_8"",""location"":""/experiment/white_similar/image_05846.jpg""},{""label"":""white_9"",""location"":""/experiment/white_similar/image_06003.jpg""},{""label"":""white_10"",""location"":""/experiment/white_similar/image_07057.jpg""},{""label"":""white_11"",""location"":""/experiment/white_similar/image_07463.jpg""},{""label"":""white_12"",""location"":""/experiment/white_similar/image_08131.jpg""}","{""label"":""red_1"",""location"":""/experiment/red_similar/image_00757.jpg""},{""label"":""red_2"",""location"":""/experiment/red_similar/image_01583.jpg""},{""label"":""red_3"",""location"":""/experiment/red_similar/image_01973.jpg""},{""label"":""red_4"",""location"":""/experiment/red_similar/image_02269.jpg""},{""label"":""red_5"",""location"":""/experiment/red_similar/image_02561.jpg""},{""label"":""red_6"",""location"":""/experiment/red_similar/image_03162.jpg""},{""label"":""red_7"",""location"":""/experiment/red_similar/image_04769.jpg""},{""label"":""red_8"",""location"":""/experiment/red_similar/image_06490.jpg""},{""label"":""red_9"",""location"":""/experiment/red_similar/image_06787.jpg""},{""label"":""red_10"",""location"":""/experiment/red_similar/image_06859.jpg""},{""label"":""red_11"",""location"":""/experiment/red_similar/image_07641.jpg""},{""label"":""red_12"",""location"":""/experiment/red_similar/image_07931.jpg""}",4,competCartel,false
wTPCpTBpdP9eKJswp,2021-08-19T21:17:51Z,wTPCpTBpdP9eKJswp,hgiR2xKWi7TrPyBhj,"Syu5BCG6co4Pp38AJ,7iXxyHptdeQzGtWEN,Y65qs8FSKMg4sT3ai,KChw8i5XnLiMxW4w8,44aRjGuPRxoc5vRi6,XerjM3dwAnX2KEhu8,6mAurxxprcz3oCNom,BX5yfPhx9v8jRgBmm,wMSwN8om2QzM7imKt,KwXrmkQgFeRTGz4q2,J8Tkwq9hMwdHf3fyA,Gx6WsDwof2nfTuCDn,Kc8nXvNnvJBZYeLbW,NXbNDiQizeoyjY2wT,ytLYTnXvLpiDDi8QY,qT9fAqn4y9v9GnReP,Rq8P8SucE4RmAF5wR,6SzEaSN7FzvJavzmH,hhMYm3FgXXPt5yLA4,dvwjpDs26dTM2awgG,zToLxyp7Skt8fQQw6,63yCLmYBshYpHxtsm,AFfSfrT4GjGc6krkD,aeg58q2jthFseQ3tb","9WA3JmMxQ2dovBS9F,ZnEcctC5C5tucNPfG,cibMkXDCFdcQRJ83F",xtuknPRSBZMZ5JZSn,2021-08-19T20:57:11Z,setA,red,purple,"{""label"":""red_1"",""location"":""/experiment/red_similar/image_00757.jpg""},{""label"":""red_2"",""location"":""/experiment/red_similar/image_01583.jpg""},{""label"":""red_3"",""location"":""/experiment/red_similar/image_01973.jpg""},{""label"":""red_4"",""location"":""/experiment/red_similar/image_02269.jpg""},{""label"":""red_5"",""location"":""/experiment/red_similar/image_02561.jpg""},{""label"":""red_6"",""location"":""/experiment/red_similar/image_03162.jpg""},{""label"":""red_7"",""location"":""/experiment/red_similar/image_04769.jpg""},{""label"":""red_8"",""location"":""/experiment/red_similar/image_06490.jpg""},{""label"":""red_9"",""location"":""/experiment/red_similar/image_06787.jpg""},{""label"":""red_10"",""location"":""/experiment/red_similar/image_06859.jpg""},{""label"":""red_11"",""location"":""/experiment/red_similar/image_07641.jpg""},{""label"":""red_12"",""location"":""/experiment/red_similar/image_07931.jpg""}","{""label"":""purple_1"",""location"":""/experiment/purple_similar/image_00450.jpg""},{""label"":""purple_2"",""location"":""/experiment/purple_similar/image_01664.jpg""},{""label"":""purple_3"",""location"":""/experiment/purple_similar/image_03085.jpg""},{""label"":""purple_4"",""location"":""/experiment/purple_similar/image_04133.jpg""},{""label"":""purple_5"",""location"":""/experiment/purple_similar/image_04335.jpg""},{""label"":""purple_6"",""location"":""/experiment/purple_similar/image_04700.jpg""},{""label"":""purple_7"",""location"":""/experiment/purple_similar/image_05355.jpg""},{""label"":""purple_8"",""location"":""/experiment/purple_similar/image_05639.jpg""},{""label"":""purple_9"",""location"":""/experiment/purple_similar/image_06714.jpg""},{""label"":""purple_10"",""location"":""/experiment/purple_similar/image_07320.jpg""},{""label"":""purple_11"",""location"":""/experiment/purple_similar/image_07517.jpg""},{""label"":""purple_12"",""location"":""/experiment/purple_similar/image_07752.jpg""}",4,competCartel,false
AtZP87gjjZLkAN4wk,2021-08-19T21:35:48Z,AtZP87gjjZLkAN4wk,hgiR2xKWi7TrPyBhj,"gekGE8C7m9ep4Q2kr,QAwQcSEDmNZJsCtHX,yLiYuh8dFFYjYTyQ5,tCq3MkDLWef6NRhrw,vdv4sNL4bHAmPHNZC,c55YstJKRKnXJEaqq,wXW7a68B37nwsvJNH,3Pou5etsRr9NuBdnT,NfCusJfaowSodJQpy,NjxceDFttkCNiFoG5,an9KxDZfZBBD5Pmm5,RLmGtshaCMJ6HH8tT,6LYPySwxNKtv5HPyc,6x4PWjecAvDWbDGJs,FLGji3Ah2vq6Aouxf,tjyjatKZ62e9hL5GY,qQHbERAS6pyC4H9XW,D2zWZt5ob8sThvmjg,PayeSG87Ks2uzquxv,D2oFYgdK5dywqB8MJ,8JEE6f4BpWQwqkFrh,tuetKBMhctZoAS8iY,46pMsj7yh3EzvinbK,qwaYCDEdEjiucjG6e","SLJwdAzD7ffs5ADwS,nKqfATc6iNjgjjgKM,nxsEsCdq85DXuazrK",MvefTvBY2KyLqH2Ti,2021-08-19T20:58:07Z,setA,white,purple,"{""label"":""white_1"",""location"":""/experiment/white_similar/image_00006.jpg""},{""label"":""white_2"",""location"":""/experiment/white_similar/image_01448.jpg""},{""label"":""white_3"",""location"":""/experiment/white_similar/image_03139.jpg""},{""label"":""white_4"",""location"":""/experiment/white_similar/image_03710.jpg""},{""label"":""white_5"",""location"":""/experiment/white_similar/image_04849.jpg""},{""label"":""white_6"",""location"":""/experiment/white_similar/image_05280.jpg""},{""label"":""white_7"",""location"":""/experiment/white_similar/image_05493.jpg""},{""label"":""white_8"",""location"":""/experiment/white_similar/image_05846.jpg""},{""label"":""white_9"",""location"":""/experiment/white_similar/image_06003.jpg""},{""label"":""white_10"",""location"":""/experiment/white_similar/image_07057.jpg""},{""label"":""white_11"",""location"":""/experiment/white_similar/image_07463.jpg""},{""label"":""white_12"",""location"":""/experiment/white_similar/image_08131.jpg""}","{""label"":""purple_1"",""location"":""/experiment/purple_similar/image_00450.jpg""},{""label"":""purple_2"",""location"":""/experiment/purple_similar/image_01664.jpg""},{""label"":""purple_3"",""location"":""/experiment/purple_similar/image_03085.jpg""},{""label"":""purple_4"",""location"":""/experiment/purple_similar/image_04133.jpg""},{""label"":""purple_5"",""location"":""/experiment/purple_similar/image_04335.jpg""},{""label"":""purple_6"",""location"":""/experiment/purple_similar/image_04700.jpg""},{""label"":""purple_7"",""location"":""/experiment/purple_similar/image_05355.jpg""},{""label"":""purple_8"",""location"":""/experiment/purple_similar/image_05639.jpg""},{""label"":""purple_9"",""location"":""/experiment/purple_similar/image_06714.jpg""},{""label"":""purple_10"",""location"":""/experiment/purple_similar/image_07320.jpg""},{""label"":""purple_11"",""location"":""/experiment/purple_similar/image_07517.jpg""},{""label"":""purple_12"",""location"":""/experiment/purple_similar/image_07752.jpg""}",4,competCartel,false
i5oTjkGdo6JjBr37b,2021-08-19T20:59:20Z,i5oTjkGdo6JjBr37b,hgiR2xKWi7TrPyBhj,"4Mf6q7eCEWaFP5sK5,E5sSRjZx98AbyFGbc,NiCTNKnfBqGBzsHSz,rcMPcuze26za5vv9P,GZCo79PbSLRg6pWZM,FgTNyXGhhQAamG9Qf,5Nw2Jjv4C9FMwviD9,HFK2FhFM8cKNLtjkH,piDPDmb534GBSvkrk,Patj6wpSSE2D2TeoL,Nrj42yyRkfuxWpEBs,5AJjYLwm6h3q3gp7e,vACyMam2BcbDxSxs3,NrJBSvbyBw9Su8Hwz,yxLBuivq5FgG5BECi,TLkaAq2pKEPDz7ZcY,soEkr59KbN97K3Wvo,zQRmXAqRKE7tDxahY,HMYJH2tJHJi4iLJrG,v4NYF3RZH9uL84mhE,REnEMufzhrYhfAcuy,rcPodZuYHGHJrSumc,FPXSEduBzn39YjL8w,vWk6g7wmQtShrugj5","53nGAi7E76hZ3FtdD,Y7pBdCPT2BT3bjwuZ,mP5c5Q8kCCnJMuZqT",q4DwHeRk3MrwLd9Zq,2021-08-19T20:59:08Z,setA,purple,yellow,"{""label"":""purple_1"",""location"":""/experiment/purple_similar/image_00450.jpg""},{""label"":""purple_2"",""location"":""/experiment/purple_similar/image_01664.jpg""},{""label"":""purple_3"",""location"":""/experiment/purple_similar/image_03085.jpg""},{""label"":""purple_4"",""location"":""/experiment/purple_similar/image_04133.jpg""},{""label"":""purple_5"",""location"":""/experiment/purple_similar/image_04335.jpg""},{""label"":""purple_6"",""location"":""/experiment/purple_similar/image_04700.jpg""},{""label"":""purple_7"",""location"":""/experiment/purple_similar/image_05355.jpg""},{""label"":""purple_8"",""location"":""/experiment/purple_similar/image_05639.jpg""},{""label"":""purple_9"",""location"":""/experiment/purple_similar/image_06714.jpg""},{""label"":""purple_10"",""location"":""/experiment/purple_similar/image_07320.jpg""},{""label"":""purple_11"",""location"":""/experiment/purple_similar/image_07517.jpg""},{""label"":""purple_12"",""location"":""/experiment/purple_similar/image_07752.jpg""}","{""label"":""yellow_1"",""location"":""/experiment/yellow_similar/image_01220.jpg""},{""label"":""yellow_2"",""location"":""/experiment/yellow_similar/image_01753.jpg""},{""label"":""yellow_3"",""location"":""/experiment/yellow_similar/image_02295.jpg""},{""label"":""yellow_4"",""location"":""/experiment/yellow_similar/image_03709.jpg""},{""label"":""yellow_5"",""location"":""/experiment/yellow_similar/image_04078.jpg""},{""label"":""yellow_6"",""location"":""/experiment/yellow_similar/image_04425.jpg""},{""label"":""yellow_7"",""location"":""/experiment/yellow_similar/image_04667.jpg""},{""label"":""yellow_8"",""location"":""/experiment/yellow_similar/image_04982.jpg""},{""label"":""yellow_9"",""location"":""/experiment/yellow_similar/image_05700.jpg""},{""label"":""yellow_10"",""location"":""/experiment/yellow_similar/image_06298.jpg""},{""label"":""yellow_11"",""location"":""/experiment/yellow_similar/image_06354.jpg""},{""label"":""yellow_12"",""location"":""/experiment/yellow_similar/image_06676.jpg""}",4,competCartel,false
9YvhBapNfWcFwvvpX,2021-08-19T21:16:25Z,9YvhBapNfWcFwvvpX,hgiR2xKWi7TrPyBhj,"mL88i6oGmeo4NsuoH,4vTEjKH8ysy8SFBjR,fRBhXHMwtRRAeRuWr,iFv5jNTYfxYvmCvyq,rWnTtqjKqt9Crdu96,jsyiAeWa56Pd6F386,sEFY2Gxkz6QQKMaJL,FA85hYzQ8xDPxbQRL,vQb8ACJCJj4gnqNeT,kTpQhQwno64Yi8xGj,roZBYhFbTRxYrWZBE,nSqkPjyk3HaKAoHwr,nNi8LsktqoyFrAksN,ivdA53HhTqefrCf49,mszbDrjmP9eMTpSfB,eivGHM9tmyotek5st,B2kDbzbYuhozXmL7F,2usMZF2ufptTCBxCf,oNwDE57QgvXTAeeZj,aBbiHCbPGP2s4YS2B,FkqTGWS5MHSXEr7vz,QoLv4ZiPv25YxxwEp,22StywjmDq7WCrKTJ,qHXgHcwvmFH2wPDQs","eYcYiyzfHXxEtesyi,hGi7jdHAqTpYmkqFx,zYZzeMkDHFCTn2oP6",DRfyaJ95MghYG6aei,2021-08-19T21:01:02Z,setA,red,yellow,"{""label"":""red_1"",""location"":""/experiment/red_similar/image_00757.jpg""},{""label"":""red_2"",""location"":""/experiment/red_similar/image_01583.jpg""},{""label"":""red_3"",""location"":""/experiment/red_similar/image_01973.jpg""},{""label"":""red_4"",""location"":""/experiment/red_similar/image_02269.jpg""},{""label"":""red_5"",""location"":""/experiment/red_similar/image_02561.jpg""},{""label"":""red_6"",""location"":""/experiment/red_similar/image_03162.jpg""},{""label"":""red_7"",""location"":""/experiment/red_similar/image_04769.jpg""},{""label"":""red_8"",""location"":""/experiment/red_similar/image_06490.jpg""},{""label"":""red_9"",""location"":""/experiment/red_similar/image_06787.jpg""},{""label"":""red_10"",""location"":""/experiment/red_similar/image_06859.jpg""},{""label"":""red_11"",""location"":""/experiment/red_similar/image_07641.jpg""},{""label"":""red_12"",""location"":""/experiment/red_similar/image_07931.jpg""}","{""label"":""yellow_1"",""location"":""/experiment/yellow_similar/image_01220.jpg""},{""label"":""yellow_2"",""location"":""/experiment/yellow_similar/image_01753.jpg""},{""label"":""yellow_3"",""location"":""/experiment/yellow_similar/image_02295.jpg""},{""label"":""yellow_4"",""location"":""/experiment/yellow_similar/image_03709.jpg""},{""label"":""yellow_5"",""location"":""/experiment/yellow_similar/image_04078.jpg""},{""label"":""yellow_6"",""location"":""/experiment/yellow_similar/image_04425.jpg""},{""label"":""yellow_7"",""location"":""/experiment/yellow_similar/image_04667.jpg""},{""label"":""yellow_8"",""location"":""/experiment/yellow_similar/image_04982.jpg""},{""label"":""yellow_9"",""location"":""/experiment/yellow_similar/image_05700.jpg""},{""label"":""yellow_10"",""location"":""/experiment/yellow_similar/image_06298.jpg""},{""label"":""yellow_11"",""location"":""/experiment/yellow_similar/image_06354.jpg""},{""label"":""yellow_12"",""location"":""/experiment/yellow_similar/image_06676.jpg""}",4,competCartel,false
qzSRSqEwDXuLRxceA,2021-08-19T21:11:19Z,qzSRSqEwDXuLRxceA,hgiR2xKWi7TrPyBhj,"CAqCYQHErYaCwJ9m2,JvWpjGx7rfDMm5DxJ,pmbAhmBN4v77sXZ55,fQFKXgWkW5hxYbnSu,ieTBuRR6JNvkHapPa,PLoNqCYHDooymRxqc,fPLtJWWaQciofXnxf,Pwn7tvhXy7D9qrxfA,FryZmj8Moahy6iRRF,voKZbuGCbTjF8RhwT,saEgFSrKTJqtBCXsP,bGemfm6QyjojDo8xa,8TABgDWAd72bQ637y,ox8eL89yKXDeKHth2,kfuZ4TZjine5Zdw4P,MiZ2Q7mS9rMjv79ue,N2wr8dbq8oByWJeng,XKMGW32WxFRCn6qzq,TArzD8S7j5W9jrRpK,JLvvEqkAcE7cDTZdr,nvYkRmNwiSepeTrhi,N22s49L2DeGm2dGjA,tShNgW29kbPJcrDCx,afJCoJjEGkgPSCabw","9YoiHjzccxpmwYwuj,d337LduZWGNKuT3SA,it7SjjwhBH6tThCTA",Q6TZ2f869YdBtxN2j,2021-08-19T21:07:07Z,setA,white,purple,"{""label"":""white_1"",""location"":""/experiment/white_similar/image_00006.jpg""},{""label"":""white_2"",""location"":""/experiment/white_similar/image_01448.jpg""},{""label"":""white_3"",""location"":""/experiment/white_similar/image_03139.jpg""},{""label"":""white_4"",""location"":""/experiment/white_similar/image_03710.jpg""},{""label"":""white_5"",""location"":""/experiment/white_similar/image_04849.jpg""},{""label"":""white_6"",""location"":""/experiment/white_similar/image_05280.jpg""},{""label"":""white_7"",""location"":""/experiment/white_similar/image_05493.jpg""},{""label"":""white_8"",""location"":""/experiment/white_similar/image_05846.jpg""},{""label"":""white_9"",""location"":""/experiment/white_similar/image_06003.jpg""},{""label"":""white_10"",""location"":""/experiment/white_similar/image_07057.jpg""},{""label"":""white_11"",""location"":""/experiment/white_similar/image_07463.jpg""},{""label"":""white_12"",""location"":""/experiment/white_similar/image_08131.jpg""}","{""label"":""purple_1"",""location"":""/experiment/purple_similar/image_00450.jpg""},{""label"":""purple_2"",""location"":""/experiment/purple_similar/image_01664.jpg""},{""label"":""purple_3"",""location"":""/experiment/purple_similar/image_03085.jpg""},{""label"":""purple_4"",""location"":""/experiment/purple_similar/image_04133.jpg""},{""label"":""purple_5"",""location"":""/experiment/purple_similar/image_04335.jpg""},{""label"":""purple_6"",""location"":""/experiment/purple_similar/image_04700.jpg""},{""label"":""purple_7"",""location"":""/experiment/purple_similar/image_05355.jpg""},{""label"":""purple_8"",""location"":""/experiment/purple_similar/image_05639.jpg""},{""label"":""purple_9"",""location"":""/experiment/purple_similar/image_06714.jpg""},{""label"":""purple_10"",""location"":""/experiment/purple_similar/image_07320.jpg""},{""label"":""purple_11"",""location"":""/experiment/purple_similar/image_07517.jpg""},{""label"":""purple_12"",""location"":""/experiment/purple_similar/image_07752.jpg""}",4,competCartel,false
