playerId,bot,readyAt,timeoutStartedAt,timeoutWaitCount,exitStepsDone,exitAt,exitStatus,exitReason,retiredAt,retiredReason,createdAt,nParticipants,imageCount,pictures,timeAmount,timeOut,knowledge,collision,selection,name,avatar,nameColor,bonus,flower_labels,flowers,otherflowers,otherflower_labels,p1,p2,rawScore,imageOrder,exitTimeoutId
p73W5jhdLXh8spSrS,NA,NA,NA,NA,NA,2021-08-20T19:17:12Z,gameFull,NA,2021-08-20T18:56:56Z,custom,2021-08-20T18:53:59Z,NA,NA,NA,NA,NA,NA,NA,NA,NA,NA,NA,NA,NA,NA,NA,NA,NA,NA,NA,NA,NA
yRskEZBoPGNuYjB6L,NA,NA,NA,NA,NA,2021-08-20T19:17:12Z,gameFull,NA,2021-08-20T18:56:57Z,custom,2021-08-20T18:53:59Z,NA,NA,NA,NA,NA,NA,NA,NA,NA,NA,NA,NA,NA,NA,NA,NA,NA,NA,NA,NA,NA
u69dpwTeRNdS4nDht,NA,NA,NA,NA,NA,2021-08-20T19:17:12Z,gameFull,NA,2021-08-20T18:56:57Z,custom,2021-08-20T18:53:59Z,NA,NA,NA,NA,NA,NA,NA,NA,NA,NA,NA,NA,NA,NA,NA,NA,NA,NA,NA,NA,NA
GuB9GnvomFGPf6syh,NA,NA,NA,NA,NA,2021-08-20T19:17:12Z,gameFull,NA,2021-08-20T18:56:57Z,custom,2021-08-20T18:54:00Z,NA,NA,NA,NA,NA,NA,NA,NA,NA,NA,NA,NA,NA,NA,NA,NA,NA,NA,NA,NA,NA
ycj4PiQ6ewPCGJ6XP,NA,NA,NA,NA,NA,2021-08-20T19:17:12Z,gameFull,NA,2021-08-20T18:56:58Z,custom,2021-08-20T18:54:27Z,NA,NA,NA,NA,NA,NA,NA,NA,NA,NA,NA,NA,NA,NA,NA,NA,NA,NA,NA,NA,NA
LKcz3u3hXKh6DWA8X,NA,2021-08-20T19:03:44Z,2021-08-20T19:03:44Z,1,instructions,2021-08-20T19:10:44Z,finished,NA,NA,NA,2021-08-20T18:58:23Z,3,6,different,3,0,everyplayersomeflower,clover,E,Repi,/avatars/jdenticon/Samuel,#8138A8,2.516,"{""white_1"":"""",""white_2"":"""",""white_3"":"""",""white_4"":"""",""white_5"":"""",""white_6"":"""",""white_7"":"""",""white_8"":"""",""white_9"":"""",""white_10"":"""",""white_11"":"""",""white_12"":""""}","{""label"":""white_12"",""location"":""/experiment/white_similar/image_08131.jpg""},{""label"":""white_6"",""location"":""/experiment/white_similar/image_05280.jpg""},{""label"":""white_9"",""location"":""/experiment/white_similar/image_06003.jpg""},{""label"":""white_8"",""location"":""/experiment/white_similar/image_05846.jpg""},{""label"":""white_10"",""location"":""/experiment/white_similar/image_07057.jpg""},{""label"":""white_2"",""location"":""/experiment/white_similar/image_01448.jpg""},{""label"":""white_11"",""location"":""/experiment/white_similar/image_07463.jpg""},{""label"":""white_7"",""location"":""/experiment/white_similar/image_05493.jpg""},{""label"":""white_4"",""location"":""/experiment/white_similar/image_03710.jpg""},{""label"":""white_1"",""location"":""/experiment/white_similar/image_00006.jpg""},{""label"":""white_3"",""location"":""/experiment/white_similar/image_03139.jpg""},{""label"":""white_5"",""location"":""/experiment/white_similar/image_04849.jpg""}","{""label"":""red_6"",""location"":""/experiment/red_similar/image_03162.jpg""},{""label"":""red_11"",""location"":""/experiment/red_similar/image_07641.jpg""},{""label"":""red_1"",""location"":""/experiment/red_similar/image_00757.jpg""},{""label"":""red_10"",""location"":""/experiment/red_similar/image_06859.jpg""}","{""red_6"":"""",""red_11"":"""",""red_1"":"""",""red_10"":""""}",Minu,Laju,NA,"white_7,white_6,white_12,white_5,white_11,white_3",NA
44NPsFeeBd4vCXTKd,NA,2021-08-20T19:04:09Z,2021-08-20T19:04:09Z,1,"instructions,othercolortest,ExitSurvey",2021-08-20T19:08:20Z,finished,NA,NA,NA,2021-08-20T18:58:23Z,3,6,different,3,0,everyplayersomeflower,clover,D,Repi,/avatars/jdenticon/Samuel,#8138A8,1.4790000000000003,"{""purple_1"":"""",""purple_2"":"""",""purple_3"":"""",""purple_4"":"""",""purple_5"":"""",""purple_6"":"""",""purple_7"":"""",""purple_8"":"""",""purple_9"":"""",""purple_10"":"""",""purple_11"":"""",""purple_12"":""""}","{""label"":""purple_10"",""location"":""/experiment/purple_similar/image_07320.jpg""},{""label"":""purple_12"",""location"":""/experiment/purple_similar/image_07752.jpg""},{""label"":""purple_2"",""location"":""/experiment/purple_similar/image_01664.jpg""},{""label"":""purple_6"",""location"":""/experiment/purple_similar/image_04700.jpg""},{""label"":""purple_11"",""location"":""/experiment/purple_similar/image_07517.jpg""},{""label"":""purple_4"",""location"":""/experiment/purple_similar/image_04133.jpg""},{""label"":""purple_7"",""location"":""/experiment/purple_similar/image_05355.jpg""},{""label"":""purple_8"",""location"":""/experiment/purple_similar/image_05639.jpg""},{""label"":""purple_9"",""location"":""/experiment/purple_similar/image_06714.jpg""},{""label"":""purple_5"",""location"":""/experiment/purple_similar/image_04335.jpg""},{""label"":""purple_1"",""location"":""/experiment/purple_similar/image_00450.jpg""},{""label"":""purple_3"",""location"":""/experiment/purple_similar/image_03085.jpg""}","{""label"":""red_11"",""location"":""/experiment/red_similar/image_07641.jpg""},{""label"":""red_12"",""location"":""/experiment/red_similar/image_07931.jpg""},{""label"":""red_9"",""location"":""/experiment/red_similar/image_06787.jpg""},{""label"":""red_2"",""location"":""/experiment/red_similar/image_01583.jpg""}","{""red_11"":""a red flower with yellow finials and delicate deep pink red petals layered on top of each other, is or very similar to a poppy"",""red_12"":""a sun shaped flower with red cigar shaped petals with tips ablaze in bright cadmium yellow blazing yellow at the tip like a sun setting in reverse. The center is a fuzzy ball of yellow blooming center encased in vibrant red."",""red_9"":""An exotic flower with yellow and red ribbons of petals curling up to the sky with its antha like curious mantises reaching out away from the vibrant fingers of petals."",""red_2"":""The celebratory flower of winter magic with hardy leaf like petals of candy red, its sparkling gold antha bursing foward like a Christmas crown.""}",Minu,Laju,6,"purple_2,purple_4,purple_6,purple_1,purple_5,purple_7",NA
EzjNcKdaF8rEss7Zv,NA,2021-08-20T19:02:55Z,2021-08-20T19:02:55Z,1,"instructions,othercolortest,ExitSurvey",2021-08-20T19:06:57Z,finished,NA,NA,NA,2021-08-20T18:58:26Z,3,6,different,3,0,everyplayersomeflower,clover,D,Minu,/avatars/jdenticon/Alaina,#7ACC66,2.1760000000000006,"{""yellow_1"":"""",""yellow_2"":"""",""yellow_3"":"""",""yellow_4"":"""",""yellow_5"":"""",""yellow_6"":"""",""yellow_7"":"""",""yellow_8"":"""",""yellow_9"":"""",""yellow_10"":"""",""yellow_11"":"""",""yellow_12"":""""}","{""label"":""yellow_5"",""location"":""/experiment/yellow_similar/image_04078.jpg""},{""label"":""yellow_4"",""location"":""/experiment/yellow_similar/image_03709.jpg""},{""label"":""yellow_11"",""location"":""/experiment/yellow_similar/image_06354.jpg""},{""label"":""yellow_8"",""location"":""/experiment/yellow_similar/image_04982.jpg""},{""label"":""yellow_12"",""location"":""/experiment/yellow_similar/image_06676.jpg""},{""label"":""yellow_1"",""location"":""/experiment/yellow_similar/image_01220.jpg""},{""label"":""yellow_10"",""location"":""/experiment/yellow_similar/image_06298.jpg""},{""label"":""yellow_7"",""location"":""/experiment/yellow_similar/image_04667.jpg""},{""label"":""yellow_9"",""location"":""/experiment/yellow_similar/image_05700.jpg""},{""label"":""yellow_3"",""location"":""/experiment/yellow_similar/image_02295.jpg""},{""label"":""yellow_6"",""location"":""/experiment/yellow_similar/image_04425.jpg""},{""label"":""yellow_2"",""location"":""/experiment/yellow_similar/image_01753.jpg""}","{""label"":""white_2"",""location"":""/experiment/white_similar/image_01448.jpg""},{""label"":""white_12"",""location"":""/experiment/white_similar/image_08131.jpg""},{""label"":""white_3"",""location"":""/experiment/white_similar/image_03139.jpg""},{""label"":""white_5"",""location"":""/experiment/white_similar/image_04849.jpg""}","{""white_2"":""opening white flowers with yellow in the middle"",""white_12"":""four petal white flower with sprouts coming out "",""white_3"":""white flower growing off the stem"",""white_5"":""beautiful white flower with green in the middle""}",Repi,Laju,8,"yellow_3,yellow_2,yellow_4,yellow_9,yellow_1,yellow_11",NA
GnFQtx3d8goxbppug,NA,2021-08-20T19:01:52Z,2021-08-20T19:01:52Z,1,"instructions,othercolortest,ExitSurvey",2021-08-20T19:05:43Z,finished,NA,NA,NA,2021-08-20T18:58:28Z,3,6,different,3,0,everyplayersomeflower,clover,E,Minu,/avatars/jdenticon/Alaina,#7ACC66,1.5639999999999998,"{""white_1"":"""",""white_2"":"""",""white_3"":"""",""white_4"":"""",""white_5"":"""",""white_6"":"""",""white_7"":"""",""white_8"":"""",""white_9"":"""",""white_10"":"""",""white_11"":"""",""white_12"":""""}","{""label"":""white_3"",""location"":""/experiment/white_similar/image_03139.jpg""},{""label"":""white_12"",""location"":""/experiment/white_similar/image_08131.jpg""},{""label"":""white_6"",""location"":""/experiment/white_similar/image_05280.jpg""},{""label"":""white_10"",""location"":""/experiment/white_similar/image_07057.jpg""},{""label"":""white_7"",""location"":""/experiment/white_similar/image_05493.jpg""},{""label"":""white_4"",""location"":""/experiment/white_similar/image_03710.jpg""},{""label"":""white_2"",""location"":""/experiment/white_similar/image_01448.jpg""},{""label"":""white_1"",""location"":""/experiment/white_similar/image_00006.jpg""},{""label"":""white_8"",""location"":""/experiment/white_similar/image_05846.jpg""},{""label"":""white_11"",""location"":""/experiment/white_similar/image_07463.jpg""},{""label"":""white_9"",""location"":""/experiment/white_similar/image_06003.jpg""},{""label"":""white_5"",""location"":""/experiment/white_similar/image_04849.jpg""}","{""label"":""purple_9"",""location"":""/experiment/purple_similar/image_06714.jpg""},{""label"":""purple_4"",""location"":""/experiment/purple_similar/image_04133.jpg""},{""label"":""purple_6"",""location"":""/experiment/purple_similar/image_04700.jpg""},{""label"":""purple_10"",""location"":""/experiment/purple_similar/image_07320.jpg""}","{""purple_9"":""Purple orchid"",""purple_4"":""Purple ball flower"",""purple_6"":""Purple pinwheel flower"",""purple_10"":""Purple bell flower""}",Repi,Laju,2,"white_9,white_2,white_3,white_1,white_11,white_8",NA
DcFGZXX2uqjnZ2g8i,NA,2021-08-20T19:01:20Z,2021-08-20T19:01:20Z,1,"instructions,othercolortest,ExitSurvey",2021-08-20T19:05:43Z,finished,NA,NA,NA,2021-08-20T18:58:30Z,3,6,different,3,0,everyplayersomeflower,clover,E,Repi,/avatars/jdenticon/Samuel,#8138A8,2.2950000000000004,"{""white_1"":"""",""white_2"":"""",""white_3"":"""",""white_4"":"""",""white_5"":"""",""white_6"":"""",""white_7"":"""",""white_8"":"""",""white_9"":"""",""white_10"":"""",""white_11"":"""",""white_12"":""""}","{""label"":""white_2"",""location"":""/experiment/white_similar/image_01448.jpg""},{""label"":""white_1"",""location"":""/experiment/white_similar/image_00006.jpg""},{""label"":""white_8"",""location"":""/experiment/white_similar/image_05846.jpg""},{""label"":""white_4"",""location"":""/experiment/white_similar/image_03710.jpg""},{""label"":""white_12"",""location"":""/experiment/white_similar/image_08131.jpg""},{""label"":""white_5"",""location"":""/experiment/white_similar/image_04849.jpg""},{""label"":""white_11"",""location"":""/experiment/white_similar/image_07463.jpg""},{""label"":""white_3"",""location"":""/experiment/white_similar/image_03139.jpg""},{""label"":""white_9"",""location"":""/experiment/white_similar/image_06003.jpg""},{""label"":""white_7"",""location"":""/experiment/white_similar/image_05493.jpg""},{""label"":""white_10"",""location"":""/experiment/white_similar/image_07057.jpg""},{""label"":""white_6"",""location"":""/experiment/white_similar/image_05280.jpg""}","{""label"":""purple_11"",""location"":""/experiment/purple_similar/image_07517.jpg""},{""label"":""purple_4"",""location"":""/experiment/purple_similar/image_04133.jpg""},{""label"":""purple_12"",""location"":""/experiment/purple_similar/image_07752.jpg""},{""label"":""purple_9"",""location"":""/experiment/purple_similar/image_06714.jpg""}","{""purple_11"":""Purple and split"",""purple_4"":""Purple and point"",""purple_12"":""Purple and a wrinkled bloom"",""purple_9"":""Purple Starfish look alike""}",Minu,Laju,2,"white_1,white_3,white_11,white_9,white_8,white_2",NA
crS7fos5rMRKue3MJ,NA,2021-08-20T19:03:51Z,2021-08-20T19:03:51Z,1,"instructions,othercolortest,ExitSurvey",2021-08-20T19:10:44Z,finished,NA,NA,NA,2021-08-20T18:58:32Z,3,6,different,3,0,everyplayersomeflower,clover,E,Laju,/avatars/jdenticon/Katherine,#3D45B7,2.7710000000000004,"{""white_1"":"""",""white_2"":"""",""white_3"":"""",""white_4"":"""",""white_5"":"""",""white_6"":"""",""white_7"":"""",""white_8"":"""",""white_9"":"""",""white_10"":"""",""white_11"":"""",""white_12"":""""}","{""label"":""white_8"",""location"":""/experiment/white_similar/image_05846.jpg""},{""label"":""white_10"",""location"":""/experiment/white_similar/image_07057.jpg""},{""label"":""white_12"",""location"":""/experiment/white_similar/image_08131.jpg""},{""label"":""white_1"",""location"":""/experiment/white_similar/image_00006.jpg""},{""label"":""white_6"",""location"":""/experiment/white_similar/image_05280.jpg""},{""label"":""white_11"",""location"":""/experiment/white_similar/image_07463.jpg""},{""label"":""white_3"",""location"":""/experiment/white_similar/image_03139.jpg""},{""label"":""white_2"",""location"":""/experiment/white_similar/image_01448.jpg""},{""label"":""white_4"",""location"":""/experiment/white_similar/image_03710.jpg""},{""label"":""white_5"",""location"":""/experiment/white_similar/image_04849.jpg""},{""label"":""white_7"",""location"":""/experiment/white_similar/image_05493.jpg""},{""label"":""white_9"",""location"":""/experiment/white_similar/image_06003.jpg""}","{""label"":""red_7"",""location"":""/experiment/red_similar/image_04769.jpg""},{""label"":""red_10"",""location"":""/experiment/red_similar/image_06859.jpg""},{""label"":""red_5"",""location"":""/experiment/red_similar/image_02561.jpg""},{""label"":""red_12"",""location"":""/experiment/red_similar/image_07931.jpg""}","{""red_7"":""Red petal trumpet flowers"",""red_10"":""Red hyacinth type flower"",""red_5"":""Aquilegia"",""red_12"":""Red Daisies""}",Repi,Minu,8,"white_12,white_6,white_3,white_11,white_5,white_7",NA
pdW4RbKqxNKjRYBbB,NA,2021-08-20T19:06:13Z,2021-08-20T19:06:13Z,1,"instructions,othercolortest,ExitSurvey",2021-08-20T19:10:29Z,finished,NA,NA,NA,2021-08-20T18:58:32Z,3,6,different,3,0,everyplayersomeflower,clover,E,Minu,/avatars/jdenticon/Alaina,#7ACC66,1.4450000000000005,"{""white_1"":"""",""white_2"":"""",""white_3"":"""",""white_4"":"""",""white_5"":"""",""white_6"":"""",""white_7"":"""",""white_8"":"""",""white_9"":"""",""white_10"":"""",""white_11"":"""",""white_12"":""""}","{""label"":""white_4"",""location"":""/experiment/white_similar/image_03710.jpg""},{""label"":""white_7"",""location"":""/experiment/white_similar/image_05493.jpg""},{""label"":""white_3"",""location"":""/experiment/white_similar/image_03139.jpg""},{""label"":""white_10"",""location"":""/experiment/white_similar/image_07057.jpg""},{""label"":""white_9"",""location"":""/experiment/white_similar/image_06003.jpg""},{""label"":""white_8"",""location"":""/experiment/white_similar/image_05846.jpg""},{""label"":""white_6"",""location"":""/experiment/white_similar/image_05280.jpg""},{""label"":""white_2"",""location"":""/experiment/white_similar/image_01448.jpg""},{""label"":""white_11"",""location"":""/experiment/white_similar/image_07463.jpg""},{""label"":""white_5"",""location"":""/experiment/white_similar/image_04849.jpg""},{""label"":""white_1"",""location"":""/experiment/white_similar/image_00006.jpg""},{""label"":""white_12"",""location"":""/experiment/white_similar/image_08131.jpg""}","{""label"":""yellow_3"",""location"":""/experiment/yellow_similar/image_02295.jpg""},{""label"":""yellow_12"",""location"":""/experiment/yellow_similar/image_06676.jpg""},{""label"":""yellow_11"",""location"":""/experiment/yellow_similar/image_06354.jpg""},{""label"":""yellow_6"",""location"":""/experiment/yellow_similar/image_04425.jpg""}","{""yellow_3"":""a yellow flower, similar to a sunflower but with longer petals and a smaller seedhead in the centre"",""yellow_12"":""a pretty yellow flower with large floaty looking petals"",""yellow_11"":""a yellow flower with drooping petals that, while bright, look dehydrated/dead"",""yellow_6"":""a bright yellow flower with orange speckles on some of the petals""}",Repi,Laju,4,"white_2,white_11,white_12,white_6,white_5,white_7",NA
2AJseKMndxJnYJgHW,NA,2021-08-20T19:03:29Z,2021-08-20T19:03:29Z,1,"instructions,othercolortest,ExitSurvey",2021-08-20T19:07:43Z,finished,NA,NA,NA,2021-08-20T18:58:34Z,3,6,different,3,0,everyplayersomeflower,clover,E,Repi,/avatars/jdenticon/Samuel,#8138A8,1.9720000000000002,"{""purple_1"":"""",""purple_2"":"""",""purple_3"":"""",""purple_4"":"""",""purple_5"":"""",""purple_6"":"""",""purple_7"":"""",""purple_8"":"""",""purple_9"":"""",""purple_10"":"""",""purple_11"":"""",""purple_12"":""""}","{""label"":""purple_8"",""location"":""/experiment/purple_similar/image_05639.jpg""},{""label"":""purple_2"",""location"":""/experiment/purple_similar/image_01664.jpg""},{""label"":""purple_12"",""location"":""/experiment/purple_similar/image_07752.jpg""},{""label"":""purple_7"",""location"":""/experiment/purple_similar/image_05355.jpg""},{""label"":""purple_1"",""location"":""/experiment/purple_similar/image_00450.jpg""},{""label"":""purple_4"",""location"":""/experiment/purple_similar/image_04133.jpg""},{""label"":""purple_5"",""location"":""/experiment/purple_similar/image_04335.jpg""},{""label"":""purple_11"",""location"":""/experiment/purple_similar/image_07517.jpg""},{""label"":""purple_9"",""location"":""/experiment/purple_similar/image_06714.jpg""},{""label"":""purple_3"",""location"":""/experiment/purple_similar/image_03085.jpg""},{""label"":""purple_6"",""location"":""/experiment/purple_similar/image_04700.jpg""},{""label"":""purple_10"",""location"":""/experiment/purple_similar/image_07320.jpg""}","{""label"":""red_6"",""location"":""/experiment/red_similar/image_03162.jpg""},{""label"":""red_4"",""location"":""/experiment/red_similar/image_02269.jpg""},{""label"":""red_1"",""location"":""/experiment/red_similar/image_00757.jpg""},{""label"":""red_3"",""location"":""/experiment/red_similar/image_01973.jpg""}","{""red_6"":""Vibrant and unique."",""red_4"":""Gerber daisy, my favorite! "",""red_1"":""Brilliant red, appears to thrive in strong sunlight. "",""red_3"":""Reminds me of something you'd see in a Monet painting -- beautiful color, one strong petal. ""}",Minu,Laju,2,"purple_1,purple_12,purple_7,purple_5,purple_10,purple_2",NA
DBPYotG84twbs28cA,NA,2021-08-20T19:02:15Z,2021-08-20T19:02:15Z,1,"instructions,othercolortest,ExitSurvey",2021-08-20T19:06:51Z,finished,NA,NA,NA,2021-08-20T18:58:34Z,3,6,different,3,0,everyplayersomeflower,clover,D,Repi,/avatars/jdenticon/Samuel,#8138A8,2.0060000000000007,"{""red_1"":"""",""red_2"":"""",""red_3"":"""",""red_4"":"""",""red_5"":"""",""red_6"":"""",""red_7"":"""",""red_8"":"""",""red_9"":"""",""red_10"":"""",""red_11"":"""",""red_12"":""""}","{""label"":""red_11"",""location"":""/experiment/red_similar/image_07641.jpg""},{""label"":""red_2"",""location"":""/experiment/red_similar/image_01583.jpg""},{""label"":""red_12"",""location"":""/experiment/red_similar/image_07931.jpg""},{""label"":""red_1"",""location"":""/experiment/red_similar/image_00757.jpg""},{""label"":""red_9"",""location"":""/experiment/red_similar/image_06787.jpg""},{""label"":""red_3"",""location"":""/experiment/red_similar/image_01973.jpg""},{""label"":""red_8"",""location"":""/experiment/red_similar/image_06490.jpg""},{""label"":""red_10"",""location"":""/experiment/red_similar/image_06859.jpg""},{""label"":""red_4"",""location"":""/experiment/red_similar/image_02269.jpg""},{""label"":""red_7"",""location"":""/experiment/red_similar/image_04769.jpg""},{""label"":""red_5"",""location"":""/experiment/red_similar/image_02561.jpg""},{""label"":""red_6"",""location"":""/experiment/red_similar/image_03162.jpg""}","{""label"":""yellow_12"",""location"":""/experiment/yellow_similar/image_06676.jpg""},{""label"":""yellow_5"",""location"":""/experiment/yellow_similar/image_04078.jpg""},{""label"":""yellow_6"",""location"":""/experiment/yellow_similar/image_04425.jpg""},{""label"":""yellow_10"",""location"":""/experiment/yellow_similar/image_06298.jpg""}","{""yellow_12"":""yellow flower with translucent petals"",""yellow_5"":""yellow flowers that kind of look like dandelions"",""yellow_6"":""some kind of yellow daffodil, I think"",""yellow_10"":""yellow flower that kind of looks like a sea urchin""}",Minu,Laju,7,"red_12,red_3,red_5,red_1,red_6,red_7",NA
h3BnPjtKpH25c4rJJ,NA,2021-08-20T19:01:57Z,2021-08-20T19:01:57Z,1,"instructions,othercolortest,ExitSurvey",2021-08-20T19:05:43Z,finished,NA,NA,NA,2021-08-20T18:58:35Z,3,6,different,3,0,everyplayersomeflower,clover,C,Laju,/avatars/jdenticon/Katherine,#3D45B7,2.601,"{""white_1"":"""",""white_2"":"""",""white_3"":"""",""white_4"":"""",""white_5"":"""",""white_6"":"""",""white_7"":"""",""white_8"":"""",""white_9"":"""",""white_10"":"""",""white_11"":"""",""white_12"":""""}","{""label"":""white_1"",""location"":""/experiment/white_similar/image_00006.jpg""},{""label"":""white_7"",""location"":""/experiment/white_similar/image_05493.jpg""},{""label"":""white_4"",""location"":""/experiment/white_similar/image_03710.jpg""},{""label"":""white_12"",""location"":""/experiment/white_similar/image_08131.jpg""},{""label"":""white_10"",""location"":""/experiment/white_similar/image_07057.jpg""},{""label"":""white_2"",""location"":""/experiment/white_similar/image_01448.jpg""},{""label"":""white_8"",""location"":""/experiment/white_similar/image_05846.jpg""},{""label"":""white_11"",""location"":""/experiment/white_similar/image_07463.jpg""},{""label"":""white_3"",""location"":""/experiment/white_similar/image_03139.jpg""},{""label"":""white_5"",""location"":""/experiment/white_similar/image_04849.jpg""},{""label"":""white_9"",""location"":""/experiment/white_similar/image_06003.jpg""},{""label"":""white_6"",""location"":""/experiment/white_similar/image_05280.jpg""}","{""label"":""purple_3"",""location"":""/experiment/purple_similar/image_03085.jpg""},{""label"":""purple_11"",""location"":""/experiment/purple_similar/image_07517.jpg""},{""label"":""purple_2"",""location"":""/experiment/purple_similar/image_01664.jpg""},{""label"":""purple_8"",""location"":""/experiment/purple_similar/image_05639.jpg""}","{""purple_3"":""Purple flower with long petals that stick out"",""purple_11"":""Purple flower with a yellow middle that sticks out and petals that fold on themselves"",""purple_2"":""purple flower with a yellow middle that blends into the petals "",""purple_8"":""purple flowers with petals that form into the shape of a bell""}",Repi,Minu,10,"white_2,white_11,white_8,white_3,white_9,white_1",NA
pKp4apB64GSFYwhYq,NA,2021-08-20T19:03:08Z,2021-08-20T19:03:08Z,1,"instructions,othercolortest,ExitSurvey",2021-08-20T19:07:43Z,finished,NA,NA,NA,2021-08-20T18:58:35Z,3,6,different,3,0,everyplayersomeflower,clover,D,Minu,/avatars/jdenticon/Alaina,#7ACC66,2.2439999999999998,"{""purple_1"":"""",""purple_2"":"""",""purple_3"":"""",""purple_4"":"""",""purple_5"":"""",""purple_6"":"""",""purple_7"":"""",""purple_8"":"""",""purple_9"":"""",""purple_10"":"""",""purple_11"":"""",""purple_12"":""""}","{""label"":""purple_5"",""location"":""/experiment/purple_similar/image_04335.jpg""},{""label"":""purple_9"",""location"":""/experiment/purple_similar/image_06714.jpg""},{""label"":""purple_2"",""location"":""/experiment/purple_similar/image_01664.jpg""},{""label"":""purple_12"",""location"":""/experiment/purple_similar/image_07752.jpg""},{""label"":""purple_3"",""location"":""/experiment/purple_similar/image_03085.jpg""},{""label"":""purple_11"",""location"":""/experiment/purple_similar/image_07517.jpg""},{""label"":""purple_4"",""location"":""/experiment/purple_similar/image_04133.jpg""},{""label"":""purple_10"",""location"":""/experiment/purple_similar/image_07320.jpg""},{""label"":""purple_1"",""location"":""/experiment/purple_similar/image_00450.jpg""},{""label"":""purple_8"",""location"":""/experiment/purple_similar/image_05639.jpg""},{""label"":""purple_7"",""location"":""/experiment/purple_similar/image_05355.jpg""},{""label"":""purple_6"",""location"":""/experiment/purple_similar/image_04700.jpg""}","{""label"":""red_5"",""location"":""/experiment/red_similar/image_02561.jpg""},{""label"":""red_6"",""location"":""/experiment/red_similar/image_03162.jpg""},{""label"":""red_8"",""location"":""/experiment/red_similar/image_06490.jpg""},{""label"":""red_1"",""location"":""/experiment/red_similar/image_00757.jpg""}","{""red_5"":""A pretty flower with red petals on the outside and white petals on the inside"",""red_6"":""A solid pink flower with green stems running through it."",""red_8"":""A red flower that hangs over with a bowl in the middle."",""red_1"":""A pink flower with pink petals that has yellow stems carrying them.""}",Repi,Laju,2,"purple_1,purple_5,purple_12,purple_2,purple_7,purple_10",NA
sfo9kSQAD6z92bMAD,NA,NA,NA,NA,NA,2021-08-20T19:17:12Z,gameFull,NA,NA,NA,2021-08-20T18:58:35Z,NA,NA,NA,NA,NA,NA,NA,NA,NA,NA,NA,NA,NA,NA,NA,NA,NA,NA,NA,NA,NA
X86yAP27wJbYducqQ,NA,2021-08-20T19:02:51Z,2021-08-20T19:02:51Z,1,"instructions,othercolortest,ExitSurvey",2021-08-20T19:06:57Z,finished,NA,NA,NA,2021-08-20T18:58:37Z,3,6,different,3,0,everyplayersomeflower,clover,D,Laju,/avatars/jdenticon/Katherine,#3D45B7,2.4990000000000006,"{""yellow_1"":"""",""yellow_2"":"""",""yellow_3"":"""",""yellow_4"":"""",""yellow_5"":"""",""yellow_6"":"""",""yellow_7"":"""",""yellow_8"":"""",""yellow_9"":"""",""yellow_10"":"""",""yellow_11"":"""",""yellow_12"":""""}","{""label"":""yellow_4"",""location"":""/experiment/yellow_similar/image_03709.jpg""},{""label"":""yellow_1"",""location"":""/experiment/yellow_similar/image_01220.jpg""},{""label"":""yellow_10"",""location"":""/experiment/yellow_similar/image_06298.jpg""},{""label"":""yellow_5"",""location"":""/experiment/yellow_similar/image_04078.jpg""},{""label"":""yellow_12"",""location"":""/experiment/yellow_similar/image_06676.jpg""},{""label"":""yellow_11"",""location"":""/experiment/yellow_similar/image_06354.jpg""},{""label"":""yellow_7"",""location"":""/experiment/yellow_similar/image_04667.jpg""},{""label"":""yellow_9"",""location"":""/experiment/yellow_similar/image_05700.jpg""},{""label"":""yellow_2"",""location"":""/experiment/yellow_similar/image_01753.jpg""},{""label"":""yellow_8"",""location"":""/experiment/yellow_similar/image_04982.jpg""},{""label"":""yellow_6"",""location"":""/experiment/yellow_similar/image_04425.jpg""},{""label"":""yellow_3"",""location"":""/experiment/yellow_similar/image_02295.jpg""}","{""label"":""white_4"",""location"":""/experiment/white_similar/image_03710.jpg""},{""label"":""white_12"",""location"":""/experiment/white_similar/image_08131.jpg""},{""label"":""white_1"",""location"":""/experiment/white_similar/image_00006.jpg""},{""label"":""white_9"",""location"":""/experiment/white_similar/image_06003.jpg""}","{""white_4"":""full white flowers with yellow centers. golden yellow stripes in the yellow centers"",""white_12"":""four white leaves of a flower. stringy middle with orange tips"",""white_1"":""large flower, green with purple strings coming out of the middle. looks like some sort of bug or frog is in the middle"",""white_9"":""looks like a starfish. white leaves with yellow and green in the middle""}",Repi,Minu,2,"yellow_1,yellow_3,yellow_11,yellow_4,yellow_2,yellow_9",NA
peki9E7atEoKbfMWL,NA,2021-08-20T19:02:37Z,2021-08-20T19:02:37Z,1,"instructions,othercolortest,ExitSurvey",2021-08-20T19:09:11Z,finished,NA,NA,NA,2021-08-20T18:58:38Z,3,6,different,3,0,everyplayersomeflower,clover,D,Laju,/avatars/jdenticon/Katherine,#3D45B7,2.0060000000000007,"{""purple_1"":"""",""purple_2"":"""",""purple_3"":"""",""purple_4"":"""",""purple_5"":"""",""purple_6"":"""",""purple_7"":"""",""purple_8"":"""",""purple_9"":"""",""purple_10"":"""",""purple_11"":"""",""purple_12"":""""}","{""label"":""purple_2"",""location"":""/experiment/purple_similar/image_01664.jpg""},{""label"":""purple_11"",""location"":""/experiment/purple_similar/image_07517.jpg""},{""label"":""purple_12"",""location"":""/experiment/purple_similar/image_07752.jpg""},{""label"":""purple_4"",""location"":""/experiment/purple_similar/image_04133.jpg""},{""label"":""purple_5"",""location"":""/experiment/purple_similar/image_04335.jpg""},{""label"":""purple_7"",""location"":""/experiment/purple_similar/image_05355.jpg""},{""label"":""purple_6"",""location"":""/experiment/purple_similar/image_04700.jpg""},{""label"":""purple_1"",""location"":""/experiment/purple_similar/image_00450.jpg""},{""label"":""purple_8"",""location"":""/experiment/purple_similar/image_05639.jpg""},{""label"":""purple_9"",""location"":""/experiment/purple_similar/image_06714.jpg""},{""label"":""purple_3"",""location"":""/experiment/purple_similar/image_03085.jpg""},{""label"":""purple_10"",""location"":""/experiment/purple_similar/image_07320.jpg""}","{""label"":""red_2"",""location"":""/experiment/red_similar/image_01583.jpg""},{""label"":""red_8"",""location"":""/experiment/red_similar/image_06490.jpg""},{""label"":""red_7"",""location"":""/experiment/red_similar/image_04769.jpg""},{""label"":""red_11"",""location"":""/experiment/red_similar/image_07641.jpg""}","{""red_2"":""Red poinsettias"",""red_8"":""Red poppies"",""red_7"":""Red primulas"",""red_11"":""2 red flowers with a yellow centre""}",Repi,Minu,2,"purple_3,purple_2,purple_5,purple_1,purple_12,purple_7",NA
vZfz47LWqA4aqEvuT,NA,NA,NA,NA,NA,2021-08-20T19:17:12Z,gameFull,NA,NA,NA,2021-08-20T18:58:38Z,NA,NA,NA,NA,NA,NA,NA,NA,NA,NA,NA,NA,NA,NA,NA,NA,NA,NA,NA,NA,NA
GZf3sgPEDZRPBAq2g,NA,2021-08-20T19:02:02Z,2021-08-20T19:02:02Z,1,"instructions,othercolortest,ExitSurvey",2021-08-20T19:06:51Z,finished,NA,NA,NA,2021-08-20T18:58:38Z,3,6,different,3,0,everyplayersomeflower,clover,D,Minu,/avatars/jdenticon/Alaina,#7ACC66,1.8700000000000003,"{""red_1"":"""",""red_2"":"""",""red_3"":"""",""red_4"":"""",""red_5"":"""",""red_6"":"""",""red_7"":"""",""red_8"":"""",""red_9"":"""",""red_10"":"""",""red_11"":"""",""red_12"":""""}","{""label"":""red_8"",""location"":""/experiment/red_similar/image_06490.jpg""},{""label"":""red_3"",""location"":""/experiment/red_similar/image_01973.jpg""},{""label"":""red_9"",""location"":""/experiment/red_similar/image_06787.jpg""},{""label"":""red_10"",""location"":""/experiment/red_similar/image_06859.jpg""},{""label"":""red_7"",""location"":""/experiment/red_similar/image_04769.jpg""},{""label"":""red_11"",""location"":""/experiment/red_similar/image_07641.jpg""},{""label"":""red_4"",""location"":""/experiment/red_similar/image_02269.jpg""},{""label"":""red_1"",""location"":""/experiment/red_similar/image_00757.jpg""},{""label"":""red_2"",""location"":""/experiment/red_similar/image_01583.jpg""},{""label"":""red_5"",""location"":""/experiment/red_similar/image_02561.jpg""},{""label"":""red_12"",""location"":""/experiment/red_similar/image_07931.jpg""},{""label"":""red_6"",""location"":""/experiment/red_similar/image_03162.jpg""}","{""label"":""yellow_8"",""location"":""/experiment/yellow_similar/image_04982.jpg""},{""label"":""yellow_3"",""location"":""/experiment/yellow_similar/image_02295.jpg""},{""label"":""yellow_6"",""location"":""/experiment/yellow_similar/image_04425.jpg""},{""label"":""yellow_4"",""location"":""/experiment/yellow_similar/image_03709.jpg""}","{""yellow_8"":""4 round yellow cluster flowers with a bee on the top left flower"",""yellow_3"":""A single yellow cosmos type flower with a brown centre"",""yellow_6"":""A yellow iris type flower with 2 petal which have orange speckles"",""yellow_4"":""A cluster of yellow 5 petal primrose type flowers with orange centres""}",Repi,Laju,2,"red_3,red_1,red_7,red_5,red_6,red_12",NA
teb4REqBrQGxfc6rL,NA,2021-08-20T19:06:28Z,2021-08-20T19:06:28Z,1,"instructions,othercolortest,ExitSurvey",2021-08-20T19:10:29Z,finished,NA,NA,NA,2021-08-20T18:58:39Z,3,6,different,3,0,everyplayersomeflower,clover,D,Laju,/avatars/jdenticon/Katherine,#3D45B7,2.788,"{""white_1"":"""",""white_2"":"""",""white_3"":"""",""white_4"":"""",""white_5"":"""",""white_6"":"""",""white_7"":"""",""white_8"":"""",""white_9"":"""",""white_10"":"""",""white_11"":"""",""white_12"":""""}","{""label"":""white_5"",""location"":""/experiment/white_similar/image_04849.jpg""},{""label"":""white_7"",""location"":""/experiment/white_similar/image_05493.jpg""},{""label"":""white_6"",""location"":""/experiment/white_similar/image_05280.jpg""},{""label"":""white_12"",""location"":""/experiment/white_similar/image_08131.jpg""},{""label"":""white_2"",""location"":""/experiment/white_similar/image_01448.jpg""},{""label"":""white_10"",""location"":""/experiment/white_similar/image_07057.jpg""},{""label"":""white_11"",""location"":""/experiment/white_similar/image_07463.jpg""},{""label"":""white_4"",""location"":""/experiment/white_similar/image_03710.jpg""},{""label"":""white_1"",""location"":""/experiment/white_similar/image_00006.jpg""},{""label"":""white_3"",""location"":""/experiment/white_similar/image_03139.jpg""},{""label"":""white_8"",""location"":""/experiment/white_similar/image_05846.jpg""},{""label"":""white_9"",""location"":""/experiment/white_similar/image_06003.jpg""}","{""label"":""yellow_2"",""location"":""/experiment/yellow_similar/image_01753.jpg""},{""label"":""yellow_5"",""location"":""/experiment/yellow_similar/image_04078.jpg""},{""label"":""yellow_8"",""location"":""/experiment/yellow_similar/image_04982.jpg""},{""label"":""yellow_12"",""location"":""/experiment/yellow_similar/image_06676.jpg""}","{""yellow_2"":""A light yellow flower with an orange centre."",""yellow_5"":""A yellow flower with a hard centre and a softer outer."",""yellow_8"":""A bushy type yellow flower."",""yellow_12"":""A rose-like yellow flower with a cluttered centre.""}",Repi,Minu,9,"white_2,white_7,white_12,white_6,white_5,white_11",NA
KxzkpXKp3QQLfJP9w,NA,2021-08-20T19:02:46Z,2021-08-20T19:02:46Z,1,"instructions,othercolortest,ExitSurvey",2021-08-20T19:09:11Z,finished,NA,NA,NA,2021-08-20T18:58:40Z,3,6,different,3,0,everyplayersomeflower,clover,NA,Repi,/avatars/jdenticon/Samuel,#8138A8,2.21,"{""purple_1"":"""",""purple_2"":"""",""purple_3"":"""",""purple_4"":"""",""purple_5"":"""",""purple_6"":"""",""purple_7"":"""",""purple_8"":"""",""purple_9"":"""",""purple_10"":"""",""purple_11"":"""",""purple_12"":""""}","{""label"":""purple_4"",""location"":""/experiment/purple_similar/image_04133.jpg""},{""label"":""purple_5"",""location"":""/experiment/purple_similar/image_04335.jpg""},{""label"":""purple_1"",""location"":""/experiment/purple_similar/image_00450.jpg""},{""label"":""purple_9"",""location"":""/experiment/purple_similar/image_06714.jpg""},{""label"":""purple_6"",""location"":""/experiment/purple_similar/image_04700.jpg""},{""label"":""purple_12"",""location"":""/experiment/purple_similar/image_07752.jpg""},{""label"":""purple_2"",""location"":""/experiment/purple_similar/image_01664.jpg""},{""label"":""purple_8"",""location"":""/experiment/purple_similar/image_05639.jpg""},{""label"":""purple_3"",""location"":""/experiment/purple_similar/image_03085.jpg""},{""label"":""purple_11"",""location"":""/experiment/purple_similar/image_07517.jpg""},{""label"":""purple_7"",""location"":""/experiment/purple_similar/image_05355.jpg""},{""label"":""purple_10"",""location"":""/experiment/purple_similar/image_07320.jpg""}","{""label"":""red_4"",""location"":""/experiment/red_similar/image_02269.jpg""},{""label"":""red_7"",""location"":""/experiment/red_similar/image_04769.jpg""},{""label"":""red_2"",""location"":""/experiment/red_similar/image_01583.jpg""},{""label"":""red_9"",""location"":""/experiment/red_similar/image_06787.jpg""}","{""red_4"":""full pellet red flower"",""red_7"":""bunch of blossomed flowers"",""red_2"":""Read Leaf doc flowers"",""red_9"":""like a red venus fly trap""}",Minu,Laju,8,"purple_3,purple_2,purple_5,purple_1,purple_12,purple_7",NA
FPFkahSPu5Z9khPQ6,NA,NA,NA,NA,NA,2021-08-20T19:17:12Z,gameFull,NA,NA,NA,2021-08-20T18:58:43Z,NA,NA,NA,NA,NA,NA,NA,NA,NA,NA,NA,NA,NA,NA,NA,NA,NA,NA,NA,NA,NA
bkRwaxk8nE286kSvW,NA,NA,NA,NA,NA,2021-08-20T19:17:12Z,gameFull,NA,NA,NA,2021-08-20T18:58:51Z,NA,NA,NA,NA,NA,NA,NA,NA,NA,NA,NA,NA,NA,NA,NA,NA,NA,NA,NA,NA,NA
ayoSwSqwEGhdMPzKP,NA,2021-08-20T19:02:21Z,2021-08-20T19:02:21Z,1,"instructions,othercolortest,ExitSurvey",2021-08-20T19:06:51Z,finished,NA,NA,NA,2021-08-20T18:58:55Z,3,6,different,3,0,everyplayersomeflower,clover,D,Laju,/avatars/jdenticon/Katherine,#3D45B7,2.600999999999999,"{""red_1"":"""",""red_2"":"""",""red_3"":"""",""red_4"":"""",""red_5"":"""",""red_6"":"""",""red_7"":"""",""red_8"":"""",""red_9"":"""",""red_10"":"""",""red_11"":"""",""red_12"":""""}","{""label"":""red_9"",""location"":""/experiment/red_similar/image_06787.jpg""},{""label"":""red_10"",""location"":""/experiment/red_similar/image_06859.jpg""},{""label"":""red_5"",""location"":""/experiment/red_similar/image_02561.jpg""},{""label"":""red_7"",""location"":""/experiment/red_similar/image_04769.jpg""},{""label"":""red_12"",""location"":""/experiment/red_similar/image_07931.jpg""},{""label"":""red_6"",""location"":""/experiment/red_similar/image_03162.jpg""},{""label"":""red_11"",""location"":""/experiment/red_similar/image_07641.jpg""},{""label"":""red_1"",""location"":""/experiment/red_similar/image_00757.jpg""},{""label"":""red_2"",""location"":""/experiment/red_similar/image_01583.jpg""},{""label"":""red_8"",""location"":""/experiment/red_similar/image_06490.jpg""},{""label"":""red_4"",""location"":""/experiment/red_similar/image_02269.jpg""},{""label"":""red_3"",""location"":""/experiment/red_similar/image_01973.jpg""}","{""label"":""yellow_4"",""location"":""/experiment/yellow_similar/image_03709.jpg""},{""label"":""yellow_10"",""location"":""/experiment/yellow_similar/image_06298.jpg""},{""label"":""yellow_7"",""location"":""/experiment/yellow_similar/image_04667.jpg""},{""label"":""yellow_6"",""location"":""/experiment/yellow_similar/image_04425.jpg""}","{""yellow_4"":""cluster of yellow flowers"",""yellow_10"":""dandelion"",""yellow_7"":""small yellow flower"",""yellow_6"":""yellow flower with orange specks""}",Repi,Minu,2,"red_5,red_6,red_12,red_1,red_7,red_3",NA
3qkYYqkffyCP6eXBr,NA,2021-08-20T19:02:51Z,2021-08-20T19:02:51Z,1,"instructions,othercolortest,ExitSurvey",2021-08-20T19:06:57Z,finished,NA,NA,NA,2021-08-20T18:58:57Z,3,6,different,3,0,everyplayersomeflower,clover,D,Repi,/avatars/jdenticon/Samuel,#8138A8,2.6519999999999997,"{""yellow_1"":"""",""yellow_2"":"""",""yellow_3"":"""",""yellow_4"":"""",""yellow_5"":"""",""yellow_6"":"""",""yellow_7"":"""",""yellow_8"":"""",""yellow_9"":"""",""yellow_10"":"""",""yellow_11"":"""",""yellow_12"":""""}","{""label"":""yellow_3"",""location"":""/experiment/yellow_similar/image_02295.jpg""},{""label"":""yellow_9"",""location"":""/experiment/yellow_similar/image_05700.jpg""},{""label"":""yellow_7"",""location"":""/experiment/yellow_similar/image_04667.jpg""},{""label"":""yellow_8"",""location"":""/experiment/yellow_similar/image_04982.jpg""},{""label"":""yellow_6"",""location"":""/experiment/yellow_similar/image_04425.jpg""},{""label"":""yellow_5"",""location"":""/experiment/yellow_similar/image_04078.jpg""},{""label"":""yellow_11"",""location"":""/experiment/yellow_similar/image_06354.jpg""},{""label"":""yellow_12"",""location"":""/experiment/yellow_similar/image_06676.jpg""},{""label"":""yellow_10"",""location"":""/experiment/yellow_similar/image_06298.jpg""},{""label"":""yellow_4"",""location"":""/experiment/yellow_similar/image_03709.jpg""},{""label"":""yellow_2"",""location"":""/experiment/yellow_similar/image_01753.jpg""},{""label"":""yellow_1"",""location"":""/experiment/yellow_similar/image_01220.jpg""}","{""label"":""white_7"",""location"":""/experiment/white_similar/image_05493.jpg""},{""label"":""white_9"",""location"":""/experiment/white_similar/image_06003.jpg""},{""label"":""white_4"",""location"":""/experiment/white_similar/image_03710.jpg""},{""label"":""white_3"",""location"":""/experiment/white_similar/image_03139.jpg""}","{""white_7"":""Large white flower almost fully open"",""white_9"":""small white flower with yellow in the centre that is fully open"",""white_4"":""large white flower with yellow in the middle that is fully open"",""white_3"":""small white flowers that look like they are starting to die""}",Minu,Laju,7,"yellow_11,yellow_4,yellow_9,yellow_2,yellow_1,yellow_3",NA
85kpNkvhJAxZ9pTGr,NA,2021-08-20T19:04:33Z,2021-08-20T19:04:33Z,1,"instructions,othercolortest,ExitSurvey",2021-08-20T19:08:20Z,finished,NA,NA,NA,2021-08-20T18:58:59Z,3,6,different,3,0,everyplayersomeflower,clover,D,Minu,/avatars/jdenticon/Alaina,#7ACC66,1.9380000000000006,"{""purple_1"":"""",""purple_2"":"""",""purple_3"":"""",""purple_4"":"""",""purple_5"":"""",""purple_6"":"""",""purple_7"":"""",""purple_8"":"""",""purple_9"":"""",""purple_10"":"""",""purple_11"":"""",""purple_12"":""""}","{""label"":""purple_9"",""location"":""/experiment/purple_similar/image_06714.jpg""},{""label"":""purple_3"",""location"":""/experiment/purple_similar/image_03085.jpg""},{""label"":""purple_7"",""location"":""/experiment/purple_similar/image_05355.jpg""},{""label"":""purple_5"",""location"":""/experiment/purple_similar/image_04335.jpg""},{""label"":""purple_6"",""location"":""/experiment/purple_similar/image_04700.jpg""},{""label"":""purple_12"",""location"":""/experiment/purple_similar/image_07752.jpg""},{""label"":""purple_2"",""location"":""/experiment/purple_similar/image_01664.jpg""},{""label"":""purple_8"",""location"":""/experiment/purple_similar/image_05639.jpg""},{""label"":""purple_1"",""location"":""/experiment/purple_similar/image_00450.jpg""},{""label"":""purple_4"",""location"":""/experiment/purple_similar/image_04133.jpg""},{""label"":""purple_11"",""location"":""/experiment/purple_similar/image_07517.jpg""},{""label"":""purple_10"",""location"":""/experiment/purple_similar/image_07320.jpg""}","{""label"":""red_4"",""location"":""/experiment/red_similar/image_02269.jpg""},{""label"":""red_2"",""location"":""/experiment/red_similar/image_01583.jpg""},{""label"":""red_10"",""location"":""/experiment/red_similar/image_06859.jpg""},{""label"":""red_7"",""location"":""/experiment/red_similar/image_04769.jpg""}","{""red_4"":""Red, Round, narrow petals."",""red_2"":""red, pointed leaf, yellow center"",""red_10"":""red, lavender looking"",""red_7"":""red lily looking with white and yellow in the middle""}",Repi,Laju,2,"purple_5,purple_6,purple_4,purple_1,purple_7,purple_2",NA
fRunndidTECXQDY2T,NA,2021-08-20T19:04:25Z,2021-08-20T19:04:25Z,1,"instructions,othercolortest,ExitSurvey",2021-08-20T19:08:20Z,finished,NA,NA,NA,2021-08-20T18:59:00Z,3,6,different,3,0,everyplayersomeflower,clover,D,Laju,/avatars/jdenticon/Katherine,#3D45B7,2.855999999999999,"{""purple_1"":"""",""purple_2"":"""",""purple_3"":"""",""purple_4"":"""",""purple_5"":"""",""purple_6"":"""",""purple_7"":"""",""purple_8"":"""",""purple_9"":"""",""purple_10"":"""",""purple_11"":"""",""purple_12"":""""}","{""label"":""purple_12"",""location"":""/experiment/purple_similar/image_07752.jpg""},{""label"":""purple_11"",""location"":""/experiment/purple_similar/image_07517.jpg""},{""label"":""purple_3"",""location"":""/experiment/purple_similar/image_03085.jpg""},{""label"":""purple_4"",""location"":""/experiment/purple_similar/image_04133.jpg""},{""label"":""purple_1"",""location"":""/experiment/purple_similar/image_00450.jpg""},{""label"":""purple_9"",""location"":""/experiment/purple_similar/image_06714.jpg""},{""label"":""purple_7"",""location"":""/experiment/purple_similar/image_05355.jpg""},{""label"":""purple_10"",""location"":""/experiment/purple_similar/image_07320.jpg""},{""label"":""purple_2"",""location"":""/experiment/purple_similar/image_01664.jpg""},{""label"":""purple_8"",""location"":""/experiment/purple_similar/image_05639.jpg""},{""label"":""purple_5"",""location"":""/experiment/purple_similar/image_04335.jpg""},{""label"":""purple_6"",""location"":""/experiment/purple_similar/image_04700.jpg""}","{""label"":""red_1"",""location"":""/experiment/red_similar/image_00757.jpg""},{""label"":""red_6"",""location"":""/experiment/red_similar/image_03162.jpg""},{""label"":""red_9"",""location"":""/experiment/red_similar/image_06787.jpg""},{""label"":""red_12"",""location"":""/experiment/red_similar/image_07931.jpg""}","{""red_1"":""blood red, yellow connectors"",""red_6"":""pink"",""red_9"":""yellow with bright red tips and curls upwards"",""red_12"":""like a sunflower but pink except yellow on the tips""}",Repi,Minu,11,"purple_2,purple_7,purple_5,purple_4,purple_1,purple_6",NA
nQfzn97DdvTS7tsty,NA,2021-08-20T19:02:30Z,2021-08-20T19:02:30Z,1,"instructions,othercolortest,ExitSurvey",2021-08-20T19:09:11Z,finished,NA,NA,NA,2021-08-20T18:59:14Z,3,6,different,3,0,everyplayersomeflower,clover,D,Minu,/avatars/jdenticon/Alaina,#7ACC66,2.1929999999999996,"{""purple_1"":"""",""purple_2"":"""",""purple_3"":"""",""purple_4"":"""",""purple_5"":"""",""purple_6"":"""",""purple_7"":"""",""purple_8"":"""",""purple_9"":"""",""purple_10"":"""",""purple_11"":"""",""purple_12"":""""}","{""label"":""purple_12"",""location"":""/experiment/purple_similar/image_07752.jpg""},{""label"":""purple_2"",""location"":""/experiment/purple_similar/image_01664.jpg""},{""label"":""purple_6"",""location"":""/experiment/purple_similar/image_04700.jpg""},{""label"":""purple_5"",""location"":""/experiment/purple_similar/image_04335.jpg""},{""label"":""purple_3"",""location"":""/experiment/purple_similar/image_03085.jpg""},{""label"":""purple_9"",""location"":""/experiment/purple_similar/image_06714.jpg""},{""label"":""purple_10"",""location"":""/experiment/purple_similar/image_07320.jpg""},{""label"":""purple_1"",""location"":""/experiment/purple_similar/image_00450.jpg""},{""label"":""purple_4"",""location"":""/experiment/purple_similar/image_04133.jpg""},{""label"":""purple_8"",""location"":""/experiment/purple_similar/image_05639.jpg""},{""label"":""purple_11"",""location"":""/experiment/purple_similar/image_07517.jpg""},{""label"":""purple_7"",""location"":""/experiment/purple_similar/image_05355.jpg""}","{""label"":""red_12"",""location"":""/experiment/red_similar/image_07931.jpg""},{""label"":""red_9"",""location"":""/experiment/red_similar/image_06787.jpg""},{""label"":""red_4"",""location"":""/experiment/red_similar/image_02269.jpg""},{""label"":""red_10"",""location"":""/experiment/red_similar/image_06859.jpg""}","{""red_12"":""It has pinkish-red petals with yellow tips."",""red_9"":""Red yellow petals that are spaced apart and curled in."",""red_4"":""Solid dark-red flower."",""red_10"":""It has a mass of red petals that seem to point up.""}",Repi,Laju,2,"purple_3,purple_5,purple_2,purple_12,purple_7,purple_1",NA
383mdenaHN6Aus3St,NA,2021-08-20T19:05:02Z,2021-08-20T19:05:02Z,1,"instructions,othercolortest,ExitSurvey",2021-08-20T19:10:14Z,finished,NA,NA,NA,2021-08-20T18:59:27Z,3,6,different,3,0,everyplayersomeflower,clover,D,Repi,/avatars/jdenticon/Samuel,#8138A8,2.8899999999999992,"{""red_1"":"""",""red_2"":"""",""red_3"":"""",""red_4"":"""",""red_5"":"""",""red_6"":"""",""red_7"":"""",""red_8"":"""",""red_9"":"""",""red_10"":"""",""red_11"":"""",""red_12"":""""}","{""label"":""red_2"",""location"":""/experiment/red_similar/image_01583.jpg""},{""label"":""red_10"",""location"":""/experiment/red_similar/image_06859.jpg""},{""label"":""red_1"",""location"":""/experiment/red_similar/image_00757.jpg""},{""label"":""red_5"",""location"":""/experiment/red_similar/image_02561.jpg""},{""label"":""red_7"",""location"":""/experiment/red_similar/image_04769.jpg""},{""label"":""red_6"",""location"":""/experiment/red_similar/image_03162.jpg""},{""label"":""red_4"",""location"":""/experiment/red_similar/image_02269.jpg""},{""label"":""red_9"",""location"":""/experiment/red_similar/image_06787.jpg""},{""label"":""red_11"",""location"":""/experiment/red_similar/image_07641.jpg""},{""label"":""red_3"",""location"":""/experiment/red_similar/image_01973.jpg""},{""label"":""red_12"",""location"":""/experiment/red_similar/image_07931.jpg""},{""label"":""red_8"",""location"":""/experiment/red_similar/image_06490.jpg""}","{""label"":""yellow_2"",""location"":""/experiment/yellow_similar/image_01753.jpg""},{""label"":""yellow_6"",""location"":""/experiment/yellow_similar/image_04425.jpg""},{""label"":""yellow_3"",""location"":""/experiment/yellow_similar/image_02295.jpg""},{""label"":""yellow_7"",""location"":""/experiment/yellow_similar/image_04667.jpg""}","{""yellow_2"":""5 petal yellow flower with red in the center and a bloom coming out"",""yellow_6"":""4-5 petal yellow flower with orange splots in the middle"",""yellow_3"":""multi-petal flower, looks like sunflower"",""yellow_7"":""7 petal yellow flower with bloom coming out""}",Minu,Laju,6,"red_10,red_1,red_8,red_2,red_9,red_12",NA
jqTqgm9cDjDAZbNgm,NA,2021-08-20T19:05:06Z,2021-08-20T19:05:06Z,1,"instructions,othercolortest,ExitSurvey",2021-08-20T19:10:14Z,finished,NA,NA,NA,2021-08-20T18:59:27Z,3,6,different,3,0,everyplayersomeflower,clover,D,Laju,/avatars/jdenticon/Katherine,#3D45B7,2.125,"{""red_1"":"""",""red_2"":"""",""red_3"":"""",""red_4"":"""",""red_5"":"""",""red_6"":"""",""red_7"":"""",""red_8"":"""",""red_9"":"""",""red_10"":"""",""red_11"":"""",""red_12"":""""}","{""label"":""red_3"",""location"":""/experiment/red_similar/image_01973.jpg""},{""label"":""red_6"",""location"":""/experiment/red_similar/image_03162.jpg""},{""label"":""red_2"",""location"":""/experiment/red_similar/image_01583.jpg""},{""label"":""red_10"",""location"":""/experiment/red_similar/image_06859.jpg""},{""label"":""red_7"",""location"":""/experiment/red_similar/image_04769.jpg""},{""label"":""red_8"",""location"":""/experiment/red_similar/image_06490.jpg""},{""label"":""red_1"",""location"":""/experiment/red_similar/image_00757.jpg""},{""label"":""red_9"",""location"":""/experiment/red_similar/image_06787.jpg""},{""label"":""red_4"",""location"":""/experiment/red_similar/image_02269.jpg""},{""label"":""red_12"",""location"":""/experiment/red_similar/image_07931.jpg""},{""label"":""red_5"",""location"":""/experiment/red_similar/image_02561.jpg""},{""label"":""red_11"",""location"":""/experiment/red_similar/image_07641.jpg""}","{""label"":""yellow_8"",""location"":""/experiment/yellow_similar/image_04982.jpg""},{""label"":""yellow_6"",""location"":""/experiment/yellow_similar/image_04425.jpg""},{""label"":""yellow_12"",""location"":""/experiment/yellow_similar/image_06676.jpg""},{""label"":""yellow_11"",""location"":""/experiment/yellow_similar/image_06354.jpg""}","{""yellow_8"":""4 Round yellow flowers"",""yellow_6"":""One yellow flower with a orange centre"",""yellow_12"":""One yellow flower, round with a fluffy centre"",""yellow_11"":""One yellow flower with three or four wilted petals""}",Repi,Minu,11,"red_10,red_2,red_1,red_12,red_8,red_9",NA
vTxzBRyWQMW92FNuL,NA,2021-08-20T19:03:04Z,2021-08-20T19:03:04Z,1,"instructions,othercolortest,ExitSurvey",2021-08-20T19:07:43Z,finished,NA,NA,NA,2021-08-20T18:59:31Z,3,6,different,3,0,everyplayersomeflower,clover,D,Laju,/avatars/jdenticon/Katherine,#3D45B7,2.0740000000000003,"{""purple_1"":"""",""purple_2"":"""",""purple_3"":"""",""purple_4"":"""",""purple_5"":"""",""purple_6"":"""",""purple_7"":"""",""purple_8"":"""",""purple_9"":"""",""purple_10"":"""",""purple_11"":"""",""purple_12"":""""}","{""label"":""purple_12"",""location"":""/experiment/purple_similar/image_07752.jpg""},{""label"":""purple_8"",""location"":""/experiment/purple_similar/image_05639.jpg""},{""label"":""purple_3"",""location"":""/experiment/purple_similar/image_03085.jpg""},{""label"":""purple_2"",""location"":""/experiment/purple_similar/image_01664.jpg""},{""label"":""purple_10"",""location"":""/experiment/purple_similar/image_07320.jpg""},{""label"":""purple_1"",""location"":""/experiment/purple_similar/image_00450.jpg""},{""label"":""purple_5"",""location"":""/experiment/purple_similar/image_04335.jpg""},{""label"":""purple_6"",""location"":""/experiment/purple_similar/image_04700.jpg""},{""label"":""purple_11"",""location"":""/experiment/purple_similar/image_07517.jpg""},{""label"":""purple_7"",""location"":""/experiment/purple_similar/image_05355.jpg""},{""label"":""purple_9"",""location"":""/experiment/purple_similar/image_06714.jpg""},{""label"":""purple_4"",""location"":""/experiment/purple_similar/image_04133.jpg""}","{""label"":""red_9"",""location"":""/experiment/red_similar/image_06787.jpg""},{""label"":""red_3"",""location"":""/experiment/red_similar/image_01973.jpg""},{""label"":""red_10"",""location"":""/experiment/red_similar/image_06859.jpg""},{""label"":""red_8"",""location"":""/experiment/red_similar/image_06490.jpg""}","{""red_9"":""Rippled red and yellow flowers"",""red_3"":""An upside-down heart shaped red flower with a yellow center"",""red_10"":""Delicate red flowers surrounded by leaves"",""red_8"":""Round red flowers with black in the center""}",Repi,Minu,2,"purple_7,purple_12,purple_5,purple_10,purple_2,purple_1",NA
SmzfzMR63pgjFphap,NA,2021-08-20T19:05:55Z,2021-08-20T19:05:55Z,1,"instructions,othercolortest,ExitSurvey",2021-08-20T19:10:29Z,finished,NA,NA,NA,2021-08-20T18:59:33Z,3,6,different,3,0,everyplayersomeflower,clover,D,Repi,/avatars/jdenticon/Samuel,#8138A8,2.04,"{""white_1"":"""",""white_2"":"""",""white_3"":"""",""white_4"":"""",""white_5"":"""",""white_6"":"""",""white_7"":"""",""white_8"":"""",""white_9"":"""",""white_10"":"""",""white_11"":"""",""white_12"":""""}","{""label"":""white_2"",""location"":""/experiment/white_similar/image_01448.jpg""},{""label"":""white_11"",""location"":""/experiment/white_similar/image_07463.jpg""},{""label"":""white_5"",""location"":""/experiment/white_similar/image_04849.jpg""},{""label"":""white_1"",""location"":""/experiment/white_similar/image_00006.jpg""},{""label"":""white_6"",""location"":""/experiment/white_similar/image_05280.jpg""},{""label"":""white_3"",""location"":""/experiment/white_similar/image_03139.jpg""},{""label"":""white_7"",""location"":""/experiment/white_similar/image_05493.jpg""},{""label"":""white_4"",""location"":""/experiment/white_similar/image_03710.jpg""},{""label"":""white_12"",""location"":""/experiment/white_similar/image_08131.jpg""},{""label"":""white_9"",""location"":""/experiment/white_similar/image_06003.jpg""},{""label"":""white_10"",""location"":""/experiment/white_similar/image_07057.jpg""},{""label"":""white_8"",""location"":""/experiment/white_similar/image_05846.jpg""}","{""label"":""yellow_3"",""location"":""/experiment/yellow_similar/image_02295.jpg""},{""label"":""yellow_1"",""location"":""/experiment/yellow_similar/image_01220.jpg""},{""label"":""yellow_10"",""location"":""/experiment/yellow_similar/image_06298.jpg""},{""label"":""yellow_7"",""location"":""/experiment/yellow_similar/image_04667.jpg""}","{""yellow_3"":""a large yellow flower with long petals radiating from the centre"",""yellow_1"":""a yellow rose"",""yellow_10"":""a yellow flower that looks like a pom pom"",""yellow_7"":""a yellow flower that looks like a pansy""}",Minu,Laju,8,"white_2,white_12,white_11,white_6,white_7,white_5",NA
XxGsq9a7QAZzTLn3C,NA,2021-08-20T19:03:42Z,2021-08-20T19:03:42Z,1,"instructions,othercolortest,ExitSurvey",2021-08-20T19:10:44Z,finished,NA,NA,NA,2021-08-20T18:59:52Z,3,6,different,3,0,everyplayersomeflower,clover,D,Minu,/avatars/jdenticon/Alaina,#7ACC66,2.278,"{""white_1"":"""",""white_2"":"""",""white_3"":"""",""white_4"":"""",""white_5"":"""",""white_6"":"""",""white_7"":"""",""white_8"":"""",""white_9"":"""",""white_10"":"""",""white_11"":"""",""white_12"":""""}","{""label"":""white_1"",""location"":""/experiment/white_similar/image_00006.jpg""},{""label"":""white_7"",""location"":""/experiment/white_similar/image_05493.jpg""},{""label"":""white_10"",""location"":""/experiment/white_similar/image_07057.jpg""},{""label"":""white_3"",""location"":""/experiment/white_similar/image_03139.jpg""},{""label"":""white_4"",""location"":""/experiment/white_similar/image_03710.jpg""},{""label"":""white_2"",""location"":""/experiment/white_similar/image_01448.jpg""},{""label"":""white_11"",""location"":""/experiment/white_similar/image_07463.jpg""},{""label"":""white_6"",""location"":""/experiment/white_similar/image_05280.jpg""},{""label"":""white_9"",""location"":""/experiment/white_similar/image_06003.jpg""},{""label"":""white_8"",""location"":""/experiment/white_similar/image_05846.jpg""},{""label"":""white_12"",""location"":""/experiment/white_similar/image_08131.jpg""},{""label"":""white_5"",""location"":""/experiment/white_similar/image_04849.jpg""}","{""label"":""red_1"",""location"":""/experiment/red_similar/image_00757.jpg""},{""label"":""red_7"",""location"":""/experiment/red_similar/image_04769.jpg""},{""label"":""red_11"",""location"":""/experiment/red_similar/image_07641.jpg""},{""label"":""red_9"",""location"":""/experiment/red_similar/image_06787.jpg""}","{""red_1"":""Red big petals at the bottom"",""red_7"":""five red tulips"",""red_11"":""2 big red flowers"",""red_9"":""an exotic red and yellow flower""}",Repi,Laju,11,"white_12,white_3,white_5,white_7,white_6,white_11",NA
Ytje2QHEbkHRTjguF,NA,2021-08-20T19:06:56Z,2021-08-20T19:06:56Z,1,"instructions,othercolortest,ExitSurvey",2021-08-20T19:15:33Z,finished,NA,NA,NA,2021-08-20T18:59:58Z,3,6,different,3,0,everyplayersomeflower,clover,D,Minu,/avatars/jdenticon/Alaina,#7ACC66,2.176,"{""purple_1"":"""",""purple_2"":"""",""purple_3"":"""",""purple_4"":"""",""purple_5"":"""",""purple_6"":"""",""purple_7"":"""",""purple_8"":"""",""purple_9"":"""",""purple_10"":"""",""purple_11"":"""",""purple_12"":""""}","{""label"":""purple_7"",""location"":""/experiment/purple_similar/image_05355.jpg""},{""label"":""purple_2"",""location"":""/experiment/purple_similar/image_01664.jpg""},{""label"":""purple_8"",""location"":""/experiment/purple_similar/image_05639.jpg""},{""label"":""purple_1"",""location"":""/experiment/purple_similar/image_00450.jpg""},{""label"":""purple_5"",""location"":""/experiment/purple_similar/image_04335.jpg""},{""label"":""purple_9"",""location"":""/experiment/purple_similar/image_06714.jpg""},{""label"":""purple_10"",""location"":""/experiment/purple_similar/image_07320.jpg""},{""label"":""purple_3"",""location"":""/experiment/purple_similar/image_03085.jpg""},{""label"":""purple_12"",""location"":""/experiment/purple_similar/image_07752.jpg""},{""label"":""purple_11"",""location"":""/experiment/purple_similar/image_07517.jpg""},{""label"":""purple_4"",""location"":""/experiment/purple_similar/image_04133.jpg""},{""label"":""purple_6"",""location"":""/experiment/purple_similar/image_04700.jpg""}","{""label"":""red_7"",""location"":""/experiment/red_similar/image_04769.jpg""},{""label"":""red_11"",""location"":""/experiment/red_similar/image_07641.jpg""},{""label"":""red_6"",""location"":""/experiment/red_similar/image_03162.jpg""},{""label"":""red_4"",""location"":""/experiment/red_similar/image_02269.jpg""}","{""red_7"":""Red hibiscus "",""red_11"":""Pink red flower with yellow orange middle"",""red_6"":""Pink petals that look like cups and the stem looks like asparagus "",""red_4"":""Red daisy ""}",Repi,Laju,8,"purple_4,purple_8,purple_6,purple_3,purple_9,purple_1",NA
ecK2h4KP26SDj2pSZ,NA,2021-08-20T19:05:33Z,2021-08-20T19:05:33Z,1,"instructions,othercolortest,ExitSurvey",2021-08-20T19:10:14Z,finished,NA,NA,NA,2021-08-20T19:02:32Z,3,6,different,3,0,everyplayersomeflower,clover,D,Minu,/avatars/jdenticon/Alaina,#7ACC66,1.9210000000000003,"{""red_1"":"""",""red_2"":"""",""red_3"":"""",""red_4"":"""",""red_5"":"""",""red_6"":"""",""red_7"":"""",""red_8"":"""",""red_9"":"""",""red_10"":"""",""red_11"":"""",""red_12"":""""}","{""label"":""red_6"",""location"":""/experiment/red_similar/image_03162.jpg""},{""label"":""red_8"",""location"":""/experiment/red_similar/image_06490.jpg""},{""label"":""red_11"",""location"":""/experiment/red_similar/image_07641.jpg""},{""label"":""red_1"",""location"":""/experiment/red_similar/image_00757.jpg""},{""label"":""red_4"",""location"":""/experiment/red_similar/image_02269.jpg""},{""label"":""red_2"",""location"":""/experiment/red_similar/image_01583.jpg""},{""label"":""red_10"",""location"":""/experiment/red_similar/image_06859.jpg""},{""label"":""red_9"",""location"":""/experiment/red_similar/image_06787.jpg""},{""label"":""red_7"",""location"":""/experiment/red_similar/image_04769.jpg""},{""label"":""red_5"",""location"":""/experiment/red_similar/image_02561.jpg""},{""label"":""red_3"",""location"":""/experiment/red_similar/image_01973.jpg""},{""label"":""red_12"",""location"":""/experiment/red_similar/image_07931.jpg""}","{""label"":""yellow_2"",""location"":""/experiment/yellow_similar/image_01753.jpg""},{""label"":""yellow_12"",""location"":""/experiment/yellow_similar/image_06676.jpg""},{""label"":""yellow_5"",""location"":""/experiment/yellow_similar/image_04078.jpg""},{""label"":""yellow_9"",""location"":""/experiment/yellow_similar/image_05700.jpg""}","{""yellow_2"":""A yellow 5-petal flower with a red centre and tall pistil."",""yellow_12"":""A yellow flower with 2 layers of translucent petals and a pollen-heavy centre."",""yellow_5"":""3 dandelions."",""yellow_9"":""A yellow 6-petal flower with a large central opening and pistil just barely poking out.""}",Repi,Laju,2,"red_2,red_12,red_9,red_1,red_8,red_10",NA
8HwktFXyNF6iFJLCm,NA,2021-08-20T19:09:51Z,2021-08-20T19:09:51Z,1,"instructions,othercolortest,ExitSurvey",2021-08-20T19:15:33Z,finished,NA,NA,NA,2021-08-20T19:03:34Z,3,6,different,3,0,everyplayersomeflower,clover,D,Repi,/avatars/jdenticon/Samuel,#8138A8,2.617999999999999,"{""purple_1"":"""",""purple_2"":"""",""purple_3"":"""",""purple_4"":"""",""purple_5"":"""",""purple_6"":"""",""purple_7"":"""",""purple_8"":"""",""purple_9"":"""",""purple_10"":"""",""purple_11"":"""",""purple_12"":""""}","{""label"":""purple_9"",""location"":""/experiment/purple_similar/image_06714.jpg""},{""label"":""purple_7"",""location"":""/experiment/purple_similar/image_05355.jpg""},{""label"":""purple_4"",""location"":""/experiment/purple_similar/image_04133.jpg""},{""label"":""purple_11"",""location"":""/experiment/purple_similar/image_07517.jpg""},{""label"":""purple_10"",""location"":""/experiment/purple_similar/image_07320.jpg""},{""label"":""purple_12"",""location"":""/experiment/purple_similar/image_07752.jpg""},{""label"":""purple_1"",""location"":""/experiment/purple_similar/image_00450.jpg""},{""label"":""purple_8"",""location"":""/experiment/purple_similar/image_05639.jpg""},{""label"":""purple_6"",""location"":""/experiment/purple_similar/image_04700.jpg""},{""label"":""purple_3"",""location"":""/experiment/purple_similar/image_03085.jpg""},{""label"":""purple_2"",""location"":""/experiment/purple_similar/image_01664.jpg""},{""label"":""purple_5"",""location"":""/experiment/purple_similar/image_04335.jpg""}","{""label"":""red_12"",""location"":""/experiment/red_similar/image_07931.jpg""},{""label"":""red_6"",""location"":""/experiment/red_similar/image_03162.jpg""},{""label"":""red_8"",""location"":""/experiment/red_similar/image_06490.jpg""},{""label"":""red_1"",""location"":""/experiment/red_similar/image_00757.jpg""}","{""red_12"":""several thin long petals with yellow tips "",""red_6"":""long green stem with large pink petals"",""red_8"":""red poppy petals with black circles"",""red_1"":""yellow center stem with large dark pink petals""}",Minu,Laju,2,"purple_3,purple_9,purple_4,purple_6,purple_1,purple_8",NA
8BQejFc6CAuetkQ7p,NA,NA,NA,NA,NA,2021-08-20T19:17:12Z,gameFull,NA,NA,NA,2021-08-20T19:06:16Z,NA,NA,NA,NA,NA,NA,NA,NA,NA,NA,NA,NA,NA,NA,NA,NA,NA,NA,NA,NA,NA
oohs6BwF7DckyHYRj,NA,2021-08-20T19:14:13Z,2021-08-20T19:14:13Z,1,"instructions,othercolortest,ExitSurvey",2021-08-20T19:20:21Z,finished,NA,NA,NA,2021-08-20T19:06:57Z,3,6,different,3,0,everyplayersomeflower,clover,C,Laju,/avatars/jdenticon/Katherine,#3D45B7,2.992,"{""yellow_1"":"""",""yellow_2"":"""",""yellow_3"":"""",""yellow_4"":"""",""yellow_5"":"""",""yellow_6"":"""",""yellow_7"":"""",""yellow_8"":"""",""yellow_9"":"""",""yellow_10"":"""",""yellow_11"":"""",""yellow_12"":""""}","{""label"":""yellow_1"",""location"":""/experiment/yellow_similar/image_01220.jpg""},{""label"":""yellow_10"",""location"":""/experiment/yellow_similar/image_06298.jpg""},{""label"":""yellow_3"",""location"":""/experiment/yellow_similar/image_02295.jpg""},{""label"":""yellow_12"",""location"":""/experiment/yellow_similar/image_06676.jpg""},{""label"":""yellow_8"",""location"":""/experiment/yellow_similar/image_04982.jpg""},{""label"":""yellow_7"",""location"":""/experiment/yellow_similar/image_04667.jpg""},{""label"":""yellow_5"",""location"":""/experiment/yellow_similar/image_04078.jpg""},{""label"":""yellow_11"",""location"":""/experiment/yellow_similar/image_06354.jpg""},{""label"":""yellow_2"",""location"":""/experiment/yellow_similar/image_01753.jpg""},{""label"":""yellow_6"",""location"":""/experiment/yellow_similar/image_04425.jpg""},{""label"":""yellow_4"",""location"":""/experiment/yellow_similar/image_03709.jpg""},{""label"":""yellow_9"",""location"":""/experiment/yellow_similar/image_05700.jpg""}","{""label"":""white_11"",""location"":""/experiment/white_similar/image_07463.jpg""},{""label"":""white_12"",""location"":""/experiment/white_similar/image_08131.jpg""},{""label"":""white_3"",""location"":""/experiment/white_similar/image_03139.jpg""},{""label"":""white_7"",""location"":""/experiment/white_similar/image_05493.jpg""}","{""white_11"":""White foxglove flower. Bell shaped flowers with brown spots on the inside. Large green leaves."",""white_12"":""White flower with four petals"",""white_3"":""White flower on a vine. Multiple flowers on the same stem."",""white_7"":""Large white flower with several petals. Lots of other flowers around too.""}",Repi,Minu,9,"yellow_1,yellow_10,yellow_2,yellow_4,yellow_6,yellow_12",NA
c5kxnbQPFNfBQHf7a,NA,2021-08-20T19:12:45Z,2021-08-20T19:12:45Z,1,"instructions,othercolortest,ExitSurvey",2021-08-20T19:17:04Z,finished,NA,NA,NA,2021-08-20T19:08:55Z,3,6,different,3,0,everyplayersomeflower,clover,C,Laju,/avatars/jdenticon/Katherine,#3D45B7,2.3799999999999994,"{""yellow_1"":"""",""yellow_2"":"""",""yellow_3"":"""",""yellow_4"":"""",""yellow_5"":"""",""yellow_6"":"""",""yellow_7"":"""",""yellow_8"":"""",""yellow_9"":"""",""yellow_10"":"""",""yellow_11"":"""",""yellow_12"":""""}","{""label"":""yellow_10"",""location"":""/experiment/yellow_similar/image_06298.jpg""},{""label"":""yellow_7"",""location"":""/experiment/yellow_similar/image_04667.jpg""},{""label"":""yellow_1"",""location"":""/experiment/yellow_similar/image_01220.jpg""},{""label"":""yellow_11"",""location"":""/experiment/yellow_similar/image_06354.jpg""},{""label"":""yellow_6"",""location"":""/experiment/yellow_similar/image_04425.jpg""},{""label"":""yellow_5"",""location"":""/experiment/yellow_similar/image_04078.jpg""},{""label"":""yellow_4"",""location"":""/experiment/yellow_similar/image_03709.jpg""},{""label"":""yellow_12"",""location"":""/experiment/yellow_similar/image_06676.jpg""},{""label"":""yellow_2"",""location"":""/experiment/yellow_similar/image_01753.jpg""},{""label"":""yellow_9"",""location"":""/experiment/yellow_similar/image_05700.jpg""},{""label"":""yellow_8"",""location"":""/experiment/yellow_similar/image_04982.jpg""},{""label"":""yellow_3"",""location"":""/experiment/yellow_similar/image_02295.jpg""}","{""label"":""white_7"",""location"":""/experiment/white_similar/image_05493.jpg""},{""label"":""white_10"",""location"":""/experiment/white_similar/image_07057.jpg""},{""label"":""white_5"",""location"":""/experiment/white_similar/image_04849.jpg""},{""label"":""white_6"",""location"":""/experiment/white_similar/image_05280.jpg""}","{""white_7"":""A white flower with a pink interior  sprouting up"",""white_10"":""A white flower sprouting to the right with a yellow flower in the center"",""white_5"":""A white flower with 3 distinct flowers with yellow buds in the center"",""white_6"":""A white flower with a big yellow bulb in the center""}",Repi,Minu,2,"yellow_6,yellow_1,yellow_12,yellow_3,yellow_5,yellow_8",NA
5spsciHvJWK9Ce7aG,NA,2021-08-20T19:13:42Z,2021-08-20T19:13:42Z,1,"instructions,othercolortest,ExitSurvey",2021-08-20T19:18:55Z,finished,NA,NA,NA,2021-08-20T19:08:58Z,3,6,different,3,0,everyplayersomeflower,clover,E,Repi,/avatars/jdenticon/Samuel,#8138A8,1.8530000000000004,"{""red_1"":"""",""red_2"":"""",""red_3"":"""",""red_4"":"""",""red_5"":"""",""red_6"":"""",""red_7"":"""",""red_8"":"""",""red_9"":"""",""red_10"":"""",""red_11"":"""",""red_12"":""""}","{""label"":""red_10"",""location"":""/experiment/red_similar/image_06859.jpg""},{""label"":""red_2"",""location"":""/experiment/red_similar/image_01583.jpg""},{""label"":""red_12"",""location"":""/experiment/red_similar/image_07931.jpg""},{""label"":""red_11"",""location"":""/experiment/red_similar/image_07641.jpg""},{""label"":""red_9"",""location"":""/experiment/red_similar/image_06787.jpg""},{""label"":""red_7"",""location"":""/experiment/red_similar/image_04769.jpg""},{""label"":""red_1"",""location"":""/experiment/red_similar/image_00757.jpg""},{""label"":""red_5"",""location"":""/experiment/red_similar/image_02561.jpg""},{""label"":""red_4"",""location"":""/experiment/red_similar/image_02269.jpg""},{""label"":""red_3"",""location"":""/experiment/red_similar/image_01973.jpg""},{""label"":""red_6"",""location"":""/experiment/red_similar/image_03162.jpg""},{""label"":""red_8"",""location"":""/experiment/red_similar/image_06490.jpg""}","{""label"":""yellow_11"",""location"":""/experiment/yellow_similar/image_06354.jpg""},{""label"":""yellow_9"",""location"":""/experiment/yellow_similar/image_05700.jpg""},{""label"":""yellow_4"",""location"":""/experiment/yellow_similar/image_03709.jpg""},{""label"":""yellow_7"",""location"":""/experiment/yellow_similar/image_04667.jpg""}","{""yellow_11"":""yellow drooping flower, like an iris"",""yellow_9"":""yellow daffodil"",""yellow_4"":""yellow pinwheel flowers in a bunch"",""yellow_7"":""yellow daisy-like flower with distinct petals""}",Minu,Laju,9,"red_12,red_9,red_6,red_7,red_8,red_3",NA
zjzAXhKpQGgJSzWoH,NA,2021-08-20T19:11:14Z,2021-08-20T19:11:14Z,1,"instructions,othercolortest,ExitSurvey",2021-08-20T19:15:33Z,finished,NA,NA,NA,2021-08-20T19:09:02Z,3,6,different,3,0,everyplayersomeflower,clover,D,Laju,/avatars/jdenticon/Katherine,#3D45B7,1.4450000000000005,"{""purple_1"":"""",""purple_2"":"""",""purple_3"":"""",""purple_4"":"""",""purple_5"":"""",""purple_6"":"""",""purple_7"":"""",""purple_8"":"""",""purple_9"":"""",""purple_10"":"""",""purple_11"":"""",""purple_12"":""""}","{""label"":""purple_6"",""location"":""/experiment/purple_similar/image_04700.jpg""},{""label"":""purple_5"",""location"":""/experiment/purple_similar/image_04335.jpg""},{""label"":""purple_7"",""location"":""/experiment/purple_similar/image_05355.jpg""},{""label"":""purple_2"",""location"":""/experiment/purple_similar/image_01664.jpg""},{""label"":""purple_10"",""location"":""/experiment/purple_similar/image_07320.jpg""},{""label"":""purple_1"",""location"":""/experiment/purple_similar/image_00450.jpg""},{""label"":""purple_12"",""location"":""/experiment/purple_similar/image_07752.jpg""},{""label"":""purple_4"",""location"":""/experiment/purple_similar/image_04133.jpg""},{""label"":""purple_11"",""location"":""/experiment/purple_similar/image_07517.jpg""},{""label"":""purple_3"",""location"":""/experiment/purple_similar/image_03085.jpg""},{""label"":""purple_8"",""location"":""/experiment/purple_similar/image_05639.jpg""},{""label"":""purple_9"",""location"":""/experiment/purple_similar/image_06714.jpg""}","{""label"":""red_9"",""location"":""/experiment/red_similar/image_06787.jpg""},{""label"":""red_4"",""location"":""/experiment/red_similar/image_02269.jpg""},{""label"":""red_1"",""location"":""/experiment/red_similar/image_00757.jpg""},{""label"":""red_7"",""location"":""/experiment/red_similar/image_04769.jpg""}","{""red_9"":""Red flower"",""red_4"":""Red flower"",""red_1"":""Red flower"",""red_7"":""Red flower""}",Repi,Minu,2,"purple_8,purple_1,purple_3,purple_9,purple_6,purple_4",NA
8zn83WbR6AuaGsfH4,NA,2021-08-20T19:15:04Z,2021-08-20T19:15:04Z,1,"instructions,othercolortest,ExitSurvey",2021-08-20T19:21:41Z,finished,NA,NA,NA,2021-08-20T19:09:06Z,3,6,different,3,0,everyplayersomeflower,clover,D,Repi,/avatars/jdenticon/Samuel,#8138A8,2.4309999999999996,"{""yellow_1"":"""",""yellow_2"":"""",""yellow_3"":"""",""yellow_4"":"""",""yellow_5"":"""",""yellow_6"":"""",""yellow_7"":"""",""yellow_8"":"""",""yellow_9"":"""",""yellow_10"":"""",""yellow_11"":"""",""yellow_12"":""""}","{""label"":""yellow_4"",""location"":""/experiment/yellow_similar/image_03709.jpg""},{""label"":""yellow_2"",""location"":""/experiment/yellow_similar/image_01753.jpg""},{""label"":""yellow_8"",""location"":""/experiment/yellow_similar/image_04982.jpg""},{""label"":""yellow_1"",""location"":""/experiment/yellow_similar/image_01220.jpg""},{""label"":""yellow_5"",""location"":""/experiment/yellow_similar/image_04078.jpg""},{""label"":""yellow_11"",""location"":""/experiment/yellow_similar/image_06354.jpg""},{""label"":""yellow_9"",""location"":""/experiment/yellow_similar/image_05700.jpg""},{""label"":""yellow_7"",""location"":""/experiment/yellow_similar/image_04667.jpg""},{""label"":""yellow_6"",""location"":""/experiment/yellow_similar/image_04425.jpg""},{""label"":""yellow_10"",""location"":""/experiment/yellow_similar/image_06298.jpg""},{""label"":""yellow_3"",""location"":""/experiment/yellow_similar/image_02295.jpg""},{""label"":""yellow_12"",""location"":""/experiment/yellow_similar/image_06676.jpg""}","{""label"":""red_4"",""location"":""/experiment/red_similar/image_02269.jpg""},{""label"":""red_5"",""location"":""/experiment/red_similar/image_02561.jpg""},{""label"":""red_3"",""location"":""/experiment/red_similar/image_01973.jpg""},{""label"":""red_10"",""location"":""/experiment/red_similar/image_06859.jpg""}","{""red_4"":""Bright Red daisy "",""red_5"":""Red and white flower with yellow middle"",""red_3"":""Bright red leaf looking flower with yellow stem center"",""red_10"":""Beautiful bright red flowers in bushel form ""}",Minu,Laju,2,"yellow_12,yellow_10,yellow_6,yellow_2,yellow_4,yellow_9",NA
GWkWixiBZnX3QeP59,NA,NA,NA,NA,"Sorry,ExitSurvey",2021-08-20T19:17:12Z,gameFull,NA,NA,NA,2021-08-20T19:09:07Z,3,6,different,3,0,NA,NA,NA,NA,NA,NA,NA,NA,NA,NA,NA,NA,NA,NA,NA,NA
zmPtgNPtx73XMyCQf,NA,2021-08-20T19:12:26Z,2021-08-20T19:12:26Z,1,"instructions,othercolortest,ExitSurvey",2021-08-20T19:17:45Z,finished,NA,NA,NA,2021-08-20T19:09:07Z,3,6,different,3,0,everyplayersomeflower,clover,D,Laju,/avatars/jdenticon/Katherine,#3D45B7,2.5160000000000005,"{""white_1"":"""",""white_2"":"""",""white_3"":"""",""white_4"":"""",""white_5"":"""",""white_6"":"""",""white_7"":"""",""white_8"":"""",""white_9"":"""",""white_10"":"""",""white_11"":"""",""white_12"":""""}","{""label"":""white_2"",""location"":""/experiment/white_similar/image_01448.jpg""},{""label"":""white_7"",""location"":""/experiment/white_similar/image_05493.jpg""},{""label"":""white_12"",""location"":""/experiment/white_similar/image_08131.jpg""},{""label"":""white_8"",""location"":""/experiment/white_similar/image_05846.jpg""},{""label"":""white_6"",""location"":""/experiment/white_similar/image_05280.jpg""},{""label"":""white_3"",""location"":""/experiment/white_similar/image_03139.jpg""},{""label"":""white_9"",""location"":""/experiment/white_similar/image_06003.jpg""},{""label"":""white_4"",""location"":""/experiment/white_similar/image_03710.jpg""},{""label"":""white_1"",""location"":""/experiment/white_similar/image_00006.jpg""},{""label"":""white_10"",""location"":""/experiment/white_similar/image_07057.jpg""},{""label"":""white_5"",""location"":""/experiment/white_similar/image_04849.jpg""},{""label"":""white_11"",""location"":""/experiment/white_similar/image_07463.jpg""}","{""label"":""purple_1"",""location"":""/experiment/purple_similar/image_00450.jpg""},{""label"":""purple_6"",""location"":""/experiment/purple_similar/image_04700.jpg""},{""label"":""purple_12"",""location"":""/experiment/purple_similar/image_07752.jpg""},{""label"":""purple_4"",""location"":""/experiment/purple_similar/image_04133.jpg""}","{""purple_1"":""A purple flower with whitening tops, pedals that resemble a crown."",""purple_6"":""Rose like purple flower, sea-shell pedals that fan outward."",""purple_12"":""A flattened purple flower, lines running through the leaves, and a whitening/green center. Resembles a lettuce."",""purple_4"":""Sea-urchin looking purple flower with individual strands of small thin pedals that cover the ball like flower.""}",Repi,Minu,10,"white_6,white_4,white_12,white_5,white_2,white_11",NA
BNgEsca4w2e7tPEyp,NA,2021-08-20T19:12:48Z,2021-08-20T19:12:48Z,1,"instructions,othercolortest,ExitSurvey",2021-08-20T19:17:04Z,finished,NA,NA,NA,2021-08-20T19:09:07Z,3,6,different,3,0,everyplayersomeflower,clover,D,Repi,/avatars/jdenticon/Samuel,#8138A8,1.768,"{""yellow_1"":"""",""yellow_2"":"""",""yellow_3"":"""",""yellow_4"":"""",""yellow_5"":"""",""yellow_6"":"""",""yellow_7"":"""",""yellow_8"":"""",""yellow_9"":"""",""yellow_10"":"""",""yellow_11"":"""",""yellow_12"":""""}","{""label"":""yellow_7"",""location"":""/experiment/yellow_similar/image_04667.jpg""},{""label"":""yellow_6"",""location"":""/experiment/yellow_similar/image_04425.jpg""},{""label"":""yellow_12"",""location"":""/experiment/yellow_similar/image_06676.jpg""},{""label"":""yellow_5"",""location"":""/experiment/yellow_similar/image_04078.jpg""},{""label"":""yellow_1"",""location"":""/experiment/yellow_similar/image_01220.jpg""},{""label"":""yellow_2"",""location"":""/experiment/yellow_similar/image_01753.jpg""},{""label"":""yellow_4"",""location"":""/experiment/yellow_similar/image_03709.jpg""},{""label"":""yellow_3"",""location"":""/experiment/yellow_similar/image_02295.jpg""},{""label"":""yellow_9"",""location"":""/experiment/yellow_similar/image_05700.jpg""},{""label"":""yellow_10"",""location"":""/experiment/yellow_similar/image_06298.jpg""},{""label"":""yellow_11"",""location"":""/experiment/yellow_similar/image_06354.jpg""},{""label"":""yellow_8"",""location"":""/experiment/yellow_similar/image_04982.jpg""}","{""label"":""white_12"",""location"":""/experiment/white_similar/image_08131.jpg""},{""label"":""white_6"",""location"":""/experiment/white_similar/image_05280.jpg""},{""label"":""white_7"",""location"":""/experiment/white_similar/image_05493.jpg""},{""label"":""white_1"",""location"":""/experiment/white_similar/image_00006.jpg""}","{""white_12"":""Small white flower with five petals "",""white_6"":""Large white flower with lots of petals and a yellow center"",""white_7"":""Large white flower with six petals and a purple center at the lower part of the petals"",""white_1"":""large multicolor white, purple, and yellow flower with stripe like petals""}",Minu,Laju,7,"yellow_5,yellow_3,yellow_8,yellow_12,yellow_6,yellow_1",NA
CvuWNByrnNe9BfBgK,NA,2021-08-20T19:12:32Z,2021-08-20T19:12:32Z,1,"instructions,othercolortest,ExitSurvey",2021-08-20T19:17:04Z,finished,NA,NA,NA,2021-08-20T19:09:08Z,3,6,different,3,0,everyplayersomeflower,clover,D,Minu,/avatars/jdenticon/Alaina,#7ACC66,2.1250000000000004,"{""yellow_1"":"""",""yellow_2"":"""",""yellow_3"":"""",""yellow_4"":"""",""yellow_5"":"""",""yellow_6"":"""",""yellow_7"":"""",""yellow_8"":"""",""yellow_9"":"""",""yellow_10"":"""",""yellow_11"":"""",""yellow_12"":""""}","{""label"":""yellow_5"",""location"":""/experiment/yellow_similar/image_04078.jpg""},{""label"":""yellow_10"",""location"":""/experiment/yellow_similar/image_06298.jpg""},{""label"":""yellow_8"",""location"":""/experiment/yellow_similar/image_04982.jpg""},{""label"":""yellow_7"",""location"":""/experiment/yellow_similar/image_04667.jpg""},{""label"":""yellow_2"",""location"":""/experiment/yellow_similar/image_01753.jpg""},{""label"":""yellow_9"",""location"":""/experiment/yellow_similar/image_05700.jpg""},{""label"":""yellow_4"",""location"":""/experiment/yellow_similar/image_03709.jpg""},{""label"":""yellow_1"",""location"":""/experiment/yellow_similar/image_01220.jpg""},{""label"":""yellow_12"",""location"":""/experiment/yellow_similar/image_06676.jpg""},{""label"":""yellow_11"",""location"":""/experiment/yellow_similar/image_06354.jpg""},{""label"":""yellow_3"",""location"":""/experiment/yellow_similar/image_02295.jpg""},{""label"":""yellow_6"",""location"":""/experiment/yellow_similar/image_04425.jpg""}","{""label"":""white_12"",""location"":""/experiment/white_similar/image_08131.jpg""},{""label"":""white_2"",""location"":""/experiment/white_similar/image_01448.jpg""},{""label"":""white_6"",""location"":""/experiment/white_similar/image_05280.jpg""},{""label"":""white_8"",""location"":""/experiment/white_similar/image_05846.jpg""}","{""white_12"":""Basic white flower"",""white_2"":""Pretty, frilly flower"",""white_6"":""Beautiful flower with a bright, yellow center"",""white_8"":""The most gorgeous flower I have ever seen ""}",Repi,Laju,2,"yellow_6,yellow_12,yellow_3,yellow_1,yellow_8,yellow_5",NA
WjfNL6QovY7HP3RoM,NA,2021-08-20T19:11:44Z,2021-08-20T19:11:44Z,1,"instructions,othercolortest,ExitSurvey",2021-08-20T19:17:45Z,finished,NA,NA,NA,2021-08-20T19:09:11Z,3,6,different,3,0,everyplayersomeflower,clover,D,Minu,/avatars/jdenticon/Alaina,#7ACC66,2.0570000000000004,"{""white_1"":"""",""white_2"":"""",""white_3"":"""",""white_4"":"""",""white_5"":"""",""white_6"":"""",""white_7"":"""",""white_8"":"""",""white_9"":"""",""white_10"":"""",""white_11"":"""",""white_12"":""""}","{""label"":""white_11"",""location"":""/experiment/white_similar/image_07463.jpg""},{""label"":""white_9"",""location"":""/experiment/white_similar/image_06003.jpg""},{""label"":""white_10"",""location"":""/experiment/white_similar/image_07057.jpg""},{""label"":""white_5"",""location"":""/experiment/white_similar/image_04849.jpg""},{""label"":""white_4"",""location"":""/experiment/white_similar/image_03710.jpg""},{""label"":""white_7"",""location"":""/experiment/white_similar/image_05493.jpg""},{""label"":""white_1"",""location"":""/experiment/white_similar/image_00006.jpg""},{""label"":""white_12"",""location"":""/experiment/white_similar/image_08131.jpg""},{""label"":""white_8"",""location"":""/experiment/white_similar/image_05846.jpg""},{""label"":""white_3"",""location"":""/experiment/white_similar/image_03139.jpg""},{""label"":""white_6"",""location"":""/experiment/white_similar/image_05280.jpg""},{""label"":""white_2"",""location"":""/experiment/white_similar/image_01448.jpg""}","{""label"":""purple_4"",""location"":""/experiment/purple_similar/image_04133.jpg""},{""label"":""purple_11"",""location"":""/experiment/purple_similar/image_07517.jpg""},{""label"":""purple_1"",""location"":""/experiment/purple_similar/image_00450.jpg""},{""label"":""purple_6"",""location"":""/experiment/purple_similar/image_04700.jpg""}","{""purple_4"":""looks like a coral out of sea. purple and sponge like"",""purple_11"":""beautiful purple petals, look very thin"",""purple_1"":""Tall ombre purple to white petals"",""purple_6"":""small purple flowers with yellow in the middle. Far away from eachother""}",Repi,Laju,8,"white_4,white_6,white_11,white_2,white_12,white_5",NA
jfcNgFomXZXzLQRBe,NA,2021-08-20T19:14:32Z,2021-08-20T19:14:32Z,1,"instructions,othercolortest,ExitSurvey",2021-08-20T19:20:21Z,finished,NA,NA,NA,2021-08-20T19:09:12Z,3,6,different,3,0,everyplayersomeflower,clover,D,Minu,/avatars/jdenticon/Alaina,#7ACC66,2.227,"{""yellow_1"":"""",""yellow_2"":"""",""yellow_3"":"""",""yellow_4"":"""",""yellow_5"":"""",""yellow_6"":"""",""yellow_7"":"""",""yellow_8"":"""",""yellow_9"":"""",""yellow_10"":"""",""yellow_11"":"""",""yellow_12"":""""}","{""label"":""yellow_8"",""location"":""/experiment/yellow_similar/image_04982.jpg""},{""label"":""yellow_3"",""location"":""/experiment/yellow_similar/image_02295.jpg""},{""label"":""yellow_7"",""location"":""/experiment/yellow_similar/image_04667.jpg""},{""label"":""yellow_11"",""location"":""/experiment/yellow_similar/image_06354.jpg""},{""label"":""yellow_2"",""location"":""/experiment/yellow_similar/image_01753.jpg""},{""label"":""yellow_4"",""location"":""/experiment/yellow_similar/image_03709.jpg""},{""label"":""yellow_5"",""location"":""/experiment/yellow_similar/image_04078.jpg""},{""label"":""yellow_1"",""location"":""/experiment/yellow_similar/image_01220.jpg""},{""label"":""yellow_6"",""location"":""/experiment/yellow_similar/image_04425.jpg""},{""label"":""yellow_9"",""location"":""/experiment/yellow_similar/image_05700.jpg""},{""label"":""yellow_12"",""location"":""/experiment/yellow_similar/image_06676.jpg""},{""label"":""yellow_10"",""location"":""/experiment/yellow_similar/image_06298.jpg""}","{""label"":""white_3"",""location"":""/experiment/white_similar/image_03139.jpg""},{""label"":""white_8"",""location"":""/experiment/white_similar/image_05846.jpg""},{""label"":""white_12"",""location"":""/experiment/white_similar/image_08131.jpg""},{""label"":""white_6"",""location"":""/experiment/white_similar/image_05280.jpg""}","{""white_3"":""a white orchid like flower"",""white_8"":""a white dandelion"",""white_12"":""small wild flower"",""white_6"":""hybrid daisy and rose like flower""}",Repi,Laju,4,"yellow_6,yellow_4,yellow_1,yellow_10,yellow_12,yellow_2",NA
LTvCaj4BhMws6MSQL,NA,2021-08-20T19:13:45Z,2021-08-20T19:13:45Z,1,"instructions,othercolortest,ExitSurvey",2021-08-20T19:18:55Z,finished,NA,NA,NA,2021-08-20T19:09:13Z,3,6,different,3,0,everyplayersomeflower,clover,C,Minu,/avatars/jdenticon/Alaina,#7ACC66,2.295,"{""red_1"":"""",""red_2"":"""",""red_3"":"""",""red_4"":"""",""red_5"":"""",""red_6"":"""",""red_7"":"""",""red_8"":"""",""red_9"":"""",""red_10"":"""",""red_11"":"""",""red_12"":""""}","{""label"":""red_4"",""location"":""/experiment/red_similar/image_02269.jpg""},{""label"":""red_10"",""location"":""/experiment/red_similar/image_06859.jpg""},{""label"":""red_6"",""location"":""/experiment/red_similar/image_03162.jpg""},{""label"":""red_11"",""location"":""/experiment/red_similar/image_07641.jpg""},{""label"":""red_3"",""location"":""/experiment/red_similar/image_01973.jpg""},{""label"":""red_7"",""location"":""/experiment/red_similar/image_04769.jpg""},{""label"":""red_1"",""location"":""/experiment/red_similar/image_00757.jpg""},{""label"":""red_5"",""location"":""/experiment/red_similar/image_02561.jpg""},{""label"":""red_9"",""location"":""/experiment/red_similar/image_06787.jpg""},{""label"":""red_8"",""location"":""/experiment/red_similar/image_06490.jpg""},{""label"":""red_12"",""location"":""/experiment/red_similar/image_07931.jpg""},{""label"":""red_2"",""location"":""/experiment/red_similar/image_01583.jpg""}","{""label"":""yellow_11"",""location"":""/experiment/yellow_similar/image_06354.jpg""},{""label"":""yellow_1"",""location"":""/experiment/yellow_similar/image_01220.jpg""},{""label"":""yellow_7"",""location"":""/experiment/yellow_similar/image_04667.jpg""},{""label"":""yellow_2"",""location"":""/experiment/yellow_similar/image_01753.jpg""}","{""yellow_11"":""DROOPY YELLOW FLOWER"",""yellow_1"":""PRETTY YELLOW ROSE WITH A HINT OF PINK"",""yellow_7"":""YELLOW FLOWER"",""yellow_2"":""YELLOW FLOWER WITH PINK IN THE MIDDLE""}",Repi,Laju,2,"red_12,red_8,red_6,red_7,red_3,red_9",NA
7rnuZWGmiFrLQct4J,NA,2021-08-20T19:14:04Z,2021-08-20T19:14:04Z,1,"instructions,othercolortest,ExitSurvey",2021-08-20T19:20:21Z,finished,NA,NA,NA,2021-08-20T19:09:14Z,3,6,different,3,0,everyplayersomeflower,clover,D,Repi,/avatars/jdenticon/Samuel,#8138A8,1.7510000000000003,"{""yellow_1"":"""",""yellow_2"":"""",""yellow_3"":"""",""yellow_4"":"""",""yellow_5"":"""",""yellow_6"":"""",""yellow_7"":"""",""yellow_8"":"""",""yellow_9"":"""",""yellow_10"":"""",""yellow_11"":"""",""yellow_12"":""""}","{""label"":""yellow_2"",""location"":""/experiment/yellow_similar/image_01753.jpg""},{""label"":""yellow_1"",""location"":""/experiment/yellow_similar/image_01220.jpg""},{""label"":""yellow_3"",""location"":""/experiment/yellow_similar/image_02295.jpg""},{""label"":""yellow_4"",""location"":""/experiment/yellow_similar/image_03709.jpg""},{""label"":""yellow_5"",""location"":""/experiment/yellow_similar/image_04078.jpg""},{""label"":""yellow_8"",""location"":""/experiment/yellow_similar/image_04982.jpg""},{""label"":""yellow_7"",""location"":""/experiment/yellow_similar/image_04667.jpg""},{""label"":""yellow_11"",""location"":""/experiment/yellow_similar/image_06354.jpg""},{""label"":""yellow_10"",""location"":""/experiment/yellow_similar/image_06298.jpg""},{""label"":""yellow_12"",""location"":""/experiment/yellow_similar/image_06676.jpg""},{""label"":""yellow_6"",""location"":""/experiment/yellow_similar/image_04425.jpg""},{""label"":""yellow_9"",""location"":""/experiment/yellow_similar/image_05700.jpg""}","{""label"":""white_2"",""location"":""/experiment/white_similar/image_01448.jpg""},{""label"":""white_7"",""location"":""/experiment/white_similar/image_05493.jpg""},{""label"":""white_12"",""location"":""/experiment/white_similar/image_08131.jpg""},{""label"":""white_4"",""location"":""/experiment/white_similar/image_03710.jpg""}","{""white_2"":""This flower is worth a medium-sized profit."",""white_7"":""Hard to grow worth a low profit."",""white_12"":""A Lilly that is worth a decent profit."",""white_4"":""Created multiple flowers with one bud, worth a lot.""}",Minu,Laju,10,"yellow_10,yellow_2,yellow_12,yellow_6,yellow_1,yellow_4",NA
Kr4qHukT5FG3G2xb2,NA,2021-08-20T19:16:08Z,2021-08-20T19:16:08Z,1,"instructions,othercolortest,ExitSurvey",2021-08-20T19:21:41Z,finished,NA,NA,NA,2021-08-20T19:09:16Z,3,6,different,3,0,everyplayersomeflower,clover,E,Minu,/avatars/jdenticon/Alaina,#7ACC66,1.734,"{""yellow_1"":"""",""yellow_2"":"""",""yellow_3"":"""",""yellow_4"":"""",""yellow_5"":"""",""yellow_6"":"""",""yellow_7"":"""",""yellow_8"":"""",""yellow_9"":"""",""yellow_10"":"""",""yellow_11"":"""",""yellow_12"":""""}","{""label"":""yellow_11"",""location"":""/experiment/yellow_similar/image_06354.jpg""},{""label"":""yellow_7"",""location"":""/experiment/yellow_similar/image_04667.jpg""},{""label"":""yellow_5"",""location"":""/experiment/yellow_similar/image_04078.jpg""},{""label"":""yellow_12"",""location"":""/experiment/yellow_similar/image_06676.jpg""},{""label"":""yellow_3"",""location"":""/experiment/yellow_similar/image_02295.jpg""},{""label"":""yellow_8"",""location"":""/experiment/yellow_similar/image_04982.jpg""},{""label"":""yellow_6"",""location"":""/experiment/yellow_similar/image_04425.jpg""},{""label"":""yellow_10"",""location"":""/experiment/yellow_similar/image_06298.jpg""},{""label"":""yellow_2"",""location"":""/experiment/yellow_similar/image_01753.jpg""},{""label"":""yellow_1"",""location"":""/experiment/yellow_similar/image_01220.jpg""},{""label"":""yellow_4"",""location"":""/experiment/yellow_similar/image_03709.jpg""},{""label"":""yellow_9"",""location"":""/experiment/yellow_similar/image_05700.jpg""}","{""label"":""red_11"",""location"":""/experiment/red_similar/image_07641.jpg""},{""label"":""red_1"",""location"":""/experiment/red_similar/image_00757.jpg""},{""label"":""red_10"",""location"":""/experiment/red_similar/image_06859.jpg""},{""label"":""red_3"",""location"":""/experiment/red_similar/image_01973.jpg""}","{""red_11"":""A hot pink flower with a dark green leaf. "",""red_1"":""A hot pink flower with loose petals."",""red_10"":""An almost red-pink flower that has teeny tiny petals."",""red_3"":""A single leafed pink flower.""}",Repi,Laju,2,"yellow_6,yellow_4,yellow_2,yellow_9,yellow_10,yellow_12",NA
4S7LxExG3gRWyaLP6,NA,2021-08-20T19:12:24Z,2021-08-20T19:12:24Z,1,"instructions,othercolortest,ExitSurvey",2021-08-20T19:17:45Z,finished,NA,NA,NA,2021-08-20T19:09:23Z,3,6,different,3,0,everyplayersomeflower,clover,D,Repi,/avatars/jdenticon/Samuel,#8138A8,2.567,"{""white_1"":"""",""white_2"":"""",""white_3"":"""",""white_4"":"""",""white_5"":"""",""white_6"":"""",""white_7"":"""",""white_8"":"""",""white_9"":"""",""white_10"":"""",""white_11"":"""",""white_12"":""""}","{""label"":""white_9"",""location"":""/experiment/white_similar/image_06003.jpg""},{""label"":""white_11"",""location"":""/experiment/white_similar/image_07463.jpg""},{""label"":""white_12"",""location"":""/experiment/white_similar/image_08131.jpg""},{""label"":""white_4"",""location"":""/experiment/white_similar/image_03710.jpg""},{""label"":""white_6"",""location"":""/experiment/white_similar/image_05280.jpg""},{""label"":""white_8"",""location"":""/experiment/white_similar/image_05846.jpg""},{""label"":""white_1"",""location"":""/experiment/white_similar/image_00006.jpg""},{""label"":""white_5"",""location"":""/experiment/white_similar/image_04849.jpg""},{""label"":""white_7"",""location"":""/experiment/white_similar/image_05493.jpg""},{""label"":""white_2"",""location"":""/experiment/white_similar/image_01448.jpg""},{""label"":""white_3"",""location"":""/experiment/white_similar/image_03139.jpg""},{""label"":""white_10"",""location"":""/experiment/white_similar/image_07057.jpg""}","{""label"":""purple_11"",""location"":""/experiment/purple_similar/image_07517.jpg""},{""label"":""purple_6"",""location"":""/experiment/purple_similar/image_04700.jpg""},{""label"":""purple_8"",""location"":""/experiment/purple_similar/image_05639.jpg""},{""label"":""purple_2"",""location"":""/experiment/purple_similar/image_01664.jpg""}","{""purple_11"":""Purple flower with triangular shaped leaves and small yellow blooms in the center"",""purple_6"":""Purple flower with spiral leaves and a gold center "",""purple_8"":""Purple flower with white ombre petals"",""purple_2"":""Purple flower with petals evenly dispersed in a circle and dark purple lines down the middle of each petal ""}",Minu,Laju,7,"white_6,white_2,white_5,white_11,white_4,white_12",NA
ph3jbF9KXu4EvgzjJ,NA,2021-08-20T19:13:14Z,2021-08-20T19:13:14Z,1,"instructions,othercolortest,ExitSurvey",2021-08-20T19:18:55Z,finished,NA,NA,NA,2021-08-20T19:09:27Z,3,6,different,3,0,everyplayersomeflower,clover,D,Laju,/avatars/jdenticon/Katherine,#3D45B7,2.7539999999999996,"{""red_1"":"""",""red_2"":"""",""red_3"":"""",""red_4"":"""",""red_5"":"""",""red_6"":"""",""red_7"":"""",""red_8"":"""",""red_9"":"""",""red_10"":"""",""red_11"":"""",""red_12"":""""}","{""label"":""red_5"",""location"":""/experiment/red_similar/image_02561.jpg""},{""label"":""red_12"",""location"":""/experiment/red_similar/image_07931.jpg""},{""label"":""red_4"",""location"":""/experiment/red_similar/image_02269.jpg""},{""label"":""red_10"",""location"":""/experiment/red_similar/image_06859.jpg""},{""label"":""red_9"",""location"":""/experiment/red_similar/image_06787.jpg""},{""label"":""red_3"",""location"":""/experiment/red_similar/image_01973.jpg""},{""label"":""red_1"",""location"":""/experiment/red_similar/image_00757.jpg""},{""label"":""red_8"",""location"":""/experiment/red_similar/image_06490.jpg""},{""label"":""red_6"",""location"":""/experiment/red_similar/image_03162.jpg""},{""label"":""red_2"",""location"":""/experiment/red_similar/image_01583.jpg""},{""label"":""red_7"",""location"":""/experiment/red_similar/image_04769.jpg""},{""label"":""red_11"",""location"":""/experiment/red_similar/image_07641.jpg""}","{""label"":""yellow_11"",""location"":""/experiment/yellow_similar/image_06354.jpg""},{""label"":""yellow_2"",""location"":""/experiment/yellow_similar/image_01753.jpg""},{""label"":""yellow_5"",""location"":""/experiment/yellow_similar/image_04078.jpg""},{""label"":""yellow_9"",""location"":""/experiment/yellow_similar/image_05700.jpg""}","{""yellow_11"":"" A single yellow flower with grass in the background"",""yellow_2"":""A single budding yellow flower"",""yellow_5"":""Three yellow flowers amongst some sticks"",""yellow_9"":""A single yellow flower in the foreground and another behind it in the background""}",Repi,Minu,2,"red_3,red_6,red_12,red_8,red_9,red_7",NA
a2q3a5NZ2YSdAoQgG,NA,2021-08-20T19:17:13Z,2021-08-20T19:17:13Z,1,"instructions,othercolortest,ExitSurvey",2021-08-20T19:21:41Z,finished,NA,NA,NA,2021-08-20T19:09:53Z,3,6,different,3,0,everyplayersomeflower,clover,D,Laju,/avatars/jdenticon/Katherine,#3D45B7,2.2780000000000005,"{""yellow_1"":"""",""yellow_2"":"""",""yellow_3"":"""",""yellow_4"":"""",""yellow_5"":"""",""yellow_6"":"""",""yellow_7"":"""",""yellow_8"":"""",""yellow_9"":"""",""yellow_10"":"""",""yellow_11"":"""",""yellow_12"":""""}","{""label"":""yellow_6"",""location"":""/experiment/yellow_similar/image_04425.jpg""},{""label"":""yellow_2"",""location"":""/experiment/yellow_similar/image_01753.jpg""},{""label"":""yellow_12"",""location"":""/experiment/yellow_similar/image_06676.jpg""},{""label"":""yellow_1"",""location"":""/experiment/yellow_similar/image_01220.jpg""},{""label"":""yellow_11"",""location"":""/experiment/yellow_similar/image_06354.jpg""},{""label"":""yellow_3"",""location"":""/experiment/yellow_similar/image_02295.jpg""},{""label"":""yellow_9"",""location"":""/experiment/yellow_similar/image_05700.jpg""},{""label"":""yellow_8"",""location"":""/experiment/yellow_similar/image_04982.jpg""},{""label"":""yellow_5"",""location"":""/experiment/yellow_similar/image_04078.jpg""},{""label"":""yellow_7"",""location"":""/experiment/yellow_similar/image_04667.jpg""},{""label"":""yellow_10"",""location"":""/experiment/yellow_similar/image_06298.jpg""},{""label"":""yellow_4"",""location"":""/experiment/yellow_similar/image_03709.jpg""}","{""label"":""red_8"",""location"":""/experiment/red_similar/image_06490.jpg""},{""label"":""red_4"",""location"":""/experiment/red_similar/image_02269.jpg""},{""label"":""red_10"",""location"":""/experiment/red_similar/image_06859.jpg""},{""label"":""red_7"",""location"":""/experiment/red_similar/image_04769.jpg""}","{""red_8"":""red poppies with tissue paper-like leaves"",""red_4"":""a large red flower with many slim petals"",""red_10"":""A shrub with bushy red spray of flowers"",""red_7"":""a red flower with a white centre and trumpet shaped flowers""}",Repi,Minu,4,"yellow_4,yellow_2,yellow_10,yellow_9,yellow_12,yellow_6",NA
GQnEtoBAD9orFF4vA,NA,NA,NA,NA,"Sorry,ExitSurvey",2021-08-20T19:17:12Z,gameFull,NA,NA,NA,2021-08-20T19:10:24Z,4,6,different,NA,NA,NA,NA,NA,NA,NA,NA,NA,NA,NA,NA,NA,NA,NA,NA,NA,NA
hXjddJjNtoBCSSrfE,NA,NA,NA,NA,"Sorry,ExitSurvey",2021-08-20T19:17:12Z,gameFull,NA,NA,NA,2021-08-20T19:15:09Z,3,6,different,3,NA,NA,NA,NA,NA,NA,NA,NA,NA,NA,NA,NA,NA,NA,NA,NA,NA
