_id,batchId,playerId,roundId,gameId,createdAt
7PguN4SWawiB7seEv,kYjuvT8vtjz7mYAsi,9MoiLRqn7HPwSqgrR,uCsR4iMcR5hAyJjj9,hJKEAjqtPge8wn37L,2021-08-20T17:15:16Z
XngwDwqtutzzeG8pr,kYjuvT8vtjz7mYAsi,Y7BwxwRbxbP6Rh8X2,uCsR4iMcR5hAyJjj9,hJKEAjqtPge8wn37L,2021-08-20T17:15:16Z
CWR356LhF2jtciYLq,kYjuvT8vtjz7mYAsi,ibLuXBkRAXPSqC7y6,uCsR4iMcR5hAyJjj9,hJKEAjqtPge8wn37L,2021-08-20T17:15:16Z
ieYPPkAQ2XLCZ4NCS,kYjuvT8vtjz7mYAsi,9MoiLRqn7HPwSqgrR,zbLnEnPRstTafavk3,hJKEAjqtPge8wn37L,2021-08-20T17:15:16Z
kEBbMZ6KfRRfdGZcZ,kYjuvT8vtjz7mYAsi,Y7BwxwRbxbP6Rh8X2,zbLnEnPRstTafavk3,hJKEAjqtPge8wn37L,2021-08-20T17:15:16Z
Qj23QrSh7azzjRxiL,kYjuvT8vtjz7mYAsi,ibLuXBkRAXPSqC7y6,zbLnEnPRstTafavk3,hJKEAjqtPge8wn37L,2021-08-20T17:15:16Z
ouDdCWHoyCHYYp2CB,kYjuvT8vtjz7mYAsi,9MoiLRqn7HPwSqgrR,gSFY27zzQxgHG8B3R,hJKEAjqtPge8wn37L,2021-08-20T17:15:16Z
QHD5LADJMcciPqmES,kYjuvT8vtjz7mYAsi,Y7BwxwRbxbP6Rh8X2,gSFY27zzQxgHG8B3R,hJKEAjqtPge8wn37L,2021-08-20T17:15:16Z
AhNn8hbHqeFDKJG9i,kYjuvT8vtjz7mYAsi,ibLuXBkRAXPSqC7y6,gSFY27zzQxgHG8B3R,hJKEAjqtPge8wn37L,2021-08-20T17:15:16Z
tF8f5dwwndFrd8Wut,kYjuvT8vtjz7mYAsi,9MoiLRqn7HPwSqgrR,sJs8ptj3wnxbNyX4s,hJKEAjqtPge8wn37L,2021-08-20T17:15:16Z
TEF9KwKsDhABWDZAs,kYjuvT8vtjz7mYAsi,Y7BwxwRbxbP6Rh8X2,sJs8ptj3wnxbNyX4s,hJKEAjqtPge8wn37L,2021-08-20T17:15:16Z
HTgcZW6CMs3BtgvxY,kYjuvT8vtjz7mYAsi,ibLuXBkRAXPSqC7y6,sJs8ptj3wnxbNyX4s,hJKEAjqtPge8wn37L,2021-08-20T17:15:16Z
kRaWj7LL87PcaPY8x,kYjuvT8vtjz7mYAsi,9MoiLRqn7HPwSqgrR,pRJb2E2H2a2DeSMTZ,hJKEAjqtPge8wn37L,2021-08-20T17:15:16Z
eksNqQE2yKqHJJf89,kYjuvT8vtjz7mYAsi,Y7BwxwRbxbP6Rh8X2,pRJb2E2H2a2DeSMTZ,hJKEAjqtPge8wn37L,2021-08-20T17:15:16Z
ziovkEgWQHoj2rRMA,kYjuvT8vtjz7mYAsi,ibLuXBkRAXPSqC7y6,pRJb2E2H2a2DeSMTZ,hJKEAjqtPge8wn37L,2021-08-20T17:15:16Z
DvkTprfh3y3syg3EE,kYjuvT8vtjz7mYAsi,9MoiLRqn7HPwSqgrR,Cq5pE3cjfrHbRDyop,hJKEAjqtPge8wn37L,2021-08-20T17:15:16Z
yK4qMHw6iyLeR4Pm8,kYjuvT8vtjz7mYAsi,Y7BwxwRbxbP6Rh8X2,Cq5pE3cjfrHbRDyop,hJKEAjqtPge8wn37L,2021-08-20T17:15:16Z
fx5WSajiSnAaSBvip,kYjuvT8vtjz7mYAsi,ibLuXBkRAXPSqC7y6,Cq5pE3cjfrHbRDyop,hJKEAjqtPge8wn37L,2021-08-20T17:15:16Z
5ueeX3jfPEgy6GigS,kYjuvT8vtjz7mYAsi,9MoiLRqn7HPwSqgrR,M9FFYCHzn8kTaiiqg,hJKEAjqtPge8wn37L,2021-08-20T17:15:16Z
8ERnuhg6yq4nPCg4d,kYjuvT8vtjz7mYAsi,Y7BwxwRbxbP6Rh8X2,M9FFYCHzn8kTaiiqg,hJKEAjqtPge8wn37L,2021-08-20T17:15:16Z
NQPNNThKTNZ2uj4Kd,kYjuvT8vtjz7mYAsi,ibLuXBkRAXPSqC7y6,M9FFYCHzn8kTaiiqg,hJKEAjqtPge8wn37L,2021-08-20T17:15:16Z
3ZDkboj58JJnYLne2,kYjuvT8vtjz7mYAsi,9MoiLRqn7HPwSqgrR,maatG3Dt4S9rRG6DQ,hJKEAjqtPge8wn37L,2021-08-20T17:15:16Z
SyA3tKKmA2dhiKdbk,kYjuvT8vtjz7mYAsi,Y7BwxwRbxbP6Rh8X2,maatG3Dt4S9rRG6DQ,hJKEAjqtPge8wn37L,2021-08-20T17:15:16Z
QgLhiKz7NdnXm2fHa,kYjuvT8vtjz7mYAsi,ibLuXBkRAXPSqC7y6,maatG3Dt4S9rRG6DQ,hJKEAjqtPge8wn37L,2021-08-20T17:15:16Z
2r2LckxMdTZqgsCZr,kYjuvT8vtjz7mYAsi,9MoiLRqn7HPwSqgrR,wuu6QqpcXdHCc2cuv,hJKEAjqtPge8wn37L,2021-08-20T17:15:16Z
7bnWSGCpAroZWX2yZ,kYjuvT8vtjz7mYAsi,Y7BwxwRbxbP6Rh8X2,wuu6QqpcXdHCc2cuv,hJKEAjqtPge8wn37L,2021-08-20T17:15:16Z
pX29hu65BbfLv5yXn,kYjuvT8vtjz7mYAsi,ibLuXBkRAXPSqC7y6,wuu6QqpcXdHCc2cuv,hJKEAjqtPge8wn37L,2021-08-20T17:15:16Z
dv9hxJBdZbuhNPWB5,kYjuvT8vtjz7mYAsi,9MoiLRqn7HPwSqgrR,5DZXGjPdc8Q99gmDc,hJKEAjqtPge8wn37L,2021-08-20T17:15:16Z
7ZekH3Az6QR4kdCCZ,kYjuvT8vtjz7mYAsi,Y7BwxwRbxbP6Rh8X2,5DZXGjPdc8Q99gmDc,hJKEAjqtPge8wn37L,2021-08-20T17:15:16Z
rJtbEXCECYP4YjYTP,kYjuvT8vtjz7mYAsi,ibLuXBkRAXPSqC7y6,5DZXGjPdc8Q99gmDc,hJKEAjqtPge8wn37L,2021-08-20T17:15:16Z
ubCbstjDYtqtbi8So,kYjuvT8vtjz7mYAsi,9MoiLRqn7HPwSqgrR,LckXYJ8jfzwGnjyHA,hJKEAjqtPge8wn37L,2021-08-20T17:15:16Z
rdkZxJ6gaaEwpEipo,kYjuvT8vtjz7mYAsi,Y7BwxwRbxbP6Rh8X2,LckXYJ8jfzwGnjyHA,hJKEAjqtPge8wn37L,2021-08-20T17:15:16Z
4sBcyb8iBTvHnJgPQ,kYjuvT8vtjz7mYAsi,ibLuXBkRAXPSqC7y6,LckXYJ8jfzwGnjyHA,hJKEAjqtPge8wn37L,2021-08-20T17:15:16Z
FcDWkjBC6zTNpvhxA,kYjuvT8vtjz7mYAsi,9MoiLRqn7HPwSqgrR,AHQCN9d32Az4sNCEx,hJKEAjqtPge8wn37L,2021-08-20T17:15:16Z
sTPybSqWABF5FuWJS,kYjuvT8vtjz7mYAsi,Y7BwxwRbxbP6Rh8X2,AHQCN9d32Az4sNCEx,hJKEAjqtPge8wn37L,2021-08-20T17:15:16Z
Kx7ransvkbcCXonSP,kYjuvT8vtjz7mYAsi,ibLuXBkRAXPSqC7y6,AHQCN9d32Az4sNCEx,hJKEAjqtPge8wn37L,2021-08-20T17:15:16Z
hpoLYnSTwJyE6xxBZ,kYjuvT8vtjz7mYAsi,9MoiLRqn7HPwSqgrR,D3HgfTZiXXGwd4JTH,hJKEAjqtPge8wn37L,2021-08-20T17:15:16Z
LAK3daHvuPxHANDtP,kYjuvT8vtjz7mYAsi,Y7BwxwRbxbP6Rh8X2,D3HgfTZiXXGwd4JTH,hJKEAjqtPge8wn37L,2021-08-20T17:15:16Z
dZq6jD6MQKdJXiqCT,kYjuvT8vtjz7mYAsi,ibLuXBkRAXPSqC7y6,D3HgfTZiXXGwd4JTH,hJKEAjqtPge8wn37L,2021-08-20T17:15:16Z
NZEu9MbbGrPW9mzwy,kYjuvT8vtjz7mYAsi,9MoiLRqn7HPwSqgrR,CucCfTo7T2P7gidza,hJKEAjqtPge8wn37L,2021-08-20T17:15:16Z
Wzq2oFNLjQSKi2M3y,kYjuvT8vtjz7mYAsi,Y7BwxwRbxbP6Rh8X2,CucCfTo7T2P7gidza,hJKEAjqtPge8wn37L,2021-08-20T17:15:16Z
7W7y7QPT5qcDqZ3jg,kYjuvT8vtjz7mYAsi,ibLuXBkRAXPSqC7y6,CucCfTo7T2P7gidza,hJKEAjqtPge8wn37L,2021-08-20T17:15:16Z
GsnCtN96Mawma5ied,kYjuvT8vtjz7mYAsi,9MoiLRqn7HPwSqgrR,9PnKtoBgrLsP4PEkc,hJKEAjqtPge8wn37L,2021-08-20T17:15:16Z
xjD6urnMumypDNJwY,kYjuvT8vtjz7mYAsi,Y7BwxwRbxbP6Rh8X2,9PnKtoBgrLsP4PEkc,hJKEAjqtPge8wn37L,2021-08-20T17:15:16Z
YRqKqWFW6KnFF9y88,kYjuvT8vtjz7mYAsi,ibLuXBkRAXPSqC7y6,9PnKtoBgrLsP4PEkc,hJKEAjqtPge8wn37L,2021-08-20T17:15:16Z
D3CjEgw4iF8YwzWXE,kYjuvT8vtjz7mYAsi,9MoiLRqn7HPwSqgrR,ei6wtFx7kGskbQC7R,hJKEAjqtPge8wn37L,2021-08-20T17:15:16Z
yciZ7a7GexXuywmgv,kYjuvT8vtjz7mYAsi,Y7BwxwRbxbP6Rh8X2,ei6wtFx7kGskbQC7R,hJKEAjqtPge8wn37L,2021-08-20T17:15:16Z
dXyPejxMtNjB5Ggac,kYjuvT8vtjz7mYAsi,ibLuXBkRAXPSqC7y6,ei6wtFx7kGskbQC7R,hJKEAjqtPge8wn37L,2021-08-20T17:15:16Z
NmgggLMWdR6zQGPeC,kYjuvT8vtjz7mYAsi,9MoiLRqn7HPwSqgrR,G82oLjeBcNbxMx73E,hJKEAjqtPge8wn37L,2021-08-20T17:15:16Z
iodK7KA9CdfmJrfyN,kYjuvT8vtjz7mYAsi,Y7BwxwRbxbP6Rh8X2,G82oLjeBcNbxMx73E,hJKEAjqtPge8wn37L,2021-08-20T17:15:16Z
GvNvmj6E86MZEgkc9,kYjuvT8vtjz7mYAsi,ibLuXBkRAXPSqC7y6,G82oLjeBcNbxMx73E,hJKEAjqtPge8wn37L,2021-08-20T17:15:16Z
oAbLYzAuQwnYbMkxw,kYjuvT8vtjz7mYAsi,9MoiLRqn7HPwSqgrR,CYSPts368LKpn4CLo,hJKEAjqtPge8wn37L,2021-08-20T17:15:16Z
p3wzg9K34rjLdZjPA,kYjuvT8vtjz7mYAsi,Y7BwxwRbxbP6Rh8X2,CYSPts368LKpn4CLo,hJKEAjqtPge8wn37L,2021-08-20T17:15:16Z
yTBiKDKc35PmswQtt,kYjuvT8vtjz7mYAsi,ibLuXBkRAXPSqC7y6,CYSPts368LKpn4CLo,hJKEAjqtPge8wn37L,2021-08-20T17:15:16Z
5dW2sN73aoeL7BBdf,kYjuvT8vtjz7mYAsi,9MoiLRqn7HPwSqgrR,ZemkBf7D4vAe2rBxN,hJKEAjqtPge8wn37L,2021-08-20T17:15:16Z
jA8vECRSZN5NjkHRQ,kYjuvT8vtjz7mYAsi,Y7BwxwRbxbP6Rh8X2,ZemkBf7D4vAe2rBxN,hJKEAjqtPge8wn37L,2021-08-20T17:15:16Z
7Zb4gifr5ntNffybW,kYjuvT8vtjz7mYAsi,ibLuXBkRAXPSqC7y6,ZemkBf7D4vAe2rBxN,hJKEAjqtPge8wn37L,2021-08-20T17:15:16Z
a2jDWgv2pBXazMvXg,kYjuvT8vtjz7mYAsi,9MoiLRqn7HPwSqgrR,Y8iWSYrxNYsd4snRj,hJKEAjqtPge8wn37L,2021-08-20T17:15:16Z
J4zTszwTqwdXEbAvf,kYjuvT8vtjz7mYAsi,Y7BwxwRbxbP6Rh8X2,Y8iWSYrxNYsd4snRj,hJKEAjqtPge8wn37L,2021-08-20T17:15:16Z
4Di2GNP3q7WYPqw4x,kYjuvT8vtjz7mYAsi,ibLuXBkRAXPSqC7y6,Y8iWSYrxNYsd4snRj,hJKEAjqtPge8wn37L,2021-08-20T17:15:16Z
qAZRdRgqBZx4hruY8,kYjuvT8vtjz7mYAsi,9MoiLRqn7HPwSqgrR,kDYcEfivvdpzz2pGJ,hJKEAjqtPge8wn37L,2021-08-20T17:15:16Z
vHhqekGwcL6YofKuv,kYjuvT8vtjz7mYAsi,Y7BwxwRbxbP6Rh8X2,kDYcEfivvdpzz2pGJ,hJKEAjqtPge8wn37L,2021-08-20T17:15:16Z
Rq53Q3vYSZDqjTMdH,kYjuvT8vtjz7mYAsi,ibLuXBkRAXPSqC7y6,kDYcEfivvdpzz2pGJ,hJKEAjqtPge8wn37L,2021-08-20T17:15:16Z
poZerJpkQ3duvBxBe,kYjuvT8vtjz7mYAsi,9MoiLRqn7HPwSqgrR,uQfWYNoweL9XF7S6i,hJKEAjqtPge8wn37L,2021-08-20T17:15:16Z
xE2yfZqWwCJXjZkTc,kYjuvT8vtjz7mYAsi,Y7BwxwRbxbP6Rh8X2,uQfWYNoweL9XF7S6i,hJKEAjqtPge8wn37L,2021-08-20T17:15:16Z
rJ3DEsGyYuzGoMuXK,kYjuvT8vtjz7mYAsi,ibLuXBkRAXPSqC7y6,uQfWYNoweL9XF7S6i,hJKEAjqtPge8wn37L,2021-08-20T17:15:16Z
tomqCgg5ps8RsBCju,kYjuvT8vtjz7mYAsi,9MoiLRqn7HPwSqgrR,AxkZscNtejESZKjet,hJKEAjqtPge8wn37L,2021-08-20T17:15:16Z
P2r8pMJ28z5pvoCxm,kYjuvT8vtjz7mYAsi,Y7BwxwRbxbP6Rh8X2,AxkZscNtejESZKjet,hJKEAjqtPge8wn37L,2021-08-20T17:15:16Z
JQ9Ky2HDRquKWvEr2,kYjuvT8vtjz7mYAsi,ibLuXBkRAXPSqC7y6,AxkZscNtejESZKjet,hJKEAjqtPge8wn37L,2021-08-20T17:15:16Z
tzCWkTHWGyHxuFYmC,kYjuvT8vtjz7mYAsi,9MoiLRqn7HPwSqgrR,XyLPqbzSo9syW6kfb,hJKEAjqtPge8wn37L,2021-08-20T17:15:16Z
Kf7YPk8o7orTS3FiD,kYjuvT8vtjz7mYAsi,Y7BwxwRbxbP6Rh8X2,XyLPqbzSo9syW6kfb,hJKEAjqtPge8wn37L,2021-08-20T17:15:16Z
SubcGrQWrE5ZA4snj,kYjuvT8vtjz7mYAsi,ibLuXBkRAXPSqC7y6,XyLPqbzSo9syW6kfb,hJKEAjqtPge8wn37L,2021-08-20T17:15:16Z
wGonRYtLMoF773wQq,9jNSYMvWgyshEHRsn,3anrrcdtZ5d4PyStT,Msi39L9y9Jadgpong,2F7o2m2ZZj2T4EFzo,2021-08-20T17:15:28Z
ZPzZYJzLLPTr4ZcFP,9jNSYMvWgyshEHRsn,SCnLaRWo7fh37cMg6,Msi39L9y9Jadgpong,2F7o2m2ZZj2T4EFzo,2021-08-20T17:15:28Z
vfzE8nPgFFwkA2GAq,9jNSYMvWgyshEHRsn,aMMzXKuy8u6TmtYrN,Msi39L9y9Jadgpong,2F7o2m2ZZj2T4EFzo,2021-08-20T17:15:28Z
TXCL3WKeZXDFdX3kj,9jNSYMvWgyshEHRsn,3anrrcdtZ5d4PyStT,J2HJtbAuK3zLp8bej,2F7o2m2ZZj2T4EFzo,2021-08-20T17:15:28Z
Qxmjb9QTejA8aTKXv,9jNSYMvWgyshEHRsn,SCnLaRWo7fh37cMg6,J2HJtbAuK3zLp8bej,2F7o2m2ZZj2T4EFzo,2021-08-20T17:15:28Z
Nrrj4mDJpiZsit64g,9jNSYMvWgyshEHRsn,aMMzXKuy8u6TmtYrN,J2HJtbAuK3zLp8bej,2F7o2m2ZZj2T4EFzo,2021-08-20T17:15:28Z
uNaHsMhBnr34AWmAk,9jNSYMvWgyshEHRsn,3anrrcdtZ5d4PyStT,3qbTSpBg7GDvZ4fXC,2F7o2m2ZZj2T4EFzo,2021-08-20T17:15:28Z
zJqRRMHE699a7jj4H,9jNSYMvWgyshEHRsn,SCnLaRWo7fh37cMg6,3qbTSpBg7GDvZ4fXC,2F7o2m2ZZj2T4EFzo,2021-08-20T17:15:28Z
AJ4qvoZ49fZFTfvDP,9jNSYMvWgyshEHRsn,aMMzXKuy8u6TmtYrN,3qbTSpBg7GDvZ4fXC,2F7o2m2ZZj2T4EFzo,2021-08-20T17:15:28Z
Mk4TtkrJLxTA6SS2h,9jNSYMvWgyshEHRsn,3anrrcdtZ5d4PyStT,YRoBZf88fsPz3zBCx,2F7o2m2ZZj2T4EFzo,2021-08-20T17:15:28Z
HCFdLxhhLagC3XHdb,9jNSYMvWgyshEHRsn,SCnLaRWo7fh37cMg6,YRoBZf88fsPz3zBCx,2F7o2m2ZZj2T4EFzo,2021-08-20T17:15:28Z
NRSXFEnLxJ5FpCxHv,9jNSYMvWgyshEHRsn,aMMzXKuy8u6TmtYrN,YRoBZf88fsPz3zBCx,2F7o2m2ZZj2T4EFzo,2021-08-20T17:15:28Z
B3mEjnYFWDq3ABair,9jNSYMvWgyshEHRsn,3anrrcdtZ5d4PyStT,wLnWcoSnF7SpMLtjY,2F7o2m2ZZj2T4EFzo,2021-08-20T17:15:29Z
gqsZ2Pftu7iiyT2Y3,9jNSYMvWgyshEHRsn,SCnLaRWo7fh37cMg6,wLnWcoSnF7SpMLtjY,2F7o2m2ZZj2T4EFzo,2021-08-20T17:15:29Z
JQrMd2jxxhwwDhtff,9jNSYMvWgyshEHRsn,aMMzXKuy8u6TmtYrN,wLnWcoSnF7SpMLtjY,2F7o2m2ZZj2T4EFzo,2021-08-20T17:15:29Z
2DGWtE2Mr46QMaX54,9jNSYMvWgyshEHRsn,3anrrcdtZ5d4PyStT,y5jTkfM8k5ozHWfRi,2F7o2m2ZZj2T4EFzo,2021-08-20T17:15:29Z
rcSBFRFRHjcaM9puY,9jNSYMvWgyshEHRsn,SCnLaRWo7fh37cMg6,y5jTkfM8k5ozHWfRi,2F7o2m2ZZj2T4EFzo,2021-08-20T17:15:29Z
coQSsTKQAyrFgH8Sw,9jNSYMvWgyshEHRsn,aMMzXKuy8u6TmtYrN,y5jTkfM8k5ozHWfRi,2F7o2m2ZZj2T4EFzo,2021-08-20T17:15:29Z
ZLp3q5pb7xiNJtPqB,9jNSYMvWgyshEHRsn,3anrrcdtZ5d4PyStT,rhFZgS9wvmT3jrZLa,2F7o2m2ZZj2T4EFzo,2021-08-20T17:15:29Z
9WsRBgPxp24kaJexR,9jNSYMvWgyshEHRsn,SCnLaRWo7fh37cMg6,rhFZgS9wvmT3jrZLa,2F7o2m2ZZj2T4EFzo,2021-08-20T17:15:29Z
Y45RSngy8N5XNQu2Q,9jNSYMvWgyshEHRsn,aMMzXKuy8u6TmtYrN,rhFZgS9wvmT3jrZLa,2F7o2m2ZZj2T4EFzo,2021-08-20T17:15:29Z
Kgo9HFNtcv7itpwKP,9jNSYMvWgyshEHRsn,3anrrcdtZ5d4PyStT,fm8pzfmiAYRDAXGpk,2F7o2m2ZZj2T4EFzo,2021-08-20T17:15:29Z
sGjdXjv3AYhAfBuTv,9jNSYMvWgyshEHRsn,SCnLaRWo7fh37cMg6,fm8pzfmiAYRDAXGpk,2F7o2m2ZZj2T4EFzo,2021-08-20T17:15:29Z
tnafmFZhrZN5GfzLp,9jNSYMvWgyshEHRsn,aMMzXKuy8u6TmtYrN,fm8pzfmiAYRDAXGpk,2F7o2m2ZZj2T4EFzo,2021-08-20T17:15:29Z
m4cniK7YfpynkXf2w,9jNSYMvWgyshEHRsn,3anrrcdtZ5d4PyStT,YdAvNJ99JkkrnhFMD,2F7o2m2ZZj2T4EFzo,2021-08-20T17:15:29Z
g2pzt4GkbnfwYPqoc,9jNSYMvWgyshEHRsn,SCnLaRWo7fh37cMg6,YdAvNJ99JkkrnhFMD,2F7o2m2ZZj2T4EFzo,2021-08-20T17:15:29Z
owDnuy5A3TFdRf5SR,9jNSYMvWgyshEHRsn,aMMzXKuy8u6TmtYrN,YdAvNJ99JkkrnhFMD,2F7o2m2ZZj2T4EFzo,2021-08-20T17:15:29Z
f7ozGBHnMGyEuqa6r,9jNSYMvWgyshEHRsn,3anrrcdtZ5d4PyStT,5dewg4qHnkMWTGrWF,2F7o2m2ZZj2T4EFzo,2021-08-20T17:15:29Z
PiGRaw5AR9QSDENAn,9jNSYMvWgyshEHRsn,SCnLaRWo7fh37cMg6,5dewg4qHnkMWTGrWF,2F7o2m2ZZj2T4EFzo,2021-08-20T17:15:29Z
eXNaJwh5qJisGZCQ5,9jNSYMvWgyshEHRsn,aMMzXKuy8u6TmtYrN,5dewg4qHnkMWTGrWF,2F7o2m2ZZj2T4EFzo,2021-08-20T17:15:29Z
wmWfMJ54eNb6p5G6C,9jNSYMvWgyshEHRsn,3anrrcdtZ5d4PyStT,Y9S7PuuLhvtoPXGMB,2F7o2m2ZZj2T4EFzo,2021-08-20T17:15:29Z
KFLo9swa4hPeDof44,9jNSYMvWgyshEHRsn,SCnLaRWo7fh37cMg6,Y9S7PuuLhvtoPXGMB,2F7o2m2ZZj2T4EFzo,2021-08-20T17:15:29Z
cCRKHBSNrpQYp643D,9jNSYMvWgyshEHRsn,aMMzXKuy8u6TmtYrN,Y9S7PuuLhvtoPXGMB,2F7o2m2ZZj2T4EFzo,2021-08-20T17:15:29Z
wmsCJYqcRbd5oRprD,9jNSYMvWgyshEHRsn,3anrrcdtZ5d4PyStT,rPgrx3vruxJ6A7CFX,2F7o2m2ZZj2T4EFzo,2021-08-20T17:15:29Z
HW9kp3qNfy3LH3Tgn,9jNSYMvWgyshEHRsn,SCnLaRWo7fh37cMg6,rPgrx3vruxJ6A7CFX,2F7o2m2ZZj2T4EFzo,2021-08-20T17:15:29Z
8Z4K5ziJvFxpTkJqG,9jNSYMvWgyshEHRsn,aMMzXKuy8u6TmtYrN,rPgrx3vruxJ6A7CFX,2F7o2m2ZZj2T4EFzo,2021-08-20T17:15:29Z
AEC6yYgu3hGv2eTfT,9jNSYMvWgyshEHRsn,3anrrcdtZ5d4PyStT,yucwkxoDnZSqFMBCz,2F7o2m2ZZj2T4EFzo,2021-08-20T17:15:29Z
95EPQhQ2srMHXghcB,9jNSYMvWgyshEHRsn,SCnLaRWo7fh37cMg6,yucwkxoDnZSqFMBCz,2F7o2m2ZZj2T4EFzo,2021-08-20T17:15:29Z
FNDKgHKiFtzfypGyy,9jNSYMvWgyshEHRsn,aMMzXKuy8u6TmtYrN,yucwkxoDnZSqFMBCz,2F7o2m2ZZj2T4EFzo,2021-08-20T17:15:29Z
StZQBirmYMi2bbY6d,9jNSYMvWgyshEHRsn,3anrrcdtZ5d4PyStT,NdvfKn8iay5widLPk,2F7o2m2ZZj2T4EFzo,2021-08-20T17:15:29Z
fxCKnfcpFSYH2fgGf,9jNSYMvWgyshEHRsn,SCnLaRWo7fh37cMg6,NdvfKn8iay5widLPk,2F7o2m2ZZj2T4EFzo,2021-08-20T17:15:29Z
oaKyEPQsHhDLoAyTe,9jNSYMvWgyshEHRsn,aMMzXKuy8u6TmtYrN,NdvfKn8iay5widLPk,2F7o2m2ZZj2T4EFzo,2021-08-20T17:15:29Z
mo4kKXwQcFmu8xcck,9jNSYMvWgyshEHRsn,3anrrcdtZ5d4PyStT,RxEre3e66dmZqRrJn,2F7o2m2ZZj2T4EFzo,2021-08-20T17:15:29Z
poFqwkdztBvJvbQbF,9jNSYMvWgyshEHRsn,SCnLaRWo7fh37cMg6,RxEre3e66dmZqRrJn,2F7o2m2ZZj2T4EFzo,2021-08-20T17:15:29Z
uRzeqPa7Mc8NvjQ4N,9jNSYMvWgyshEHRsn,aMMzXKuy8u6TmtYrN,RxEre3e66dmZqRrJn,2F7o2m2ZZj2T4EFzo,2021-08-20T17:15:29Z
97A4PXSL2fbBss9dH,9jNSYMvWgyshEHRsn,3anrrcdtZ5d4PyStT,YNtybtS5gf565fKwi,2F7o2m2ZZj2T4EFzo,2021-08-20T17:15:29Z
QcqMEXQ7gxyksWcKF,9jNSYMvWgyshEHRsn,SCnLaRWo7fh37cMg6,YNtybtS5gf565fKwi,2F7o2m2ZZj2T4EFzo,2021-08-20T17:15:29Z
MvasJW5inBTXprQJ3,9jNSYMvWgyshEHRsn,aMMzXKuy8u6TmtYrN,YNtybtS5gf565fKwi,2F7o2m2ZZj2T4EFzo,2021-08-20T17:15:29Z
iFGd3TBStZKCH4RxW,9jNSYMvWgyshEHRsn,3anrrcdtZ5d4PyStT,prCx6sXz8QYqJQr8r,2F7o2m2ZZj2T4EFzo,2021-08-20T17:15:29Z
zrdnfRKzHi4J9L5pf,9jNSYMvWgyshEHRsn,SCnLaRWo7fh37cMg6,prCx6sXz8QYqJQr8r,2F7o2m2ZZj2T4EFzo,2021-08-20T17:15:29Z
fJnKZEjXhWQMZARoE,9jNSYMvWgyshEHRsn,aMMzXKuy8u6TmtYrN,prCx6sXz8QYqJQr8r,2F7o2m2ZZj2T4EFzo,2021-08-20T17:15:29Z
eLBjA3JLFkAPTjALA,9jNSYMvWgyshEHRsn,3anrrcdtZ5d4PyStT,S9AMGZFqsMjK7ocMc,2F7o2m2ZZj2T4EFzo,2021-08-20T17:15:29Z
paxBfvBgzNLzs9AzS,9jNSYMvWgyshEHRsn,SCnLaRWo7fh37cMg6,S9AMGZFqsMjK7ocMc,2F7o2m2ZZj2T4EFzo,2021-08-20T17:15:29Z
evbna5DsGwBLEZrmC,9jNSYMvWgyshEHRsn,aMMzXKuy8u6TmtYrN,S9AMGZFqsMjK7ocMc,2F7o2m2ZZj2T4EFzo,2021-08-20T17:15:29Z
d92sqAW3ojB2sfdMq,9jNSYMvWgyshEHRsn,3anrrcdtZ5d4PyStT,PQCzyapPAAuzBZHjQ,2F7o2m2ZZj2T4EFzo,2021-08-20T17:15:29Z
aNoGyLFzTAG3tcTw4,9jNSYMvWgyshEHRsn,SCnLaRWo7fh37cMg6,PQCzyapPAAuzBZHjQ,2F7o2m2ZZj2T4EFzo,2021-08-20T17:15:29Z
9chha2kKRfAzZ53mJ,9jNSYMvWgyshEHRsn,aMMzXKuy8u6TmtYrN,PQCzyapPAAuzBZHjQ,2F7o2m2ZZj2T4EFzo,2021-08-20T17:15:29Z
KyCWHrC5jRTJH5qMe,9jNSYMvWgyshEHRsn,3anrrcdtZ5d4PyStT,QpG6wB9A7GKpEBnAg,2F7o2m2ZZj2T4EFzo,2021-08-20T17:15:29Z
BYxQjmQvKfWYhz75g,9jNSYMvWgyshEHRsn,SCnLaRWo7fh37cMg6,QpG6wB9A7GKpEBnAg,2F7o2m2ZZj2T4EFzo,2021-08-20T17:15:29Z
iiCqqWGkGvaGBt5Ey,9jNSYMvWgyshEHRsn,aMMzXKuy8u6TmtYrN,QpG6wB9A7GKpEBnAg,2F7o2m2ZZj2T4EFzo,2021-08-20T17:15:29Z
a8RvLExHmQjR7xzdv,9jNSYMvWgyshEHRsn,3anrrcdtZ5d4PyStT,bauvcNYY6iKmuJgFo,2F7o2m2ZZj2T4EFzo,2021-08-20T17:15:29Z
wxJamfQ2RfpEGR44j,9jNSYMvWgyshEHRsn,SCnLaRWo7fh37cMg6,bauvcNYY6iKmuJgFo,2F7o2m2ZZj2T4EFzo,2021-08-20T17:15:29Z
nmTF2xegZXH99x37R,9jNSYMvWgyshEHRsn,aMMzXKuy8u6TmtYrN,bauvcNYY6iKmuJgFo,2F7o2m2ZZj2T4EFzo,2021-08-20T17:15:29Z
eWgYZzoYyyjKhzQKv,9jNSYMvWgyshEHRsn,3anrrcdtZ5d4PyStT,iM5yojt6TwxueqjMQ,2F7o2m2ZZj2T4EFzo,2021-08-20T17:15:29Z
Z5Lp9ggPoTXHLcT8H,9jNSYMvWgyshEHRsn,SCnLaRWo7fh37cMg6,iM5yojt6TwxueqjMQ,2F7o2m2ZZj2T4EFzo,2021-08-20T17:15:29Z
RrsfXQ43Dq6dyRa3Z,9jNSYMvWgyshEHRsn,aMMzXKuy8u6TmtYrN,iM5yojt6TwxueqjMQ,2F7o2m2ZZj2T4EFzo,2021-08-20T17:15:29Z
3HQPDSamBcxReJ8aG,9jNSYMvWgyshEHRsn,3anrrcdtZ5d4PyStT,3wZNDAqCYbDC8WG8d,2F7o2m2ZZj2T4EFzo,2021-08-20T17:15:29Z
3RnJ2PRbvJjPw2Y92,9jNSYMvWgyshEHRsn,SCnLaRWo7fh37cMg6,3wZNDAqCYbDC8WG8d,2F7o2m2ZZj2T4EFzo,2021-08-20T17:15:29Z
5YxYKgPdcZ4JNsNZS,9jNSYMvWgyshEHRsn,aMMzXKuy8u6TmtYrN,3wZNDAqCYbDC8WG8d,2F7o2m2ZZj2T4EFzo,2021-08-20T17:15:29Z
RRqrXp3BjYJ88mJYd,9jNSYMvWgyshEHRsn,3anrrcdtZ5d4PyStT,Zn8Z9tb4WtF6Hxx47,2F7o2m2ZZj2T4EFzo,2021-08-20T17:15:29Z
aWqmZpGCAntNbaEwY,9jNSYMvWgyshEHRsn,SCnLaRWo7fh37cMg6,Zn8Z9tb4WtF6Hxx47,2F7o2m2ZZj2T4EFzo,2021-08-20T17:15:29Z
Dm3QpNkdDtd2EoiSH,9jNSYMvWgyshEHRsn,aMMzXKuy8u6TmtYrN,Zn8Z9tb4WtF6Hxx47,2F7o2m2ZZj2T4EFzo,2021-08-20T17:15:29Z
P2W4CmkHbknE5MXAk,c98sFwpkjjFYmvyHz,68Tew82Qq7SXmNPZT,KRbk8cP6iwwHkinSS,ixFj3nhkjNJj4db2i,2021-08-20T17:16:05Z
Fafw9qtfHSMc9JM3Y,c98sFwpkjjFYmvyHz,aGof5GaMDuQM25xSc,KRbk8cP6iwwHkinSS,ixFj3nhkjNJj4db2i,2021-08-20T17:16:05Z
nYSL9BCQdHHHKz6pY,c98sFwpkjjFYmvyHz,rdy8pn4MpwgznGpRK,KRbk8cP6iwwHkinSS,ixFj3nhkjNJj4db2i,2021-08-20T17:16:05Z
BFtyQQ9jmTQWhyMC6,c98sFwpkjjFYmvyHz,68Tew82Qq7SXmNPZT,FfjmqkwANRh7CxWZa,ixFj3nhkjNJj4db2i,2021-08-20T17:16:05Z
oFEt9iqQ4LYjTP8WX,c98sFwpkjjFYmvyHz,aGof5GaMDuQM25xSc,FfjmqkwANRh7CxWZa,ixFj3nhkjNJj4db2i,2021-08-20T17:16:05Z
X9iWa2QgJSFTwTsSo,c98sFwpkjjFYmvyHz,rdy8pn4MpwgznGpRK,FfjmqkwANRh7CxWZa,ixFj3nhkjNJj4db2i,2021-08-20T17:16:05Z
warvYrT7ziBEYjb8n,c98sFwpkjjFYmvyHz,68Tew82Qq7SXmNPZT,vDSyBrz2MrdifvjJ6,ixFj3nhkjNJj4db2i,2021-08-20T17:16:05Z
FZkWcCdZEx4uSDY2L,c98sFwpkjjFYmvyHz,aGof5GaMDuQM25xSc,vDSyBrz2MrdifvjJ6,ixFj3nhkjNJj4db2i,2021-08-20T17:16:05Z
3bgyX8BD8myFAZRPo,c98sFwpkjjFYmvyHz,rdy8pn4MpwgznGpRK,vDSyBrz2MrdifvjJ6,ixFj3nhkjNJj4db2i,2021-08-20T17:16:05Z
QxoHH5zB7kh5E76DR,c98sFwpkjjFYmvyHz,68Tew82Qq7SXmNPZT,xMXDZcDhyNaKuLSNS,ixFj3nhkjNJj4db2i,2021-08-20T17:16:05Z
9jv4cm2HmHeZw6rsg,c98sFwpkjjFYmvyHz,aGof5GaMDuQM25xSc,xMXDZcDhyNaKuLSNS,ixFj3nhkjNJj4db2i,2021-08-20T17:16:05Z
a3Nn6QyfwJvpKuMik,c98sFwpkjjFYmvyHz,rdy8pn4MpwgznGpRK,xMXDZcDhyNaKuLSNS,ixFj3nhkjNJj4db2i,2021-08-20T17:16:05Z
CNCYT7jQBdLa6wCy3,c98sFwpkjjFYmvyHz,68Tew82Qq7SXmNPZT,eFiMPftGZznomRCru,ixFj3nhkjNJj4db2i,2021-08-20T17:16:05Z
Mx6CvFuMrNBXCRvwB,c98sFwpkjjFYmvyHz,aGof5GaMDuQM25xSc,eFiMPftGZznomRCru,ixFj3nhkjNJj4db2i,2021-08-20T17:16:05Z
7Snx8hEdwFw7GRNxj,c98sFwpkjjFYmvyHz,rdy8pn4MpwgznGpRK,eFiMPftGZznomRCru,ixFj3nhkjNJj4db2i,2021-08-20T17:16:05Z
4jTdP6PZPhQvPYuPg,c98sFwpkjjFYmvyHz,68Tew82Qq7SXmNPZT,sQuwPNasFzNAKit7z,ixFj3nhkjNJj4db2i,2021-08-20T17:16:05Z
3f3Byrawjr9dJKf49,c98sFwpkjjFYmvyHz,aGof5GaMDuQM25xSc,sQuwPNasFzNAKit7z,ixFj3nhkjNJj4db2i,2021-08-20T17:16:05Z
cR6bt8Qqcho5Y9PES,c98sFwpkjjFYmvyHz,rdy8pn4MpwgznGpRK,sQuwPNasFzNAKit7z,ixFj3nhkjNJj4db2i,2021-08-20T17:16:05Z
b6JHgR6RbYGXRuThf,c98sFwpkjjFYmvyHz,68Tew82Qq7SXmNPZT,KPg5R7aR2ERMBfvsD,ixFj3nhkjNJj4db2i,2021-08-20T17:16:05Z
88bGSHSpFgJHpXDps,c98sFwpkjjFYmvyHz,aGof5GaMDuQM25xSc,KPg5R7aR2ERMBfvsD,ixFj3nhkjNJj4db2i,2021-08-20T17:16:05Z
SYBZcoTdqRqS8rHdw,c98sFwpkjjFYmvyHz,rdy8pn4MpwgznGpRK,KPg5R7aR2ERMBfvsD,ixFj3nhkjNJj4db2i,2021-08-20T17:16:05Z
xciZDdXnaj6BhnezB,c98sFwpkjjFYmvyHz,68Tew82Qq7SXmNPZT,psFpqDpRiX8KsPcRZ,ixFj3nhkjNJj4db2i,2021-08-20T17:16:05Z
38vcFZKY986pdHkCr,c98sFwpkjjFYmvyHz,aGof5GaMDuQM25xSc,psFpqDpRiX8KsPcRZ,ixFj3nhkjNJj4db2i,2021-08-20T17:16:05Z
TodQiW59eGHa8NLBk,c98sFwpkjjFYmvyHz,rdy8pn4MpwgznGpRK,psFpqDpRiX8KsPcRZ,ixFj3nhkjNJj4db2i,2021-08-20T17:16:05Z
qiHEdQNqpgi3X75HK,c98sFwpkjjFYmvyHz,68Tew82Qq7SXmNPZT,J9svpbRxekSz7rqe4,ixFj3nhkjNJj4db2i,2021-08-20T17:16:05Z
k4GtpbYNQSpxLrtwT,c98sFwpkjjFYmvyHz,aGof5GaMDuQM25xSc,J9svpbRxekSz7rqe4,ixFj3nhkjNJj4db2i,2021-08-20T17:16:05Z
qCAz7GvoHtifhBzXL,c98sFwpkjjFYmvyHz,rdy8pn4MpwgznGpRK,J9svpbRxekSz7rqe4,ixFj3nhkjNJj4db2i,2021-08-20T17:16:05Z
t3ns78NaYXfWCsXfn,c98sFwpkjjFYmvyHz,68Tew82Qq7SXmNPZT,ADKAYhzxS8eLMRNWp,ixFj3nhkjNJj4db2i,2021-08-20T17:16:05Z
Fk42KKRYzuihqC6Aj,c98sFwpkjjFYmvyHz,aGof5GaMDuQM25xSc,ADKAYhzxS8eLMRNWp,ixFj3nhkjNJj4db2i,2021-08-20T17:16:05Z
nZhrbWqSNsHHevxQF,c98sFwpkjjFYmvyHz,rdy8pn4MpwgznGpRK,ADKAYhzxS8eLMRNWp,ixFj3nhkjNJj4db2i,2021-08-20T17:16:05Z
Ci9sRPDkrSecmQGFP,c98sFwpkjjFYmvyHz,68Tew82Qq7SXmNPZT,548hAYJFWSHhJgdwm,ixFj3nhkjNJj4db2i,2021-08-20T17:16:05Z
vejHFkAEepGGnJD8C,c98sFwpkjjFYmvyHz,aGof5GaMDuQM25xSc,548hAYJFWSHhJgdwm,ixFj3nhkjNJj4db2i,2021-08-20T17:16:05Z
6CtFXYvJ8AAroDpbd,c98sFwpkjjFYmvyHz,rdy8pn4MpwgznGpRK,548hAYJFWSHhJgdwm,ixFj3nhkjNJj4db2i,2021-08-20T17:16:05Z
eKr3xRPB6uLwr8Bdz,c98sFwpkjjFYmvyHz,68Tew82Qq7SXmNPZT,cdgLuychpnjW36wqv,ixFj3nhkjNJj4db2i,2021-08-20T17:16:05Z
j9gFtrnmFsrAEQr2w,c98sFwpkjjFYmvyHz,aGof5GaMDuQM25xSc,cdgLuychpnjW36wqv,ixFj3nhkjNJj4db2i,2021-08-20T17:16:05Z
wgDk6i6Gsr4t4ivHG,c98sFwpkjjFYmvyHz,rdy8pn4MpwgznGpRK,cdgLuychpnjW36wqv,ixFj3nhkjNJj4db2i,2021-08-20T17:16:05Z
eQG4oCTntdC2MntZY,c98sFwpkjjFYmvyHz,68Tew82Qq7SXmNPZT,tT9btATkFHyXTHjZB,ixFj3nhkjNJj4db2i,2021-08-20T17:16:05Z
w6nZTtTPEd2pBDbva,c98sFwpkjjFYmvyHz,aGof5GaMDuQM25xSc,tT9btATkFHyXTHjZB,ixFj3nhkjNJj4db2i,2021-08-20T17:16:05Z
WngyzNutofZDRhCGz,c98sFwpkjjFYmvyHz,rdy8pn4MpwgznGpRK,tT9btATkFHyXTHjZB,ixFj3nhkjNJj4db2i,2021-08-20T17:16:05Z
rihWW342m5HDtyG7x,c98sFwpkjjFYmvyHz,68Tew82Qq7SXmNPZT,nNSEpYHq6aNRLhwQe,ixFj3nhkjNJj4db2i,2021-08-20T17:16:05Z
s3wcdjWBH8Yo7jfKC,c98sFwpkjjFYmvyHz,aGof5GaMDuQM25xSc,nNSEpYHq6aNRLhwQe,ixFj3nhkjNJj4db2i,2021-08-20T17:16:05Z
XXW4JzHisFY5rsnQb,c98sFwpkjjFYmvyHz,rdy8pn4MpwgznGpRK,nNSEpYHq6aNRLhwQe,ixFj3nhkjNJj4db2i,2021-08-20T17:16:05Z
pmdR8LKh7RL2ktjhg,c98sFwpkjjFYmvyHz,68Tew82Qq7SXmNPZT,idvvhP3nRANvqFNiH,ixFj3nhkjNJj4db2i,2021-08-20T17:16:05Z
RPBeTKHg8DgTSv5sw,c98sFwpkjjFYmvyHz,aGof5GaMDuQM25xSc,idvvhP3nRANvqFNiH,ixFj3nhkjNJj4db2i,2021-08-20T17:16:05Z
XRWMHcerzEBeizTBs,c98sFwpkjjFYmvyHz,rdy8pn4MpwgznGpRK,idvvhP3nRANvqFNiH,ixFj3nhkjNJj4db2i,2021-08-20T17:16:05Z
vmznTM8ojLSxRTy5m,c98sFwpkjjFYmvyHz,68Tew82Qq7SXmNPZT,bvPzhmfukD2aqS3sc,ixFj3nhkjNJj4db2i,2021-08-20T17:16:05Z
bKWm2HHHNgMTmDnCM,c98sFwpkjjFYmvyHz,aGof5GaMDuQM25xSc,bvPzhmfukD2aqS3sc,ixFj3nhkjNJj4db2i,2021-08-20T17:16:05Z
4cS6hGxbhhPbbga6Z,c98sFwpkjjFYmvyHz,rdy8pn4MpwgznGpRK,bvPzhmfukD2aqS3sc,ixFj3nhkjNJj4db2i,2021-08-20T17:16:05Z
8SJbtDvEpzJHbJcPR,c98sFwpkjjFYmvyHz,68Tew82Qq7SXmNPZT,3AYhoz7MJs9ynmh4M,ixFj3nhkjNJj4db2i,2021-08-20T17:16:05Z
CENd6BhijQgv7gP6b,c98sFwpkjjFYmvyHz,aGof5GaMDuQM25xSc,3AYhoz7MJs9ynmh4M,ixFj3nhkjNJj4db2i,2021-08-20T17:16:05Z
2dgkmyTXRiaYmNKFJ,c98sFwpkjjFYmvyHz,rdy8pn4MpwgznGpRK,3AYhoz7MJs9ynmh4M,ixFj3nhkjNJj4db2i,2021-08-20T17:16:05Z
LXFsgNL3C73htMQxg,c98sFwpkjjFYmvyHz,68Tew82Qq7SXmNPZT,eohK4aeSuPs4ySN2G,ixFj3nhkjNJj4db2i,2021-08-20T17:16:05Z
WePJYqZZPXNcj7JDG,c98sFwpkjjFYmvyHz,aGof5GaMDuQM25xSc,eohK4aeSuPs4ySN2G,ixFj3nhkjNJj4db2i,2021-08-20T17:16:05Z
6rNFocZhRTouj3Rwk,c98sFwpkjjFYmvyHz,rdy8pn4MpwgznGpRK,eohK4aeSuPs4ySN2G,ixFj3nhkjNJj4db2i,2021-08-20T17:16:05Z
zoTattJSMoy4uSEXX,c98sFwpkjjFYmvyHz,68Tew82Qq7SXmNPZT,8CcfHf2FhwZbSPhkQ,ixFj3nhkjNJj4db2i,2021-08-20T17:16:05Z
vt4TvJQdQ3yEYyEQ8,c98sFwpkjjFYmvyHz,aGof5GaMDuQM25xSc,8CcfHf2FhwZbSPhkQ,ixFj3nhkjNJj4db2i,2021-08-20T17:16:05Z
9zEXE85R4pnyi5mdn,c98sFwpkjjFYmvyHz,rdy8pn4MpwgznGpRK,8CcfHf2FhwZbSPhkQ,ixFj3nhkjNJj4db2i,2021-08-20T17:16:05Z
o4Zxo3vhaLMjfTaLC,c98sFwpkjjFYmvyHz,68Tew82Qq7SXmNPZT,Fdut4LBSji5W2f854,ixFj3nhkjNJj4db2i,2021-08-20T17:16:05Z
PieKixJ4gPCtmKK9X,c98sFwpkjjFYmvyHz,aGof5GaMDuQM25xSc,Fdut4LBSji5W2f854,ixFj3nhkjNJj4db2i,2021-08-20T17:16:05Z
FJb5psHu8ebSMLknC,c98sFwpkjjFYmvyHz,rdy8pn4MpwgznGpRK,Fdut4LBSji5W2f854,ixFj3nhkjNJj4db2i,2021-08-20T17:16:05Z
sYCEXbyCDfsBsbAh7,c98sFwpkjjFYmvyHz,68Tew82Qq7SXmNPZT,PyHDzKRtAQXZoeSka,ixFj3nhkjNJj4db2i,2021-08-20T17:16:05Z
Q2hdy5QGPDpuEyZmQ,c98sFwpkjjFYmvyHz,aGof5GaMDuQM25xSc,PyHDzKRtAQXZoeSka,ixFj3nhkjNJj4db2i,2021-08-20T17:16:05Z
WGwyZnekYkYTRiByK,c98sFwpkjjFYmvyHz,rdy8pn4MpwgznGpRK,PyHDzKRtAQXZoeSka,ixFj3nhkjNJj4db2i,2021-08-20T17:16:05Z
Yr3igcaiFqAe8yEBR,c98sFwpkjjFYmvyHz,68Tew82Qq7SXmNPZT,ebvu2DpqF2QDHJii4,ixFj3nhkjNJj4db2i,2021-08-20T17:16:05Z
wy25gtxEzuDq9t6q2,c98sFwpkjjFYmvyHz,aGof5GaMDuQM25xSc,ebvu2DpqF2QDHJii4,ixFj3nhkjNJj4db2i,2021-08-20T17:16:05Z
E3MJ6PFbmyRwmzRSJ,c98sFwpkjjFYmvyHz,rdy8pn4MpwgznGpRK,ebvu2DpqF2QDHJii4,ixFj3nhkjNJj4db2i,2021-08-20T17:16:05Z
38vifbgzeA8KXD5g4,c98sFwpkjjFYmvyHz,68Tew82Qq7SXmNPZT,vjZGjLBTL8dpQkfk2,ixFj3nhkjNJj4db2i,2021-08-20T17:16:05Z
rQy5Y4unKr8oZ4wxw,c98sFwpkjjFYmvyHz,aGof5GaMDuQM25xSc,vjZGjLBTL8dpQkfk2,ixFj3nhkjNJj4db2i,2021-08-20T17:16:05Z
NKhH4pF8rPhrefoe6,c98sFwpkjjFYmvyHz,rdy8pn4MpwgznGpRK,vjZGjLBTL8dpQkfk2,ixFj3nhkjNJj4db2i,2021-08-20T17:16:05Z
A5Rm5BdTGWnJqhBwz,c98sFwpkjjFYmvyHz,68Tew82Qq7SXmNPZT,ioAi7oQMtayaDJTR3,ixFj3nhkjNJj4db2i,2021-08-20T17:16:05Z
67c4DcxE4jwZjruuc,c98sFwpkjjFYmvyHz,aGof5GaMDuQM25xSc,ioAi7oQMtayaDJTR3,ixFj3nhkjNJj4db2i,2021-08-20T17:16:05Z
7YcY4CyYxN9kZymRJ,c98sFwpkjjFYmvyHz,rdy8pn4MpwgznGpRK,ioAi7oQMtayaDJTR3,ixFj3nhkjNJj4db2i,2021-08-20T17:16:05Z
ysTvPoe6wEhrMx4y7,ijXCnqxutPAA7b8Ea,Pi9atkCehFgDr8aYN,oeZopGpJyQZcduXSR,ztfkP8Mmwm6dy6eve,2021-08-20T17:17:01Z
ZFAkZegGYZCFDvqe9,ijXCnqxutPAA7b8Ea,aGBRxJQY2FY2k3vvR,oeZopGpJyQZcduXSR,ztfkP8Mmwm6dy6eve,2021-08-20T17:17:01Z
rZxEviLJwLCrd5K5t,ijXCnqxutPAA7b8Ea,rJfqdnPq2hfdwWdLL,oeZopGpJyQZcduXSR,ztfkP8Mmwm6dy6eve,2021-08-20T17:17:01Z
bNQMbjcwbaADy7ctT,ijXCnqxutPAA7b8Ea,Pi9atkCehFgDr8aYN,X89AH3BYabfxFPDAy,ztfkP8Mmwm6dy6eve,2021-08-20T17:17:01Z
8wsw47BRrESfRobAn,ijXCnqxutPAA7b8Ea,aGBRxJQY2FY2k3vvR,X89AH3BYabfxFPDAy,ztfkP8Mmwm6dy6eve,2021-08-20T17:17:01Z
Nxyw3nM4MxPSfTBLa,ijXCnqxutPAA7b8Ea,rJfqdnPq2hfdwWdLL,X89AH3BYabfxFPDAy,ztfkP8Mmwm6dy6eve,2021-08-20T17:17:01Z
4QLo6ctzgyo3AFZcF,ijXCnqxutPAA7b8Ea,Pi9atkCehFgDr8aYN,hG2TnH94LvkYYBpqM,ztfkP8Mmwm6dy6eve,2021-08-20T17:17:01Z
c5XSQLR2kDFttYaD5,ijXCnqxutPAA7b8Ea,aGBRxJQY2FY2k3vvR,hG2TnH94LvkYYBpqM,ztfkP8Mmwm6dy6eve,2021-08-20T17:17:01Z
YbfG6RX3RQXHJyP9y,ijXCnqxutPAA7b8Ea,rJfqdnPq2hfdwWdLL,hG2TnH94LvkYYBpqM,ztfkP8Mmwm6dy6eve,2021-08-20T17:17:01Z
onqMSwZ2Qa4Q4FpNB,ijXCnqxutPAA7b8Ea,Pi9atkCehFgDr8aYN,sooDWsyGgAxT6oW6i,ztfkP8Mmwm6dy6eve,2021-08-20T17:17:01Z
6MdFPt3KH39TWPwLz,ijXCnqxutPAA7b8Ea,aGBRxJQY2FY2k3vvR,sooDWsyGgAxT6oW6i,ztfkP8Mmwm6dy6eve,2021-08-20T17:17:01Z
R7nsKHGZLnuTfto62,ijXCnqxutPAA7b8Ea,rJfqdnPq2hfdwWdLL,sooDWsyGgAxT6oW6i,ztfkP8Mmwm6dy6eve,2021-08-20T17:17:01Z
RkGD8MypTdayvTezG,ijXCnqxutPAA7b8Ea,Pi9atkCehFgDr8aYN,fD7BFYRiSxEYwog7c,ztfkP8Mmwm6dy6eve,2021-08-20T17:17:01Z
xRqdNhGcJj4pn79pk,ijXCnqxutPAA7b8Ea,aGBRxJQY2FY2k3vvR,fD7BFYRiSxEYwog7c,ztfkP8Mmwm6dy6eve,2021-08-20T17:17:01Z
xwsaE9JKN27gKTiFd,ijXCnqxutPAA7b8Ea,rJfqdnPq2hfdwWdLL,fD7BFYRiSxEYwog7c,ztfkP8Mmwm6dy6eve,2021-08-20T17:17:01Z
nEk8WZQS3zJpYyz8J,ijXCnqxutPAA7b8Ea,Pi9atkCehFgDr8aYN,EpksFH9sAg3snxa2q,ztfkP8Mmwm6dy6eve,2021-08-20T17:17:01Z
6BJnmQLywtGnhDYMS,ijXCnqxutPAA7b8Ea,aGBRxJQY2FY2k3vvR,EpksFH9sAg3snxa2q,ztfkP8Mmwm6dy6eve,2021-08-20T17:17:01Z
xyP27qRq3BqqKxin2,ijXCnqxutPAA7b8Ea,rJfqdnPq2hfdwWdLL,EpksFH9sAg3snxa2q,ztfkP8Mmwm6dy6eve,2021-08-20T17:17:01Z
WNdjuNGMeYzKB6h3k,ijXCnqxutPAA7b8Ea,Pi9atkCehFgDr8aYN,LxPBeTeMhxHSwJ9B2,ztfkP8Mmwm6dy6eve,2021-08-20T17:17:01Z
YqZCRo3EoHiCq3wrq,ijXCnqxutPAA7b8Ea,aGBRxJQY2FY2k3vvR,LxPBeTeMhxHSwJ9B2,ztfkP8Mmwm6dy6eve,2021-08-20T17:17:01Z
7srFuKeJ3E6hrC4Jd,ijXCnqxutPAA7b8Ea,rJfqdnPq2hfdwWdLL,LxPBeTeMhxHSwJ9B2,ztfkP8Mmwm6dy6eve,2021-08-20T17:17:01Z
6jYuZS7oPjDyP8LWi,ijXCnqxutPAA7b8Ea,Pi9atkCehFgDr8aYN,vaqDbAYbHnHdNDZS2,ztfkP8Mmwm6dy6eve,2021-08-20T17:17:01Z
9azqftEMmNRWQxjKG,ijXCnqxutPAA7b8Ea,aGBRxJQY2FY2k3vvR,vaqDbAYbHnHdNDZS2,ztfkP8Mmwm6dy6eve,2021-08-20T17:17:01Z
NPmYnjtGEEPxFRmaq,ijXCnqxutPAA7b8Ea,rJfqdnPq2hfdwWdLL,vaqDbAYbHnHdNDZS2,ztfkP8Mmwm6dy6eve,2021-08-20T17:17:01Z
t7h7RMwbY46zfzZu5,ijXCnqxutPAA7b8Ea,Pi9atkCehFgDr8aYN,fcxucgfpgfbvJW2p8,ztfkP8Mmwm6dy6eve,2021-08-20T17:17:01Z
JD7BDBRhEHKLX52qA,ijXCnqxutPAA7b8Ea,aGBRxJQY2FY2k3vvR,fcxucgfpgfbvJW2p8,ztfkP8Mmwm6dy6eve,2021-08-20T17:17:01Z
W3CmT7KbWhqRmtmSz,ijXCnqxutPAA7b8Ea,rJfqdnPq2hfdwWdLL,fcxucgfpgfbvJW2p8,ztfkP8Mmwm6dy6eve,2021-08-20T17:17:01Z
ZauyFnkXSq9ieE4EF,ijXCnqxutPAA7b8Ea,Pi9atkCehFgDr8aYN,RG6X9Zp9s3qXC7dBs,ztfkP8Mmwm6dy6eve,2021-08-20T17:17:01Z
nfMsMAbRjFFsdL2Yi,ijXCnqxutPAA7b8Ea,aGBRxJQY2FY2k3vvR,RG6X9Zp9s3qXC7dBs,ztfkP8Mmwm6dy6eve,2021-08-20T17:17:01Z
hhbLzxYaeNwGpujWu,ijXCnqxutPAA7b8Ea,rJfqdnPq2hfdwWdLL,RG6X9Zp9s3qXC7dBs,ztfkP8Mmwm6dy6eve,2021-08-20T17:17:01Z
6kpqoxEDxq3sKTNaP,ijXCnqxutPAA7b8Ea,Pi9atkCehFgDr8aYN,veZqWDcmCh432CA4Z,ztfkP8Mmwm6dy6eve,2021-08-20T17:17:01Z
JzcsNXvEsdQkSqqMz,ijXCnqxutPAA7b8Ea,aGBRxJQY2FY2k3vvR,veZqWDcmCh432CA4Z,ztfkP8Mmwm6dy6eve,2021-08-20T17:17:01Z
6C54t7AzbNwg6WSDg,ijXCnqxutPAA7b8Ea,rJfqdnPq2hfdwWdLL,veZqWDcmCh432CA4Z,ztfkP8Mmwm6dy6eve,2021-08-20T17:17:01Z
bP7M2n5PN9K9T27aY,ijXCnqxutPAA7b8Ea,Pi9atkCehFgDr8aYN,Gncky8Lvy8rEx34rj,ztfkP8Mmwm6dy6eve,2021-08-20T17:17:01Z
h6EZ552pjc9CzSGhi,ijXCnqxutPAA7b8Ea,aGBRxJQY2FY2k3vvR,Gncky8Lvy8rEx34rj,ztfkP8Mmwm6dy6eve,2021-08-20T17:17:01Z
CYXfzGnJgxSEbE45N,ijXCnqxutPAA7b8Ea,rJfqdnPq2hfdwWdLL,Gncky8Lvy8rEx34rj,ztfkP8Mmwm6dy6eve,2021-08-20T17:17:01Z
Qd6c74eLwh2RRZqNA,ijXCnqxutPAA7b8Ea,Pi9atkCehFgDr8aYN,x44MnCtL5nuamzoeA,ztfkP8Mmwm6dy6eve,2021-08-20T17:17:01Z
WkgfeobRrynjRoHwH,ijXCnqxutPAA7b8Ea,aGBRxJQY2FY2k3vvR,x44MnCtL5nuamzoeA,ztfkP8Mmwm6dy6eve,2021-08-20T17:17:01Z
vm23GYaD3ijnFKLaG,ijXCnqxutPAA7b8Ea,rJfqdnPq2hfdwWdLL,x44MnCtL5nuamzoeA,ztfkP8Mmwm6dy6eve,2021-08-20T17:17:01Z
wrvLW5cJ9n9vEJs2W,ijXCnqxutPAA7b8Ea,Pi9atkCehFgDr8aYN,uFgenBHmDwLrJeuu9,ztfkP8Mmwm6dy6eve,2021-08-20T17:17:01Z
tsqyAeFGw2W4nQj3x,ijXCnqxutPAA7b8Ea,aGBRxJQY2FY2k3vvR,uFgenBHmDwLrJeuu9,ztfkP8Mmwm6dy6eve,2021-08-20T17:17:01Z
64EWWR9o9vitWXKAW,ijXCnqxutPAA7b8Ea,rJfqdnPq2hfdwWdLL,uFgenBHmDwLrJeuu9,ztfkP8Mmwm6dy6eve,2021-08-20T17:17:01Z
bgo3uXWGuTe2ubhkL,ijXCnqxutPAA7b8Ea,Pi9atkCehFgDr8aYN,mK9oYkwT8xMJ2gdYF,ztfkP8Mmwm6dy6eve,2021-08-20T17:17:01Z
WhBRBS3Fy3jhLtgdX,ijXCnqxutPAA7b8Ea,aGBRxJQY2FY2k3vvR,mK9oYkwT8xMJ2gdYF,ztfkP8Mmwm6dy6eve,2021-08-20T17:17:01Z
QQxm7bJRdAuHgiQLp,ijXCnqxutPAA7b8Ea,rJfqdnPq2hfdwWdLL,mK9oYkwT8xMJ2gdYF,ztfkP8Mmwm6dy6eve,2021-08-20T17:17:01Z
J7Wsr8t94nxsfYPaS,ijXCnqxutPAA7b8Ea,Pi9atkCehFgDr8aYN,i3MZm2MzCP2Yf5b7n,ztfkP8Mmwm6dy6eve,2021-08-20T17:17:01Z
PCxt3aBdKkoyFZKPk,ijXCnqxutPAA7b8Ea,aGBRxJQY2FY2k3vvR,i3MZm2MzCP2Yf5b7n,ztfkP8Mmwm6dy6eve,2021-08-20T17:17:01Z
JBb85pWmsafzEncxu,ijXCnqxutPAA7b8Ea,rJfqdnPq2hfdwWdLL,i3MZm2MzCP2Yf5b7n,ztfkP8Mmwm6dy6eve,2021-08-20T17:17:01Z
NELBgYQN42GWhLPLH,ijXCnqxutPAA7b8Ea,Pi9atkCehFgDr8aYN,4vDyPaED5mwwrrka8,ztfkP8Mmwm6dy6eve,2021-08-20T17:17:01Z
Gy286DQZAbm3Zv5d2,ijXCnqxutPAA7b8Ea,aGBRxJQY2FY2k3vvR,4vDyPaED5mwwrrka8,ztfkP8Mmwm6dy6eve,2021-08-20T17:17:01Z
GhMLZmGnvXZAfM6pc,ijXCnqxutPAA7b8Ea,rJfqdnPq2hfdwWdLL,4vDyPaED5mwwrrka8,ztfkP8Mmwm6dy6eve,2021-08-20T17:17:01Z
oQNL8rfzmet683Xwu,ijXCnqxutPAA7b8Ea,Pi9atkCehFgDr8aYN,YzA5Daxt5ETivCWwe,ztfkP8Mmwm6dy6eve,2021-08-20T17:17:01Z
Jx7Df4kkkhLii57Fm,ijXCnqxutPAA7b8Ea,aGBRxJQY2FY2k3vvR,YzA5Daxt5ETivCWwe,ztfkP8Mmwm6dy6eve,2021-08-20T17:17:01Z
a5zLddfjo9jLvGdfv,ijXCnqxutPAA7b8Ea,rJfqdnPq2hfdwWdLL,YzA5Daxt5ETivCWwe,ztfkP8Mmwm6dy6eve,2021-08-20T17:17:01Z
KpPd43uKQ6jXpSn2Y,ijXCnqxutPAA7b8Ea,Pi9atkCehFgDr8aYN,2TC6bvPaZP5vjnffi,ztfkP8Mmwm6dy6eve,2021-08-20T17:17:01Z
cAT9EiKM8vLoyctQH,ijXCnqxutPAA7b8Ea,aGBRxJQY2FY2k3vvR,2TC6bvPaZP5vjnffi,ztfkP8Mmwm6dy6eve,2021-08-20T17:17:01Z
oqJh7fwHXBXLaaiTb,ijXCnqxutPAA7b8Ea,rJfqdnPq2hfdwWdLL,2TC6bvPaZP5vjnffi,ztfkP8Mmwm6dy6eve,2021-08-20T17:17:01Z
AWDHiK8ALZBuFZyC7,ijXCnqxutPAA7b8Ea,Pi9atkCehFgDr8aYN,9xf9dKF2JA5RyaWHR,ztfkP8Mmwm6dy6eve,2021-08-20T17:17:01Z
Fv7BQi6CYGjGcxgfv,ijXCnqxutPAA7b8Ea,aGBRxJQY2FY2k3vvR,9xf9dKF2JA5RyaWHR,ztfkP8Mmwm6dy6eve,2021-08-20T17:17:01Z
vX7PHauXKNCbuxsxp,ijXCnqxutPAA7b8Ea,rJfqdnPq2hfdwWdLL,9xf9dKF2JA5RyaWHR,ztfkP8Mmwm6dy6eve,2021-08-20T17:17:01Z
fm9Zvmf9ZLsoQyPrk,ijXCnqxutPAA7b8Ea,Pi9atkCehFgDr8aYN,rpyWokrotbLH3Gpff,ztfkP8Mmwm6dy6eve,2021-08-20T17:17:01Z
NzsLvjHua33omFC4K,ijXCnqxutPAA7b8Ea,aGBRxJQY2FY2k3vvR,rpyWokrotbLH3Gpff,ztfkP8Mmwm6dy6eve,2021-08-20T17:17:01Z
9LC8WMnirYd8fx795,ijXCnqxutPAA7b8Ea,rJfqdnPq2hfdwWdLL,rpyWokrotbLH3Gpff,ztfkP8Mmwm6dy6eve,2021-08-20T17:17:01Z
9SCDBs8Br24yz5dsp,ijXCnqxutPAA7b8Ea,Pi9atkCehFgDr8aYN,cStfjv5jk9x8mJ2fv,ztfkP8Mmwm6dy6eve,2021-08-20T17:17:01Z
BTtYM72rekwQanTni,ijXCnqxutPAA7b8Ea,aGBRxJQY2FY2k3vvR,cStfjv5jk9x8mJ2fv,ztfkP8Mmwm6dy6eve,2021-08-20T17:17:01Z
7qDrLpQBkR8jCbg6C,ijXCnqxutPAA7b8Ea,rJfqdnPq2hfdwWdLL,cStfjv5jk9x8mJ2fv,ztfkP8Mmwm6dy6eve,2021-08-20T17:17:01Z
ePTC47jNZyQ5aDbfP,ijXCnqxutPAA7b8Ea,Pi9atkCehFgDr8aYN,9BhBNZgHcf2vKiev9,ztfkP8Mmwm6dy6eve,2021-08-20T17:17:01Z
APRKQehb3ciFvDskX,ijXCnqxutPAA7b8Ea,aGBRxJQY2FY2k3vvR,9BhBNZgHcf2vKiev9,ztfkP8Mmwm6dy6eve,2021-08-20T17:17:01Z
zXcGPPKhTteXhKQj4,ijXCnqxutPAA7b8Ea,rJfqdnPq2hfdwWdLL,9BhBNZgHcf2vKiev9,ztfkP8Mmwm6dy6eve,2021-08-20T17:17:01Z
BYPZ836JTkDfj4Wsb,ijXCnqxutPAA7b8Ea,Pi9atkCehFgDr8aYN,ZRSS3ATzQAMHkmZeL,ztfkP8Mmwm6dy6eve,2021-08-20T17:17:01Z
jHJ34ugss7EegwL9H,ijXCnqxutPAA7b8Ea,aGBRxJQY2FY2k3vvR,ZRSS3ATzQAMHkmZeL,ztfkP8Mmwm6dy6eve,2021-08-20T17:17:01Z
cmfLEtiNcBvzQ5Z9y,ijXCnqxutPAA7b8Ea,rJfqdnPq2hfdwWdLL,ZRSS3ATzQAMHkmZeL,ztfkP8Mmwm6dy6eve,2021-08-20T17:17:01Z
qkS4Hz6LmCNuFyyX2,KYgAvqjvAyBiLgbRk,AuDmJeBi8t7fuKPx7,7uZto5eSjraEgY7KX,aSeqwy83KvRSbvRSS,2021-08-20T17:19:01Z
YEz5AJf8D8FaknyqM,KYgAvqjvAyBiLgbRk,HwoMovMdHJmbAckv9,7uZto5eSjraEgY7KX,aSeqwy83KvRSbvRSS,2021-08-20T17:19:01Z
zgrBzGywh3qzht9PT,KYgAvqjvAyBiLgbRk,Z4kfRmvwLM6cr47LT,7uZto5eSjraEgY7KX,aSeqwy83KvRSbvRSS,2021-08-20T17:19:01Z
5tWJ3ui5dA8jrzeGQ,KYgAvqjvAyBiLgbRk,AuDmJeBi8t7fuKPx7,gKwQ2qsjqiM4BqH8a,aSeqwy83KvRSbvRSS,2021-08-20T17:19:01Z
yjtnH4h5QuTj7CtNx,KYgAvqjvAyBiLgbRk,HwoMovMdHJmbAckv9,gKwQ2qsjqiM4BqH8a,aSeqwy83KvRSbvRSS,2021-08-20T17:19:01Z
kk3ovrJ277pGtvEos,KYgAvqjvAyBiLgbRk,Z4kfRmvwLM6cr47LT,gKwQ2qsjqiM4BqH8a,aSeqwy83KvRSbvRSS,2021-08-20T17:19:01Z
xR5j6ZuqdmdRaj7PS,KYgAvqjvAyBiLgbRk,AuDmJeBi8t7fuKPx7,5HarqBfdufHey86iC,aSeqwy83KvRSbvRSS,2021-08-20T17:19:01Z
ez86Z73E5TyckgieR,KYgAvqjvAyBiLgbRk,HwoMovMdHJmbAckv9,5HarqBfdufHey86iC,aSeqwy83KvRSbvRSS,2021-08-20T17:19:01Z
4pPQt9r5aEMqrYpWr,KYgAvqjvAyBiLgbRk,Z4kfRmvwLM6cr47LT,5HarqBfdufHey86iC,aSeqwy83KvRSbvRSS,2021-08-20T17:19:01Z
QsKH2AfcRJi3trwGm,KYgAvqjvAyBiLgbRk,AuDmJeBi8t7fuKPx7,yhh5mZuhCs4SDJEN8,aSeqwy83KvRSbvRSS,2021-08-20T17:19:01Z
E4DXEo9SKPhZGtGDF,KYgAvqjvAyBiLgbRk,HwoMovMdHJmbAckv9,yhh5mZuhCs4SDJEN8,aSeqwy83KvRSbvRSS,2021-08-20T17:19:01Z
jBMfY6kwgrB7xYYyc,KYgAvqjvAyBiLgbRk,Z4kfRmvwLM6cr47LT,yhh5mZuhCs4SDJEN8,aSeqwy83KvRSbvRSS,2021-08-20T17:19:01Z
gBkPXueiRR2ubLwRR,KYgAvqjvAyBiLgbRk,AuDmJeBi8t7fuKPx7,pgQZEiruRDgTNQz4n,aSeqwy83KvRSbvRSS,2021-08-20T17:19:01Z
b6TBzaKRNpT9WaC9c,KYgAvqjvAyBiLgbRk,HwoMovMdHJmbAckv9,pgQZEiruRDgTNQz4n,aSeqwy83KvRSbvRSS,2021-08-20T17:19:01Z
dAHAvr2TXhDbMZnQp,KYgAvqjvAyBiLgbRk,Z4kfRmvwLM6cr47LT,pgQZEiruRDgTNQz4n,aSeqwy83KvRSbvRSS,2021-08-20T17:19:01Z
Rp6mKrNmE4aqMsA3t,KYgAvqjvAyBiLgbRk,AuDmJeBi8t7fuKPx7,rZvAhc6wfv7WdkAj7,aSeqwy83KvRSbvRSS,2021-08-20T17:19:01Z
sguJ39jKgnTgL6u3C,KYgAvqjvAyBiLgbRk,HwoMovMdHJmbAckv9,rZvAhc6wfv7WdkAj7,aSeqwy83KvRSbvRSS,2021-08-20T17:19:01Z
DZHHNHmH6R9a3YCKk,KYgAvqjvAyBiLgbRk,Z4kfRmvwLM6cr47LT,rZvAhc6wfv7WdkAj7,aSeqwy83KvRSbvRSS,2021-08-20T17:19:01Z
zEyPYEEJQ9wey38Fh,KYgAvqjvAyBiLgbRk,AuDmJeBi8t7fuKPx7,hhAspeF8dxtCrKZHy,aSeqwy83KvRSbvRSS,2021-08-20T17:19:01Z
w9xGrNfzvrij7u8L8,KYgAvqjvAyBiLgbRk,HwoMovMdHJmbAckv9,hhAspeF8dxtCrKZHy,aSeqwy83KvRSbvRSS,2021-08-20T17:19:01Z
mLAZW6tHXYC2kEscH,KYgAvqjvAyBiLgbRk,Z4kfRmvwLM6cr47LT,hhAspeF8dxtCrKZHy,aSeqwy83KvRSbvRSS,2021-08-20T17:19:01Z
oWfQH5cY2CDGyNwTJ,KYgAvqjvAyBiLgbRk,AuDmJeBi8t7fuKPx7,YcW3MicpZBXvNHRTn,aSeqwy83KvRSbvRSS,2021-08-20T17:19:01Z
TJ6RXXqok3L6cJjG9,KYgAvqjvAyBiLgbRk,HwoMovMdHJmbAckv9,YcW3MicpZBXvNHRTn,aSeqwy83KvRSbvRSS,2021-08-20T17:19:01Z
6fRWExbRr5SkSDbeg,KYgAvqjvAyBiLgbRk,Z4kfRmvwLM6cr47LT,YcW3MicpZBXvNHRTn,aSeqwy83KvRSbvRSS,2021-08-20T17:19:01Z
WvQ8hAYTemtTdsgXg,KYgAvqjvAyBiLgbRk,AuDmJeBi8t7fuKPx7,PdG5KpAAdWjwTQaM8,aSeqwy83KvRSbvRSS,2021-08-20T17:19:01Z
TS889Z6dkKybBuCNa,KYgAvqjvAyBiLgbRk,HwoMovMdHJmbAckv9,PdG5KpAAdWjwTQaM8,aSeqwy83KvRSbvRSS,2021-08-20T17:19:01Z
RBipp5crkxHqmmu27,KYgAvqjvAyBiLgbRk,Z4kfRmvwLM6cr47LT,PdG5KpAAdWjwTQaM8,aSeqwy83KvRSbvRSS,2021-08-20T17:19:01Z
5wssf4CqwtSFhcryS,KYgAvqjvAyBiLgbRk,AuDmJeBi8t7fuKPx7,crktENLA2DpiSN3GJ,aSeqwy83KvRSbvRSS,2021-08-20T17:19:01Z
Fb9sFWFno9Zm9yRs6,KYgAvqjvAyBiLgbRk,HwoMovMdHJmbAckv9,crktENLA2DpiSN3GJ,aSeqwy83KvRSbvRSS,2021-08-20T17:19:01Z
ecEuKRzQCck42Z9Tq,KYgAvqjvAyBiLgbRk,Z4kfRmvwLM6cr47LT,crktENLA2DpiSN3GJ,aSeqwy83KvRSbvRSS,2021-08-20T17:19:01Z
tEyKmqC9Lxgf4Bw9Z,KYgAvqjvAyBiLgbRk,AuDmJeBi8t7fuKPx7,68eKGYkNg739AWeTa,aSeqwy83KvRSbvRSS,2021-08-20T17:19:01Z
yFXgf3raEAwNpqPih,KYgAvqjvAyBiLgbRk,HwoMovMdHJmbAckv9,68eKGYkNg739AWeTa,aSeqwy83KvRSbvRSS,2021-08-20T17:19:01Z
fqrDenApLSsn3wgTj,KYgAvqjvAyBiLgbRk,Z4kfRmvwLM6cr47LT,68eKGYkNg739AWeTa,aSeqwy83KvRSbvRSS,2021-08-20T17:19:01Z
5ijJhApNaP8uKvYA2,KYgAvqjvAyBiLgbRk,AuDmJeBi8t7fuKPx7,mZhWJR8qxRY4p4jRe,aSeqwy83KvRSbvRSS,2021-08-20T17:19:01Z
k3g99PmFeFXsuCe4a,KYgAvqjvAyBiLgbRk,HwoMovMdHJmbAckv9,mZhWJR8qxRY4p4jRe,aSeqwy83KvRSbvRSS,2021-08-20T17:19:01Z
c4YtGPLr4sbXn8ReT,KYgAvqjvAyBiLgbRk,Z4kfRmvwLM6cr47LT,mZhWJR8qxRY4p4jRe,aSeqwy83KvRSbvRSS,2021-08-20T17:19:01Z
53xPcchqRTtfiMy3H,KYgAvqjvAyBiLgbRk,AuDmJeBi8t7fuKPx7,YWCqZz3GGfu462bXX,aSeqwy83KvRSbvRSS,2021-08-20T17:19:01Z
ga7TnSucys73C2nwH,KYgAvqjvAyBiLgbRk,HwoMovMdHJmbAckv9,YWCqZz3GGfu462bXX,aSeqwy83KvRSbvRSS,2021-08-20T17:19:01Z
XyerdJKtGdfYk4E5R,KYgAvqjvAyBiLgbRk,Z4kfRmvwLM6cr47LT,YWCqZz3GGfu462bXX,aSeqwy83KvRSbvRSS,2021-08-20T17:19:01Z
hi5m95W9nzzss8KHD,KYgAvqjvAyBiLgbRk,AuDmJeBi8t7fuKPx7,aqr7xWqn5fzT8GQA3,aSeqwy83KvRSbvRSS,2021-08-20T17:19:01Z
Ed69btM9XLja8PkqZ,KYgAvqjvAyBiLgbRk,HwoMovMdHJmbAckv9,aqr7xWqn5fzT8GQA3,aSeqwy83KvRSbvRSS,2021-08-20T17:19:01Z
BDoJzqdDuEgj62XD3,KYgAvqjvAyBiLgbRk,Z4kfRmvwLM6cr47LT,aqr7xWqn5fzT8GQA3,aSeqwy83KvRSbvRSS,2021-08-20T17:19:01Z
WJh7CCMGPYR3S59cG,KYgAvqjvAyBiLgbRk,AuDmJeBi8t7fuKPx7,zypbxwdd8CujDGJg6,aSeqwy83KvRSbvRSS,2021-08-20T17:19:01Z
yx4qCHPccWB3Rjgzv,KYgAvqjvAyBiLgbRk,HwoMovMdHJmbAckv9,zypbxwdd8CujDGJg6,aSeqwy83KvRSbvRSS,2021-08-20T17:19:01Z
vGsS5kJRMAjD7JQ3g,KYgAvqjvAyBiLgbRk,Z4kfRmvwLM6cr47LT,zypbxwdd8CujDGJg6,aSeqwy83KvRSbvRSS,2021-08-20T17:19:01Z
HgpBpJgubifKdZiqN,KYgAvqjvAyBiLgbRk,AuDmJeBi8t7fuKPx7,5QYbFnCxPvRmkA5AE,aSeqwy83KvRSbvRSS,2021-08-20T17:19:01Z
iem9eGLd3bmobfxjk,KYgAvqjvAyBiLgbRk,HwoMovMdHJmbAckv9,5QYbFnCxPvRmkA5AE,aSeqwy83KvRSbvRSS,2021-08-20T17:19:01Z
tLs579dPv3W82aomN,KYgAvqjvAyBiLgbRk,Z4kfRmvwLM6cr47LT,5QYbFnCxPvRmkA5AE,aSeqwy83KvRSbvRSS,2021-08-20T17:19:01Z
a8fiYNdswGSRm3CM5,KYgAvqjvAyBiLgbRk,AuDmJeBi8t7fuKPx7,4u8QC6rmaoPjKj54k,aSeqwy83KvRSbvRSS,2021-08-20T17:19:01Z
aLmdcCzLJvcsRwyHy,KYgAvqjvAyBiLgbRk,HwoMovMdHJmbAckv9,4u8QC6rmaoPjKj54k,aSeqwy83KvRSbvRSS,2021-08-20T17:19:01Z
u3rnThiEaJ7GRH7Qt,KYgAvqjvAyBiLgbRk,Z4kfRmvwLM6cr47LT,4u8QC6rmaoPjKj54k,aSeqwy83KvRSbvRSS,2021-08-20T17:19:01Z
FpLzGWkiFY4BSyB68,KYgAvqjvAyBiLgbRk,AuDmJeBi8t7fuKPx7,gDPD3knekakRyBpTt,aSeqwy83KvRSbvRSS,2021-08-20T17:19:01Z
JNZ8DeD9KQZBRyWYb,KYgAvqjvAyBiLgbRk,HwoMovMdHJmbAckv9,gDPD3knekakRyBpTt,aSeqwy83KvRSbvRSS,2021-08-20T17:19:01Z
kL6HEtPfznbvE7Tdx,KYgAvqjvAyBiLgbRk,Z4kfRmvwLM6cr47LT,gDPD3knekakRyBpTt,aSeqwy83KvRSbvRSS,2021-08-20T17:19:01Z
QP9jsSoeaN4u462ER,KYgAvqjvAyBiLgbRk,AuDmJeBi8t7fuKPx7,uxZpNLo7HuC9YxqJS,aSeqwy83KvRSbvRSS,2021-08-20T17:19:01Z
mDMTbdsTapTan9eA6,KYgAvqjvAyBiLgbRk,HwoMovMdHJmbAckv9,uxZpNLo7HuC9YxqJS,aSeqwy83KvRSbvRSS,2021-08-20T17:19:01Z
57sm949g33vXBoePs,KYgAvqjvAyBiLgbRk,Z4kfRmvwLM6cr47LT,uxZpNLo7HuC9YxqJS,aSeqwy83KvRSbvRSS,2021-08-20T17:19:01Z
JkmpcTHB2wJEdfTvn,KYgAvqjvAyBiLgbRk,AuDmJeBi8t7fuKPx7,GKXS6ngMPfhwvTnhu,aSeqwy83KvRSbvRSS,2021-08-20T17:19:01Z
YsCWA95k7qbGyPnSE,KYgAvqjvAyBiLgbRk,HwoMovMdHJmbAckv9,GKXS6ngMPfhwvTnhu,aSeqwy83KvRSbvRSS,2021-08-20T17:19:01Z
CkzWQmYoMTCZ34T58,KYgAvqjvAyBiLgbRk,Z4kfRmvwLM6cr47LT,GKXS6ngMPfhwvTnhu,aSeqwy83KvRSbvRSS,2021-08-20T17:19:01Z
w9uBqwRLr5R77trGp,KYgAvqjvAyBiLgbRk,AuDmJeBi8t7fuKPx7,oDrqH6aaMJYWNog3u,aSeqwy83KvRSbvRSS,2021-08-20T17:19:01Z
DSh7eHMAqeWyceRrf,KYgAvqjvAyBiLgbRk,HwoMovMdHJmbAckv9,oDrqH6aaMJYWNog3u,aSeqwy83KvRSbvRSS,2021-08-20T17:19:01Z
P2ejiReiKeEtLoQtd,KYgAvqjvAyBiLgbRk,Z4kfRmvwLM6cr47LT,oDrqH6aaMJYWNog3u,aSeqwy83KvRSbvRSS,2021-08-20T17:19:01Z
ADn8z7E4pghZeugev,KYgAvqjvAyBiLgbRk,AuDmJeBi8t7fuKPx7,2yF2ivKL9qvehu74B,aSeqwy83KvRSbvRSS,2021-08-20T17:19:01Z
TykKsH8yXr9tFYG4i,KYgAvqjvAyBiLgbRk,HwoMovMdHJmbAckv9,2yF2ivKL9qvehu74B,aSeqwy83KvRSbvRSS,2021-08-20T17:19:01Z
3LA3gmSSw2vMerYsK,KYgAvqjvAyBiLgbRk,Z4kfRmvwLM6cr47LT,2yF2ivKL9qvehu74B,aSeqwy83KvRSbvRSS,2021-08-20T17:19:01Z
WcJJxGqGvLbEzwYNK,KYgAvqjvAyBiLgbRk,AuDmJeBi8t7fuKPx7,MwcbzXQBoyWAtZrFr,aSeqwy83KvRSbvRSS,2021-08-20T17:19:01Z
KR4WibprHrunAM462,KYgAvqjvAyBiLgbRk,HwoMovMdHJmbAckv9,MwcbzXQBoyWAtZrFr,aSeqwy83KvRSbvRSS,2021-08-20T17:19:01Z
j9EEEtYZkGqMCh5sn,KYgAvqjvAyBiLgbRk,Z4kfRmvwLM6cr47LT,MwcbzXQBoyWAtZrFr,aSeqwy83KvRSbvRSS,2021-08-20T17:19:01Z
R56rMAcEHqAQWzmWH,KYgAvqjvAyBiLgbRk,AuDmJeBi8t7fuKPx7,jef3vpvG5nZ32LXFN,aSeqwy83KvRSbvRSS,2021-08-20T17:19:01Z
7B82GEpkMtNY9dQtY,KYgAvqjvAyBiLgbRk,HwoMovMdHJmbAckv9,jef3vpvG5nZ32LXFN,aSeqwy83KvRSbvRSS,2021-08-20T17:19:01Z
Ks5FECRaqFrYyzp6r,KYgAvqjvAyBiLgbRk,Z4kfRmvwLM6cr47LT,jef3vpvG5nZ32LXFN,aSeqwy83KvRSbvRSS,2021-08-20T17:19:01Z
hniTAnCQWqvh9YAfT,3ngxgv56v9ferWtzM,F9bv4zMkmYKaXyf9N,sFkEqLm2gsoqWk8HX,qp6HK4n2ugpCtonsZ,2021-08-20T17:41:38Z
prPbfKxAYM2CZkixQ,3ngxgv56v9ferWtzM,GcddPKwivL4JFWX6r,sFkEqLm2gsoqWk8HX,qp6HK4n2ugpCtonsZ,2021-08-20T17:41:38Z
oTFaPdj9StHQcoyhN,3ngxgv56v9ferWtzM,GjboTxjwCnTi4WEWM,sFkEqLm2gsoqWk8HX,qp6HK4n2ugpCtonsZ,2021-08-20T17:41:38Z
eoPXcdfnbg5qPad2e,3ngxgv56v9ferWtzM,F9bv4zMkmYKaXyf9N,JpNLYJfvJfuWyGrDH,qp6HK4n2ugpCtonsZ,2021-08-20T17:41:38Z
zu4dYxWzjTuWQkGNP,3ngxgv56v9ferWtzM,GcddPKwivL4JFWX6r,JpNLYJfvJfuWyGrDH,qp6HK4n2ugpCtonsZ,2021-08-20T17:41:38Z
Axe2mbPcWdK2wZaDh,3ngxgv56v9ferWtzM,GjboTxjwCnTi4WEWM,JpNLYJfvJfuWyGrDH,qp6HK4n2ugpCtonsZ,2021-08-20T17:41:38Z
jo2WF5s333oLaodfd,3ngxgv56v9ferWtzM,F9bv4zMkmYKaXyf9N,5oofpz62JZbmNqHwq,qp6HK4n2ugpCtonsZ,2021-08-20T17:41:38Z
BzzpQsgPuSuoEcGh3,3ngxgv56v9ferWtzM,GcddPKwivL4JFWX6r,5oofpz62JZbmNqHwq,qp6HK4n2ugpCtonsZ,2021-08-20T17:41:38Z
2tPj3LapwbJFhw6mt,3ngxgv56v9ferWtzM,GjboTxjwCnTi4WEWM,5oofpz62JZbmNqHwq,qp6HK4n2ugpCtonsZ,2021-08-20T17:41:38Z
d55xqESRrd6aaEFpa,3ngxgv56v9ferWtzM,F9bv4zMkmYKaXyf9N,fDgmC4rS7HWaRXtxv,qp6HK4n2ugpCtonsZ,2021-08-20T17:41:38Z
TrBZPbFKDvdBScE5H,3ngxgv56v9ferWtzM,GcddPKwivL4JFWX6r,fDgmC4rS7HWaRXtxv,qp6HK4n2ugpCtonsZ,2021-08-20T17:41:38Z
Dp7uK2ZNNSRBhPrNN,3ngxgv56v9ferWtzM,GjboTxjwCnTi4WEWM,fDgmC4rS7HWaRXtxv,qp6HK4n2ugpCtonsZ,2021-08-20T17:41:38Z
7CojopkfEgDaZp6Yd,3ngxgv56v9ferWtzM,F9bv4zMkmYKaXyf9N,6yd3Eq7nnuuanZQKW,qp6HK4n2ugpCtonsZ,2021-08-20T17:41:38Z
q6CJWPnm3mJJ98oDj,3ngxgv56v9ferWtzM,GcddPKwivL4JFWX6r,6yd3Eq7nnuuanZQKW,qp6HK4n2ugpCtonsZ,2021-08-20T17:41:38Z
9XrTQo7k6JsmZhb4a,3ngxgv56v9ferWtzM,GjboTxjwCnTi4WEWM,6yd3Eq7nnuuanZQKW,qp6HK4n2ugpCtonsZ,2021-08-20T17:41:38Z
H4wSM56yeYtSQAxk7,3ngxgv56v9ferWtzM,F9bv4zMkmYKaXyf9N,ma9xKjwK38tJmGEZ5,qp6HK4n2ugpCtonsZ,2021-08-20T17:41:38Z
G3gQW7Kkc7cYPG7B5,3ngxgv56v9ferWtzM,GcddPKwivL4JFWX6r,ma9xKjwK38tJmGEZ5,qp6HK4n2ugpCtonsZ,2021-08-20T17:41:38Z
zbtsRgrRDQP94e38y,3ngxgv56v9ferWtzM,GjboTxjwCnTi4WEWM,ma9xKjwK38tJmGEZ5,qp6HK4n2ugpCtonsZ,2021-08-20T17:41:38Z
eLQjuSMfyEWLiG5QF,3ngxgv56v9ferWtzM,F9bv4zMkmYKaXyf9N,HkZR25j7n6BEYr4Qw,qp6HK4n2ugpCtonsZ,2021-08-20T17:41:38Z
gDohrcCQeQDHFKR9F,3ngxgv56v9ferWtzM,GcddPKwivL4JFWX6r,HkZR25j7n6BEYr4Qw,qp6HK4n2ugpCtonsZ,2021-08-20T17:41:38Z
zijFfnwDDJkweMrPw,3ngxgv56v9ferWtzM,GjboTxjwCnTi4WEWM,HkZR25j7n6BEYr4Qw,qp6HK4n2ugpCtonsZ,2021-08-20T17:41:38Z
HESf82RNMcugxzSmT,3ngxgv56v9ferWtzM,F9bv4zMkmYKaXyf9N,6aaiHbu3gyKP6z3pP,qp6HK4n2ugpCtonsZ,2021-08-20T17:41:38Z
h4XyKjg6wA4FwHBHe,3ngxgv56v9ferWtzM,GcddPKwivL4JFWX6r,6aaiHbu3gyKP6z3pP,qp6HK4n2ugpCtonsZ,2021-08-20T17:41:38Z
tX5GxfWbhKooLQq3v,3ngxgv56v9ferWtzM,GjboTxjwCnTi4WEWM,6aaiHbu3gyKP6z3pP,qp6HK4n2ugpCtonsZ,2021-08-20T17:41:38Z
LM3yfrnGGvNyngtM7,3ngxgv56v9ferWtzM,F9bv4zMkmYKaXyf9N,reFLt83KAHuNvA8dT,qp6HK4n2ugpCtonsZ,2021-08-20T17:41:38Z
Suy2Ponpt3xCriKmH,3ngxgv56v9ferWtzM,GcddPKwivL4JFWX6r,reFLt83KAHuNvA8dT,qp6HK4n2ugpCtonsZ,2021-08-20T17:41:38Z
7a9oNxuFdemksQxEF,3ngxgv56v9ferWtzM,GjboTxjwCnTi4WEWM,reFLt83KAHuNvA8dT,qp6HK4n2ugpCtonsZ,2021-08-20T17:41:38Z
PasYt665XxjmkzR2T,3ngxgv56v9ferWtzM,F9bv4zMkmYKaXyf9N,coxe8H4Jhsyaisvck,qp6HK4n2ugpCtonsZ,2021-08-20T17:41:38Z
Tu9GkkrvPECeQBH6E,3ngxgv56v9ferWtzM,GcddPKwivL4JFWX6r,coxe8H4Jhsyaisvck,qp6HK4n2ugpCtonsZ,2021-08-20T17:41:38Z
9wAY2QeShC6s3gbmc,3ngxgv56v9ferWtzM,GjboTxjwCnTi4WEWM,coxe8H4Jhsyaisvck,qp6HK4n2ugpCtonsZ,2021-08-20T17:41:38Z
XKC6ML4QyRTimCZYY,3ngxgv56v9ferWtzM,F9bv4zMkmYKaXyf9N,DAWrQf2cSPZyzXc2t,qp6HK4n2ugpCtonsZ,2021-08-20T17:41:38Z
xMtiHkxgZH5NJFueE,3ngxgv56v9ferWtzM,GcddPKwivL4JFWX6r,DAWrQf2cSPZyzXc2t,qp6HK4n2ugpCtonsZ,2021-08-20T17:41:38Z
FqPoAPMod64Che5EF,3ngxgv56v9ferWtzM,GjboTxjwCnTi4WEWM,DAWrQf2cSPZyzXc2t,qp6HK4n2ugpCtonsZ,2021-08-20T17:41:38Z
aEskgka2MPz6sY77D,3ngxgv56v9ferWtzM,F9bv4zMkmYKaXyf9N,A6WMHusa9HRc6i7QP,qp6HK4n2ugpCtonsZ,2021-08-20T17:41:38Z
mWceu29xD2R5CCJFt,3ngxgv56v9ferWtzM,GcddPKwivL4JFWX6r,A6WMHusa9HRc6i7QP,qp6HK4n2ugpCtonsZ,2021-08-20T17:41:38Z
B2rzJnQL4Jda3o79j,3ngxgv56v9ferWtzM,GjboTxjwCnTi4WEWM,A6WMHusa9HRc6i7QP,qp6HK4n2ugpCtonsZ,2021-08-20T17:41:38Z
bRgMh5jjbY63NtgiS,3ngxgv56v9ferWtzM,F9bv4zMkmYKaXyf9N,YLobcYBewfoJfJ4gh,qp6HK4n2ugpCtonsZ,2021-08-20T17:41:38Z
xJjCPKs8Z2pLWmNLb,3ngxgv56v9ferWtzM,GcddPKwivL4JFWX6r,YLobcYBewfoJfJ4gh,qp6HK4n2ugpCtonsZ,2021-08-20T17:41:38Z
d9Rkcexa3ns9M7D9D,3ngxgv56v9ferWtzM,GjboTxjwCnTi4WEWM,YLobcYBewfoJfJ4gh,qp6HK4n2ugpCtonsZ,2021-08-20T17:41:38Z
PKcdd6WsAeMqzMTjz,3ngxgv56v9ferWtzM,F9bv4zMkmYKaXyf9N,7mehqBjyYh37uEbxD,qp6HK4n2ugpCtonsZ,2021-08-20T17:41:38Z
mgGtpdx6uif26wBHz,3ngxgv56v9ferWtzM,GcddPKwivL4JFWX6r,7mehqBjyYh37uEbxD,qp6HK4n2ugpCtonsZ,2021-08-20T17:41:38Z
hfqyMsezzKv2r5DpC,3ngxgv56v9ferWtzM,GjboTxjwCnTi4WEWM,7mehqBjyYh37uEbxD,qp6HK4n2ugpCtonsZ,2021-08-20T17:41:38Z
9BS8b6apAAwS5jfCX,3ngxgv56v9ferWtzM,F9bv4zMkmYKaXyf9N,TBCRwgccjTbrdSwA3,qp6HK4n2ugpCtonsZ,2021-08-20T17:41:38Z
2YTZwoKyLAv83dbNd,3ngxgv56v9ferWtzM,GcddPKwivL4JFWX6r,TBCRwgccjTbrdSwA3,qp6HK4n2ugpCtonsZ,2021-08-20T17:41:38Z
tf7iFRADXFQW9L7dN,3ngxgv56v9ferWtzM,GjboTxjwCnTi4WEWM,TBCRwgccjTbrdSwA3,qp6HK4n2ugpCtonsZ,2021-08-20T17:41:38Z
poHczejKabGdCmdgF,3ngxgv56v9ferWtzM,F9bv4zMkmYKaXyf9N,GYfNDM7RihSmh3pZb,qp6HK4n2ugpCtonsZ,2021-08-20T17:41:38Z
YQq8jXWEhXze3gpqm,3ngxgv56v9ferWtzM,GcddPKwivL4JFWX6r,GYfNDM7RihSmh3pZb,qp6HK4n2ugpCtonsZ,2021-08-20T17:41:38Z
F2bwGCwGbvucwZNBc,3ngxgv56v9ferWtzM,GjboTxjwCnTi4WEWM,GYfNDM7RihSmh3pZb,qp6HK4n2ugpCtonsZ,2021-08-20T17:41:38Z
SZe9wDMhFGo4ar9kh,3ngxgv56v9ferWtzM,F9bv4zMkmYKaXyf9N,5vfowsjq6HxqcCLzu,qp6HK4n2ugpCtonsZ,2021-08-20T17:41:38Z
LF5zeP4s6hAGop9Cn,3ngxgv56v9ferWtzM,GcddPKwivL4JFWX6r,5vfowsjq6HxqcCLzu,qp6HK4n2ugpCtonsZ,2021-08-20T17:41:38Z
wBju7uo8G5MahLhzJ,3ngxgv56v9ferWtzM,GjboTxjwCnTi4WEWM,5vfowsjq6HxqcCLzu,qp6HK4n2ugpCtonsZ,2021-08-20T17:41:38Z
C3TsnCNFfMEcnyzny,3ngxgv56v9ferWtzM,F9bv4zMkmYKaXyf9N,k5PFWzfHZ4pf7mM4P,qp6HK4n2ugpCtonsZ,2021-08-20T17:41:38Z
QSibxB6v6pMyuN6e2,3ngxgv56v9ferWtzM,GcddPKwivL4JFWX6r,k5PFWzfHZ4pf7mM4P,qp6HK4n2ugpCtonsZ,2021-08-20T17:41:38Z
b8REtKuENbkYL23ff,3ngxgv56v9ferWtzM,GjboTxjwCnTi4WEWM,k5PFWzfHZ4pf7mM4P,qp6HK4n2ugpCtonsZ,2021-08-20T17:41:38Z
aAWEbiqkS59gQfnN4,3ngxgv56v9ferWtzM,F9bv4zMkmYKaXyf9N,xA4djj5Gz8EWDLu3B,qp6HK4n2ugpCtonsZ,2021-08-20T17:41:38Z
n3qSnWWg2Y957pEtt,3ngxgv56v9ferWtzM,GcddPKwivL4JFWX6r,xA4djj5Gz8EWDLu3B,qp6HK4n2ugpCtonsZ,2021-08-20T17:41:38Z
7TBTe3pA4fZFEZ2oQ,3ngxgv56v9ferWtzM,GjboTxjwCnTi4WEWM,xA4djj5Gz8EWDLu3B,qp6HK4n2ugpCtonsZ,2021-08-20T17:41:38Z
sqoJQwdT96vCFd8ij,3ngxgv56v9ferWtzM,F9bv4zMkmYKaXyf9N,MDBtu3uZw8EfdEv2i,qp6HK4n2ugpCtonsZ,2021-08-20T17:41:38Z
753qn7PsZ5iWQtTCF,3ngxgv56v9ferWtzM,GcddPKwivL4JFWX6r,MDBtu3uZw8EfdEv2i,qp6HK4n2ugpCtonsZ,2021-08-20T17:41:38Z
WQDgKjAuo2bwqs7w5,3ngxgv56v9ferWtzM,GjboTxjwCnTi4WEWM,MDBtu3uZw8EfdEv2i,qp6HK4n2ugpCtonsZ,2021-08-20T17:41:38Z
r5nxhbviRBazpr46w,3ngxgv56v9ferWtzM,F9bv4zMkmYKaXyf9N,pCzr9X3vMk9YpN2r3,qp6HK4n2ugpCtonsZ,2021-08-20T17:41:38Z
gXXrKbPvBqfMDpNEv,3ngxgv56v9ferWtzM,GcddPKwivL4JFWX6r,pCzr9X3vMk9YpN2r3,qp6HK4n2ugpCtonsZ,2021-08-20T17:41:38Z
cWTutLae4K2keSAbC,3ngxgv56v9ferWtzM,GjboTxjwCnTi4WEWM,pCzr9X3vMk9YpN2r3,qp6HK4n2ugpCtonsZ,2021-08-20T17:41:38Z
QxniW9hvWkAvkTLPh,3ngxgv56v9ferWtzM,F9bv4zMkmYKaXyf9N,yfcDWz2c85muZCwrr,qp6HK4n2ugpCtonsZ,2021-08-20T17:41:38Z
mgwrLu7KkRo7mEeES,3ngxgv56v9ferWtzM,GcddPKwivL4JFWX6r,yfcDWz2c85muZCwrr,qp6HK4n2ugpCtonsZ,2021-08-20T17:41:38Z
annHdX2yuxSSuteJX,3ngxgv56v9ferWtzM,GjboTxjwCnTi4WEWM,yfcDWz2c85muZCwrr,qp6HK4n2ugpCtonsZ,2021-08-20T17:41:38Z
9BzP7c2ik2HQjcgnt,3ngxgv56v9ferWtzM,F9bv4zMkmYKaXyf9N,G3yA59aQu4cfXBdRy,qp6HK4n2ugpCtonsZ,2021-08-20T17:41:38Z
RMZJii5goCHgj4gD3,3ngxgv56v9ferWtzM,GcddPKwivL4JFWX6r,G3yA59aQu4cfXBdRy,qp6HK4n2ugpCtonsZ,2021-08-20T17:41:38Z
4AL4nLsb45442T6zB,3ngxgv56v9ferWtzM,GjboTxjwCnTi4WEWM,G3yA59aQu4cfXBdRy,qp6HK4n2ugpCtonsZ,2021-08-20T17:41:38Z
GijpB5acPtZwYu5tR,3ngxgv56v9ferWtzM,F9bv4zMkmYKaXyf9N,39ZouJepQfn4kcgko,qp6HK4n2ugpCtonsZ,2021-08-20T17:41:38Z
pKHyy99P7w93CYysq,3ngxgv56v9ferWtzM,GcddPKwivL4JFWX6r,39ZouJepQfn4kcgko,qp6HK4n2ugpCtonsZ,2021-08-20T17:41:38Z
4XDoMz3aJAPYrxYPA,3ngxgv56v9ferWtzM,GjboTxjwCnTi4WEWM,39ZouJepQfn4kcgko,qp6HK4n2ugpCtonsZ,2021-08-20T17:41:38Z
uuypjYoN3LrmkWg73,shR7v3vsqmhhvs9CD,3ASftqExPSXeJJA23,4JygEQoL8uQGGieTA,hGRcYSxw4oXPpuiDB,2021-08-20T17:42:24Z
mypfWSAHWwpmzZ9rJ,shR7v3vsqmhhvs9CD,AAKp4BwY6iiD2nkBF,4JygEQoL8uQGGieTA,hGRcYSxw4oXPpuiDB,2021-08-20T17:42:24Z
w35xCw92zuRvnvEiv,shR7v3vsqmhhvs9CD,YRXAcJsKMD4NrXF4h,4JygEQoL8uQGGieTA,hGRcYSxw4oXPpuiDB,2021-08-20T17:42:24Z
k26RFuxs5QyyvALqx,shR7v3vsqmhhvs9CD,3ASftqExPSXeJJA23,mfPfHtQKDwDPLjTZN,hGRcYSxw4oXPpuiDB,2021-08-20T17:42:24Z
zvYmskg6dLAWoBdk5,shR7v3vsqmhhvs9CD,AAKp4BwY6iiD2nkBF,mfPfHtQKDwDPLjTZN,hGRcYSxw4oXPpuiDB,2021-08-20T17:42:24Z
sAqZGttSozwCCC5Zh,shR7v3vsqmhhvs9CD,YRXAcJsKMD4NrXF4h,mfPfHtQKDwDPLjTZN,hGRcYSxw4oXPpuiDB,2021-08-20T17:42:24Z
3ZL3JYBpdR5cK7mPa,shR7v3vsqmhhvs9CD,3ASftqExPSXeJJA23,zuNxBQtLTQcpYwgmF,hGRcYSxw4oXPpuiDB,2021-08-20T17:42:24Z
hZkt2u2Fvr4RfomRN,shR7v3vsqmhhvs9CD,AAKp4BwY6iiD2nkBF,zuNxBQtLTQcpYwgmF,hGRcYSxw4oXPpuiDB,2021-08-20T17:42:24Z
BH3rnCPg52i5J634f,shR7v3vsqmhhvs9CD,YRXAcJsKMD4NrXF4h,zuNxBQtLTQcpYwgmF,hGRcYSxw4oXPpuiDB,2021-08-20T17:42:24Z
ScjDNvfrDY8sZSGX9,shR7v3vsqmhhvs9CD,3ASftqExPSXeJJA23,Ew5tGHfH9JvgZ7gWB,hGRcYSxw4oXPpuiDB,2021-08-20T17:42:24Z
psAnrF9Fvob4zKnb2,shR7v3vsqmhhvs9CD,AAKp4BwY6iiD2nkBF,Ew5tGHfH9JvgZ7gWB,hGRcYSxw4oXPpuiDB,2021-08-20T17:42:24Z
PzSwRMt3WkgXWQkYF,shR7v3vsqmhhvs9CD,YRXAcJsKMD4NrXF4h,Ew5tGHfH9JvgZ7gWB,hGRcYSxw4oXPpuiDB,2021-08-20T17:42:24Z
Nh6nbaYRmkWyv8iBj,shR7v3vsqmhhvs9CD,3ASftqExPSXeJJA23,XL7nm3tXMcbyk2uQz,hGRcYSxw4oXPpuiDB,2021-08-20T17:42:24Z
XwG6oFkXQymD25ZkT,shR7v3vsqmhhvs9CD,AAKp4BwY6iiD2nkBF,XL7nm3tXMcbyk2uQz,hGRcYSxw4oXPpuiDB,2021-08-20T17:42:24Z
4dzqktLmJgiPNM6tC,shR7v3vsqmhhvs9CD,YRXAcJsKMD4NrXF4h,XL7nm3tXMcbyk2uQz,hGRcYSxw4oXPpuiDB,2021-08-20T17:42:24Z
xZctuw7GRmfuo9DfF,shR7v3vsqmhhvs9CD,3ASftqExPSXeJJA23,9tpQ3Fx9ZHtqymAvm,hGRcYSxw4oXPpuiDB,2021-08-20T17:42:24Z
BtSkX4PCWoFtoNQND,shR7v3vsqmhhvs9CD,AAKp4BwY6iiD2nkBF,9tpQ3Fx9ZHtqymAvm,hGRcYSxw4oXPpuiDB,2021-08-20T17:42:24Z
4X47JbEXWryJqeq6A,shR7v3vsqmhhvs9CD,YRXAcJsKMD4NrXF4h,9tpQ3Fx9ZHtqymAvm,hGRcYSxw4oXPpuiDB,2021-08-20T17:42:24Z
MvMLwQf9sZsxyrXP5,shR7v3vsqmhhvs9CD,3ASftqExPSXeJJA23,Fj9xCBuZdD5PpPrmj,hGRcYSxw4oXPpuiDB,2021-08-20T17:42:24Z
Fspo87MeCaZNkgxx5,shR7v3vsqmhhvs9CD,AAKp4BwY6iiD2nkBF,Fj9xCBuZdD5PpPrmj,hGRcYSxw4oXPpuiDB,2021-08-20T17:42:24Z
8KoeZbHEdEhEy9KwG,shR7v3vsqmhhvs9CD,YRXAcJsKMD4NrXF4h,Fj9xCBuZdD5PpPrmj,hGRcYSxw4oXPpuiDB,2021-08-20T17:42:24Z
JW6KTWdLKokjvbBsN,shR7v3vsqmhhvs9CD,3ASftqExPSXeJJA23,cAF9F3ZoK5PZWDSmd,hGRcYSxw4oXPpuiDB,2021-08-20T17:42:24Z
R4z63nFd4cokX7BuN,shR7v3vsqmhhvs9CD,AAKp4BwY6iiD2nkBF,cAF9F3ZoK5PZWDSmd,hGRcYSxw4oXPpuiDB,2021-08-20T17:42:24Z
LRrzmgQ495iNxqhq9,shR7v3vsqmhhvs9CD,YRXAcJsKMD4NrXF4h,cAF9F3ZoK5PZWDSmd,hGRcYSxw4oXPpuiDB,2021-08-20T17:42:24Z
nZ2edTnfMrFTbFYck,shR7v3vsqmhhvs9CD,3ASftqExPSXeJJA23,WvWBtoa2zKvYjmou6,hGRcYSxw4oXPpuiDB,2021-08-20T17:42:24Z
sbi9PdM92kTRWnexz,shR7v3vsqmhhvs9CD,AAKp4BwY6iiD2nkBF,WvWBtoa2zKvYjmou6,hGRcYSxw4oXPpuiDB,2021-08-20T17:42:24Z
8yyaG6ftNvCBDErvC,shR7v3vsqmhhvs9CD,YRXAcJsKMD4NrXF4h,WvWBtoa2zKvYjmou6,hGRcYSxw4oXPpuiDB,2021-08-20T17:42:24Z
GPZitZqiMS8SAvANh,shR7v3vsqmhhvs9CD,3ASftqExPSXeJJA23,dFDdKk2bu7WsXEgRM,hGRcYSxw4oXPpuiDB,2021-08-20T17:42:24Z
yzCyqE4nyruPRBKPu,shR7v3vsqmhhvs9CD,AAKp4BwY6iiD2nkBF,dFDdKk2bu7WsXEgRM,hGRcYSxw4oXPpuiDB,2021-08-20T17:42:24Z
o8o3raiRAgc7Lkk4E,shR7v3vsqmhhvs9CD,YRXAcJsKMD4NrXF4h,dFDdKk2bu7WsXEgRM,hGRcYSxw4oXPpuiDB,2021-08-20T17:42:24Z
LQQow4kHvQMoY8A7b,shR7v3vsqmhhvs9CD,3ASftqExPSXeJJA23,ADsA26k8Q2htrZQpc,hGRcYSxw4oXPpuiDB,2021-08-20T17:42:24Z
vhZ8ywN7Hs4JN5tqP,shR7v3vsqmhhvs9CD,AAKp4BwY6iiD2nkBF,ADsA26k8Q2htrZQpc,hGRcYSxw4oXPpuiDB,2021-08-20T17:42:24Z
PufQzy3LSSiqjYzoP,shR7v3vsqmhhvs9CD,YRXAcJsKMD4NrXF4h,ADsA26k8Q2htrZQpc,hGRcYSxw4oXPpuiDB,2021-08-20T17:42:24Z
m7RECJczr6BnCiGRJ,shR7v3vsqmhhvs9CD,3ASftqExPSXeJJA23,x9nvJiBeJDfhavdKX,hGRcYSxw4oXPpuiDB,2021-08-20T17:42:24Z
pkte3JuWwstaLPxgX,shR7v3vsqmhhvs9CD,AAKp4BwY6iiD2nkBF,x9nvJiBeJDfhavdKX,hGRcYSxw4oXPpuiDB,2021-08-20T17:42:24Z
3ke2LaDqBhEh5pftz,shR7v3vsqmhhvs9CD,YRXAcJsKMD4NrXF4h,x9nvJiBeJDfhavdKX,hGRcYSxw4oXPpuiDB,2021-08-20T17:42:24Z
LRQF6998xaN7hEoQh,shR7v3vsqmhhvs9CD,3ASftqExPSXeJJA23,jJYoj2EFb5TRcwdrM,hGRcYSxw4oXPpuiDB,2021-08-20T17:42:24Z
6AfGjGa3Mqrvjuaq8,shR7v3vsqmhhvs9CD,AAKp4BwY6iiD2nkBF,jJYoj2EFb5TRcwdrM,hGRcYSxw4oXPpuiDB,2021-08-20T17:42:24Z
hoEvhmCJDqfJtFFYr,shR7v3vsqmhhvs9CD,YRXAcJsKMD4NrXF4h,jJYoj2EFb5TRcwdrM,hGRcYSxw4oXPpuiDB,2021-08-20T17:42:24Z
L7TcgWpkSC59ajvMa,shR7v3vsqmhhvs9CD,3ASftqExPSXeJJA23,rMS6oCjNYmPd6c3LC,hGRcYSxw4oXPpuiDB,2021-08-20T17:42:24Z
Zp5DYnCbo6aM79Y9n,shR7v3vsqmhhvs9CD,AAKp4BwY6iiD2nkBF,rMS6oCjNYmPd6c3LC,hGRcYSxw4oXPpuiDB,2021-08-20T17:42:24Z
XPa7hTxcsTocf99Lm,shR7v3vsqmhhvs9CD,YRXAcJsKMD4NrXF4h,rMS6oCjNYmPd6c3LC,hGRcYSxw4oXPpuiDB,2021-08-20T17:42:24Z
3dWQA8XaMqRDxyS54,shR7v3vsqmhhvs9CD,3ASftqExPSXeJJA23,YTYoNbbQKsjmSFrWY,hGRcYSxw4oXPpuiDB,2021-08-20T17:42:24Z
eF7wdXH86dsMixMZ3,shR7v3vsqmhhvs9CD,AAKp4BwY6iiD2nkBF,YTYoNbbQKsjmSFrWY,hGRcYSxw4oXPpuiDB,2021-08-20T17:42:24Z
HyZh4zTXktY52ZxrT,shR7v3vsqmhhvs9CD,YRXAcJsKMD4NrXF4h,YTYoNbbQKsjmSFrWY,hGRcYSxw4oXPpuiDB,2021-08-20T17:42:24Z
u3aWXH2vqghjT6DsB,shR7v3vsqmhhvs9CD,3ASftqExPSXeJJA23,xW3KPFdExdcw4gLYT,hGRcYSxw4oXPpuiDB,2021-08-20T17:42:24Z
tHTXb2S6Mjoa4amYs,shR7v3vsqmhhvs9CD,AAKp4BwY6iiD2nkBF,xW3KPFdExdcw4gLYT,hGRcYSxw4oXPpuiDB,2021-08-20T17:42:24Z
9TtDCwrTyi5TdR33H,shR7v3vsqmhhvs9CD,YRXAcJsKMD4NrXF4h,xW3KPFdExdcw4gLYT,hGRcYSxw4oXPpuiDB,2021-08-20T17:42:24Z
7nkx9k3ZPfnYuiLRm,shR7v3vsqmhhvs9CD,3ASftqExPSXeJJA23,Gb2KErKQqjsaQonPP,hGRcYSxw4oXPpuiDB,2021-08-20T17:42:24Z
2Jacja8zPtfqhLojK,shR7v3vsqmhhvs9CD,AAKp4BwY6iiD2nkBF,Gb2KErKQqjsaQonPP,hGRcYSxw4oXPpuiDB,2021-08-20T17:42:24Z
srhSgpQxj66mhDHut,shR7v3vsqmhhvs9CD,YRXAcJsKMD4NrXF4h,Gb2KErKQqjsaQonPP,hGRcYSxw4oXPpuiDB,2021-08-20T17:42:24Z
rNZLi6MGzYgjjZfbs,shR7v3vsqmhhvs9CD,3ASftqExPSXeJJA23,YAA6adftHeahSeDnL,hGRcYSxw4oXPpuiDB,2021-08-20T17:42:24Z
wr3BAo7u9QCnhBLZc,shR7v3vsqmhhvs9CD,AAKp4BwY6iiD2nkBF,YAA6adftHeahSeDnL,hGRcYSxw4oXPpuiDB,2021-08-20T17:42:24Z
haZdPgcTJriZfhjMx,shR7v3vsqmhhvs9CD,YRXAcJsKMD4NrXF4h,YAA6adftHeahSeDnL,hGRcYSxw4oXPpuiDB,2021-08-20T17:42:24Z
GHdD88z2HS4fWcwgi,shR7v3vsqmhhvs9CD,3ASftqExPSXeJJA23,xdEd639vxskEnGBHo,hGRcYSxw4oXPpuiDB,2021-08-20T17:42:24Z
h24FK6t9Ri6CdjEiA,shR7v3vsqmhhvs9CD,AAKp4BwY6iiD2nkBF,xdEd639vxskEnGBHo,hGRcYSxw4oXPpuiDB,2021-08-20T17:42:24Z
vWyQJb7tj6Jy8k3nk,shR7v3vsqmhhvs9CD,YRXAcJsKMD4NrXF4h,xdEd639vxskEnGBHo,hGRcYSxw4oXPpuiDB,2021-08-20T17:42:24Z
obYTxQ9zFH3aguAHx,shR7v3vsqmhhvs9CD,3ASftqExPSXeJJA23,kisXThWNnF8MTo8hv,hGRcYSxw4oXPpuiDB,2021-08-20T17:42:24Z
TyWzvvHMPgAtJTk6w,shR7v3vsqmhhvs9CD,AAKp4BwY6iiD2nkBF,kisXThWNnF8MTo8hv,hGRcYSxw4oXPpuiDB,2021-08-20T17:42:24Z
jvrRRqmMmpDLHze2c,shR7v3vsqmhhvs9CD,YRXAcJsKMD4NrXF4h,kisXThWNnF8MTo8hv,hGRcYSxw4oXPpuiDB,2021-08-20T17:42:24Z
xoFifmLdoXHbGuvjz,shR7v3vsqmhhvs9CD,3ASftqExPSXeJJA23,89QcXPs8A79KJ5b69,hGRcYSxw4oXPpuiDB,2021-08-20T17:42:24Z
ZK7TNu3WhTary72fe,shR7v3vsqmhhvs9CD,AAKp4BwY6iiD2nkBF,89QcXPs8A79KJ5b69,hGRcYSxw4oXPpuiDB,2021-08-20T17:42:24Z
Beer536F5vqCETJv7,shR7v3vsqmhhvs9CD,YRXAcJsKMD4NrXF4h,89QcXPs8A79KJ5b69,hGRcYSxw4oXPpuiDB,2021-08-20T17:42:24Z
ZRafGPfmz8SDciCQE,shR7v3vsqmhhvs9CD,3ASftqExPSXeJJA23,EGjXmmctkAwgynSnH,hGRcYSxw4oXPpuiDB,2021-08-20T17:42:24Z
DApKy2fsDYMHisQXm,shR7v3vsqmhhvs9CD,AAKp4BwY6iiD2nkBF,EGjXmmctkAwgynSnH,hGRcYSxw4oXPpuiDB,2021-08-20T17:42:24Z
ehYxewQnyY4qufjjr,shR7v3vsqmhhvs9CD,YRXAcJsKMD4NrXF4h,EGjXmmctkAwgynSnH,hGRcYSxw4oXPpuiDB,2021-08-20T17:42:24Z
9znHeogFbuotZXBSo,shR7v3vsqmhhvs9CD,3ASftqExPSXeJJA23,JxxRt6eyb5fz5GaPo,hGRcYSxw4oXPpuiDB,2021-08-20T17:42:24Z
haAKzDLiNbFkpBtXS,shR7v3vsqmhhvs9CD,AAKp4BwY6iiD2nkBF,JxxRt6eyb5fz5GaPo,hGRcYSxw4oXPpuiDB,2021-08-20T17:42:24Z
CYzaJjyHQLhHfoExE,shR7v3vsqmhhvs9CD,YRXAcJsKMD4NrXF4h,JxxRt6eyb5fz5GaPo,hGRcYSxw4oXPpuiDB,2021-08-20T17:42:24Z
romKRvynEuAKAFBch,shR7v3vsqmhhvs9CD,3ASftqExPSXeJJA23,ZQtqEN3hMGzmPxu9Q,hGRcYSxw4oXPpuiDB,2021-08-20T17:42:24Z
h2HTvoBRsS9KfzKmE,shR7v3vsqmhhvs9CD,AAKp4BwY6iiD2nkBF,ZQtqEN3hMGzmPxu9Q,hGRcYSxw4oXPpuiDB,2021-08-20T17:42:24Z
pcQNmnMaJ2C99BhcJ,shR7v3vsqmhhvs9CD,YRXAcJsKMD4NrXF4h,ZQtqEN3hMGzmPxu9Q,hGRcYSxw4oXPpuiDB,2021-08-20T17:42:24Z
RzzPAPLCjQ9Lsegy8,seQBxdukiCWHDKa2e,CS4GSXSEz58nvL3i7,nCrsagfAFf4zMY59P,oRHBxXZ2WXgeQaySj,2021-08-20T17:43:11Z
XvCw8mvPfhgXw2iLW,seQBxdukiCWHDKa2e,Jm4BKLLPKhhmWfeGh,nCrsagfAFf4zMY59P,oRHBxXZ2WXgeQaySj,2021-08-20T17:43:11Z
o7JrKgbT9vDaMLmNS,seQBxdukiCWHDKa2e,WFjQ5udMzgWg34aWz,nCrsagfAFf4zMY59P,oRHBxXZ2WXgeQaySj,2021-08-20T17:43:11Z
9iDBRPD6AosKmeDug,seQBxdukiCWHDKa2e,CS4GSXSEz58nvL3i7,Z5d9vfv8PT4f6xG9s,oRHBxXZ2WXgeQaySj,2021-08-20T17:43:11Z
FCts9nwmcDpq7EFrf,seQBxdukiCWHDKa2e,Jm4BKLLPKhhmWfeGh,Z5d9vfv8PT4f6xG9s,oRHBxXZ2WXgeQaySj,2021-08-20T17:43:11Z
fGbNFFHxFykgvdZkY,seQBxdukiCWHDKa2e,WFjQ5udMzgWg34aWz,Z5d9vfv8PT4f6xG9s,oRHBxXZ2WXgeQaySj,2021-08-20T17:43:11Z
Rfwm3am2HDtkKpr9K,seQBxdukiCWHDKa2e,CS4GSXSEz58nvL3i7,4EQnK3rrKcsDAQrzn,oRHBxXZ2WXgeQaySj,2021-08-20T17:43:11Z
ZadWvgGtL7k8SGaZD,seQBxdukiCWHDKa2e,Jm4BKLLPKhhmWfeGh,4EQnK3rrKcsDAQrzn,oRHBxXZ2WXgeQaySj,2021-08-20T17:43:11Z
uRvudoJciFXkqxqDd,seQBxdukiCWHDKa2e,WFjQ5udMzgWg34aWz,4EQnK3rrKcsDAQrzn,oRHBxXZ2WXgeQaySj,2021-08-20T17:43:11Z
6YcMDyA4QQ39ri8gv,seQBxdukiCWHDKa2e,CS4GSXSEz58nvL3i7,coogGSXjGd6ApdHRW,oRHBxXZ2WXgeQaySj,2021-08-20T17:43:11Z
oM64XCNvHtcnN8Quo,seQBxdukiCWHDKa2e,Jm4BKLLPKhhmWfeGh,coogGSXjGd6ApdHRW,oRHBxXZ2WXgeQaySj,2021-08-20T17:43:11Z
Zc7SJaXDy5MFDjYb9,seQBxdukiCWHDKa2e,WFjQ5udMzgWg34aWz,coogGSXjGd6ApdHRW,oRHBxXZ2WXgeQaySj,2021-08-20T17:43:11Z
KCfEBRcpGbXGEu9Na,seQBxdukiCWHDKa2e,CS4GSXSEz58nvL3i7,BGBuExWNTuojX2M4u,oRHBxXZ2WXgeQaySj,2021-08-20T17:43:11Z
LRKeKEE4YpnZCzup5,seQBxdukiCWHDKa2e,Jm4BKLLPKhhmWfeGh,BGBuExWNTuojX2M4u,oRHBxXZ2WXgeQaySj,2021-08-20T17:43:11Z
WndmNay3ExZN3wmWY,seQBxdukiCWHDKa2e,WFjQ5udMzgWg34aWz,BGBuExWNTuojX2M4u,oRHBxXZ2WXgeQaySj,2021-08-20T17:43:11Z
r4yLqjQFoy93GFx2a,seQBxdukiCWHDKa2e,CS4GSXSEz58nvL3i7,pKzET23Y2EeT2vy3B,oRHBxXZ2WXgeQaySj,2021-08-20T17:43:11Z
GdAq24b2hRyx3L5k9,seQBxdukiCWHDKa2e,Jm4BKLLPKhhmWfeGh,pKzET23Y2EeT2vy3B,oRHBxXZ2WXgeQaySj,2021-08-20T17:43:11Z
xBJgQWaJpsbrZ74p8,seQBxdukiCWHDKa2e,WFjQ5udMzgWg34aWz,pKzET23Y2EeT2vy3B,oRHBxXZ2WXgeQaySj,2021-08-20T17:43:11Z
PqqFTa9dP9Eo3Jstr,seQBxdukiCWHDKa2e,CS4GSXSEz58nvL3i7,j2CTvBtpwAK5evf8g,oRHBxXZ2WXgeQaySj,2021-08-20T17:43:11Z
oDqHo5QnQg8sxg4og,seQBxdukiCWHDKa2e,Jm4BKLLPKhhmWfeGh,j2CTvBtpwAK5evf8g,oRHBxXZ2WXgeQaySj,2021-08-20T17:43:11Z
Y27YZJJPD7GZg7Dye,seQBxdukiCWHDKa2e,WFjQ5udMzgWg34aWz,j2CTvBtpwAK5evf8g,oRHBxXZ2WXgeQaySj,2021-08-20T17:43:11Z
qGLtXSGimyE72F86G,seQBxdukiCWHDKa2e,CS4GSXSEz58nvL3i7,N9SrNui5RcAeMqYFA,oRHBxXZ2WXgeQaySj,2021-08-20T17:43:11Z
6NwKjtvtPkSkxKh3J,seQBxdukiCWHDKa2e,Jm4BKLLPKhhmWfeGh,N9SrNui5RcAeMqYFA,oRHBxXZ2WXgeQaySj,2021-08-20T17:43:11Z
zEMW3jFpfd9Hrpo9S,seQBxdukiCWHDKa2e,WFjQ5udMzgWg34aWz,N9SrNui5RcAeMqYFA,oRHBxXZ2WXgeQaySj,2021-08-20T17:43:11Z
bjkKwHSdiDyFxDd9Q,seQBxdukiCWHDKa2e,CS4GSXSEz58nvL3i7,jaYEa8LuBp2YEDZwz,oRHBxXZ2WXgeQaySj,2021-08-20T17:43:11Z
JZ8wjncmghbby2yrp,seQBxdukiCWHDKa2e,Jm4BKLLPKhhmWfeGh,jaYEa8LuBp2YEDZwz,oRHBxXZ2WXgeQaySj,2021-08-20T17:43:11Z
k7icWEh7Apa9nkGp7,seQBxdukiCWHDKa2e,WFjQ5udMzgWg34aWz,jaYEa8LuBp2YEDZwz,oRHBxXZ2WXgeQaySj,2021-08-20T17:43:11Z
GGfDLQfkHJXRxmvJP,seQBxdukiCWHDKa2e,CS4GSXSEz58nvL3i7,cKrbXx44h7zg3TSSD,oRHBxXZ2WXgeQaySj,2021-08-20T17:43:11Z
ubHe3WGkKmwt6AzMf,seQBxdukiCWHDKa2e,Jm4BKLLPKhhmWfeGh,cKrbXx44h7zg3TSSD,oRHBxXZ2WXgeQaySj,2021-08-20T17:43:11Z
hYzhnjYutFXrnQdQf,seQBxdukiCWHDKa2e,WFjQ5udMzgWg34aWz,cKrbXx44h7zg3TSSD,oRHBxXZ2WXgeQaySj,2021-08-20T17:43:11Z
rtjtiuD6H4x9m9gyh,seQBxdukiCWHDKa2e,CS4GSXSEz58nvL3i7,2YjNDCEd9yBz7Q8uE,oRHBxXZ2WXgeQaySj,2021-08-20T17:43:11Z
79NWzXotRTx7jZgJo,seQBxdukiCWHDKa2e,Jm4BKLLPKhhmWfeGh,2YjNDCEd9yBz7Q8uE,oRHBxXZ2WXgeQaySj,2021-08-20T17:43:11Z
AQcod5HPg7y2QQCBB,seQBxdukiCWHDKa2e,WFjQ5udMzgWg34aWz,2YjNDCEd9yBz7Q8uE,oRHBxXZ2WXgeQaySj,2021-08-20T17:43:11Z
Ct4mResttyLrHYx62,seQBxdukiCWHDKa2e,CS4GSXSEz58nvL3i7,shmwnNqzsAvTeR7fb,oRHBxXZ2WXgeQaySj,2021-08-20T17:43:11Z
Dah7stmHdbKNz9XMA,seQBxdukiCWHDKa2e,Jm4BKLLPKhhmWfeGh,shmwnNqzsAvTeR7fb,oRHBxXZ2WXgeQaySj,2021-08-20T17:43:11Z
zH8qXgFk2ymYusKmS,seQBxdukiCWHDKa2e,WFjQ5udMzgWg34aWz,shmwnNqzsAvTeR7fb,oRHBxXZ2WXgeQaySj,2021-08-20T17:43:11Z
RzKoqC2qtnQwx5cas,seQBxdukiCWHDKa2e,CS4GSXSEz58nvL3i7,HDLpZjdxuXizcFwGj,oRHBxXZ2WXgeQaySj,2021-08-20T17:43:11Z
dstoegaoQzd7reET2,seQBxdukiCWHDKa2e,Jm4BKLLPKhhmWfeGh,HDLpZjdxuXizcFwGj,oRHBxXZ2WXgeQaySj,2021-08-20T17:43:11Z
PG3HmtFaFsxXabezP,seQBxdukiCWHDKa2e,WFjQ5udMzgWg34aWz,HDLpZjdxuXizcFwGj,oRHBxXZ2WXgeQaySj,2021-08-20T17:43:11Z
5QNf3JfRYopprKMhW,seQBxdukiCWHDKa2e,CS4GSXSEz58nvL3i7,dmX4HWBA5hQHLabrG,oRHBxXZ2WXgeQaySj,2021-08-20T17:43:11Z
dsRcvQ7wAFjxXsmja,seQBxdukiCWHDKa2e,Jm4BKLLPKhhmWfeGh,dmX4HWBA5hQHLabrG,oRHBxXZ2WXgeQaySj,2021-08-20T17:43:11Z
3fWF6r37bd7SRhLGP,seQBxdukiCWHDKa2e,WFjQ5udMzgWg34aWz,dmX4HWBA5hQHLabrG,oRHBxXZ2WXgeQaySj,2021-08-20T17:43:11Z
de78trbNymNRLQSmm,seQBxdukiCWHDKa2e,CS4GSXSEz58nvL3i7,dauPNyci2KiQXnaBj,oRHBxXZ2WXgeQaySj,2021-08-20T17:43:11Z
qF6jcJJrrSFaGYs3r,seQBxdukiCWHDKa2e,Jm4BKLLPKhhmWfeGh,dauPNyci2KiQXnaBj,oRHBxXZ2WXgeQaySj,2021-08-20T17:43:11Z
DwfbKpWLf6Q6XGFni,seQBxdukiCWHDKa2e,WFjQ5udMzgWg34aWz,dauPNyci2KiQXnaBj,oRHBxXZ2WXgeQaySj,2021-08-20T17:43:11Z
tmBp9NEDs8yzNdNPo,seQBxdukiCWHDKa2e,CS4GSXSEz58nvL3i7,cZoedABy8CSKANyHA,oRHBxXZ2WXgeQaySj,2021-08-20T17:43:11Z
4AWFvDWRcWEwtNWJP,seQBxdukiCWHDKa2e,Jm4BKLLPKhhmWfeGh,cZoedABy8CSKANyHA,oRHBxXZ2WXgeQaySj,2021-08-20T17:43:11Z
P2PiGR75A6GeamPJ8,seQBxdukiCWHDKa2e,WFjQ5udMzgWg34aWz,cZoedABy8CSKANyHA,oRHBxXZ2WXgeQaySj,2021-08-20T17:43:11Z
8ATqz6eFDEDJNv2Jk,seQBxdukiCWHDKa2e,CS4GSXSEz58nvL3i7,kEyrJuzEmQeHB6q5S,oRHBxXZ2WXgeQaySj,2021-08-20T17:43:11Z
asgMprAG9PAhPCDtE,seQBxdukiCWHDKa2e,Jm4BKLLPKhhmWfeGh,kEyrJuzEmQeHB6q5S,oRHBxXZ2WXgeQaySj,2021-08-20T17:43:11Z
6Y8GSAyRRLAYLfsm8,seQBxdukiCWHDKa2e,WFjQ5udMzgWg34aWz,kEyrJuzEmQeHB6q5S,oRHBxXZ2WXgeQaySj,2021-08-20T17:43:11Z
vXGwjkhKSufGQykSr,seQBxdukiCWHDKa2e,CS4GSXSEz58nvL3i7,viFNm7QFaJmHQXYoF,oRHBxXZ2WXgeQaySj,2021-08-20T17:43:11Z
4k3vMqyEecgipcGXQ,seQBxdukiCWHDKa2e,Jm4BKLLPKhhmWfeGh,viFNm7QFaJmHQXYoF,oRHBxXZ2WXgeQaySj,2021-08-20T17:43:11Z
9kFTSafjHG8doakhE,seQBxdukiCWHDKa2e,WFjQ5udMzgWg34aWz,viFNm7QFaJmHQXYoF,oRHBxXZ2WXgeQaySj,2021-08-20T17:43:11Z
3J8MKujP8xqqofC2s,seQBxdukiCWHDKa2e,CS4GSXSEz58nvL3i7,72tKNrmF2djhLcQbq,oRHBxXZ2WXgeQaySj,2021-08-20T17:43:11Z
PBvpkXHEJ2Tm5oPKK,seQBxdukiCWHDKa2e,Jm4BKLLPKhhmWfeGh,72tKNrmF2djhLcQbq,oRHBxXZ2WXgeQaySj,2021-08-20T17:43:11Z
JK2tgrkf2DGDu5gpA,seQBxdukiCWHDKa2e,WFjQ5udMzgWg34aWz,72tKNrmF2djhLcQbq,oRHBxXZ2WXgeQaySj,2021-08-20T17:43:11Z
MiuKjSB4xuMLnTtAW,seQBxdukiCWHDKa2e,CS4GSXSEz58nvL3i7,Ta7rYjPYzrToyMZCt,oRHBxXZ2WXgeQaySj,2021-08-20T17:43:11Z
cwtcNtGGsm9mxFYdt,seQBxdukiCWHDKa2e,Jm4BKLLPKhhmWfeGh,Ta7rYjPYzrToyMZCt,oRHBxXZ2WXgeQaySj,2021-08-20T17:43:11Z
8Pw2oRtKRS6xjipz2,seQBxdukiCWHDKa2e,WFjQ5udMzgWg34aWz,Ta7rYjPYzrToyMZCt,oRHBxXZ2WXgeQaySj,2021-08-20T17:43:11Z
XyrNtCyELvxtbB9NS,seQBxdukiCWHDKa2e,CS4GSXSEz58nvL3i7,xzaz5FnGqL8wzhf9k,oRHBxXZ2WXgeQaySj,2021-08-20T17:43:11Z
y4dYMvmnrmbYuJFkh,seQBxdukiCWHDKa2e,Jm4BKLLPKhhmWfeGh,xzaz5FnGqL8wzhf9k,oRHBxXZ2WXgeQaySj,2021-08-20T17:43:11Z
uSaKs6EkAHXy3jxzu,seQBxdukiCWHDKa2e,WFjQ5udMzgWg34aWz,xzaz5FnGqL8wzhf9k,oRHBxXZ2WXgeQaySj,2021-08-20T17:43:11Z
Teo8RwSwBu9pzDwEa,seQBxdukiCWHDKa2e,CS4GSXSEz58nvL3i7,SgnB4KNtFHpgqX8Bi,oRHBxXZ2WXgeQaySj,2021-08-20T17:43:11Z
bA4SJDiugDq6AmijF,seQBxdukiCWHDKa2e,Jm4BKLLPKhhmWfeGh,SgnB4KNtFHpgqX8Bi,oRHBxXZ2WXgeQaySj,2021-08-20T17:43:11Z
hRaXh8KbAEKNr3L8G,seQBxdukiCWHDKa2e,WFjQ5udMzgWg34aWz,SgnB4KNtFHpgqX8Bi,oRHBxXZ2WXgeQaySj,2021-08-20T17:43:11Z
Fa3cPouurkhccsbJJ,seQBxdukiCWHDKa2e,CS4GSXSEz58nvL3i7,Xfy5ChGBNqC24wMre,oRHBxXZ2WXgeQaySj,2021-08-20T17:43:11Z
Ape9S6BChDWb8a9pX,seQBxdukiCWHDKa2e,Jm4BKLLPKhhmWfeGh,Xfy5ChGBNqC24wMre,oRHBxXZ2WXgeQaySj,2021-08-20T17:43:11Z
WMibPqS588ZHBS8Gq,seQBxdukiCWHDKa2e,WFjQ5udMzgWg34aWz,Xfy5ChGBNqC24wMre,oRHBxXZ2WXgeQaySj,2021-08-20T17:43:11Z
XDuGMsrZcWNrSpw7G,seQBxdukiCWHDKa2e,CS4GSXSEz58nvL3i7,j4PoLxCFfQyH3reyy,oRHBxXZ2WXgeQaySj,2021-08-20T17:43:11Z
DiwjGKYsmdpmWa3iY,seQBxdukiCWHDKa2e,Jm4BKLLPKhhmWfeGh,j4PoLxCFfQyH3reyy,oRHBxXZ2WXgeQaySj,2021-08-20T17:43:11Z
YSgTWnLXqK3C9SPcv,seQBxdukiCWHDKa2e,WFjQ5udMzgWg34aWz,j4PoLxCFfQyH3reyy,oRHBxXZ2WXgeQaySj,2021-08-20T17:43:11Z
HNgy7KK9Aw5cZiSkg,FdvRcCcrTGuzkvfum,LobtN9LAFzJDcwYX3,Xjqw5wxR42XmZR6t2,qNm8xpZygmCnYj8rp,2021-08-20T17:43:23Z
Tpp2f8a8n2BQKBwMZ,FdvRcCcrTGuzkvfum,Q9bESc8hgPYqnzx2v,Xjqw5wxR42XmZR6t2,qNm8xpZygmCnYj8rp,2021-08-20T17:43:23Z
msvfd3THMb7WGtefP,FdvRcCcrTGuzkvfum,ysMH6WmAmuTADCu5b,Xjqw5wxR42XmZR6t2,qNm8xpZygmCnYj8rp,2021-08-20T17:43:23Z
XhxY4HSmQLA8Y8g7R,FdvRcCcrTGuzkvfum,LobtN9LAFzJDcwYX3,bRCnsiiw48HiYJkSf,qNm8xpZygmCnYj8rp,2021-08-20T17:43:23Z
9to7diX9AyHxHZmje,FdvRcCcrTGuzkvfum,Q9bESc8hgPYqnzx2v,bRCnsiiw48HiYJkSf,qNm8xpZygmCnYj8rp,2021-08-20T17:43:23Z
3wWdbYBnrmERMm3wR,FdvRcCcrTGuzkvfum,ysMH6WmAmuTADCu5b,bRCnsiiw48HiYJkSf,qNm8xpZygmCnYj8rp,2021-08-20T17:43:23Z
zF2m6L4vfQeJMAENR,FdvRcCcrTGuzkvfum,LobtN9LAFzJDcwYX3,y9JKRn7RkJiDeg2Jd,qNm8xpZygmCnYj8rp,2021-08-20T17:43:23Z
AMeb6HWizc2NQQJzG,FdvRcCcrTGuzkvfum,Q9bESc8hgPYqnzx2v,y9JKRn7RkJiDeg2Jd,qNm8xpZygmCnYj8rp,2021-08-20T17:43:23Z
kTKgYs36pWFYhQ8P9,FdvRcCcrTGuzkvfum,ysMH6WmAmuTADCu5b,y9JKRn7RkJiDeg2Jd,qNm8xpZygmCnYj8rp,2021-08-20T17:43:23Z
95YBxHubCdWxXGwRE,FdvRcCcrTGuzkvfum,LobtN9LAFzJDcwYX3,62STbfaqDr5s8fet2,qNm8xpZygmCnYj8rp,2021-08-20T17:43:23Z
vQkaGpdQ7fonhPfNt,FdvRcCcrTGuzkvfum,Q9bESc8hgPYqnzx2v,62STbfaqDr5s8fet2,qNm8xpZygmCnYj8rp,2021-08-20T17:43:23Z
eDN8xDRtgTwySotuS,FdvRcCcrTGuzkvfum,ysMH6WmAmuTADCu5b,62STbfaqDr5s8fet2,qNm8xpZygmCnYj8rp,2021-08-20T17:43:23Z
x6A7WiTgLg4WdpvMJ,FdvRcCcrTGuzkvfum,LobtN9LAFzJDcwYX3,wTdSeLE97e8LHu9HF,qNm8xpZygmCnYj8rp,2021-08-20T17:43:23Z
H6uX4wZoQP6R2zpvb,FdvRcCcrTGuzkvfum,Q9bESc8hgPYqnzx2v,wTdSeLE97e8LHu9HF,qNm8xpZygmCnYj8rp,2021-08-20T17:43:23Z
SmGzeGc3GdJsDjZXd,FdvRcCcrTGuzkvfum,ysMH6WmAmuTADCu5b,wTdSeLE97e8LHu9HF,qNm8xpZygmCnYj8rp,2021-08-20T17:43:23Z
dWWT32bfeTL63KXvh,FdvRcCcrTGuzkvfum,LobtN9LAFzJDcwYX3,5FRvv6FBgM3AspxG2,qNm8xpZygmCnYj8rp,2021-08-20T17:43:23Z
gyr6wfDvaGinA7Fi6,FdvRcCcrTGuzkvfum,Q9bESc8hgPYqnzx2v,5FRvv6FBgM3AspxG2,qNm8xpZygmCnYj8rp,2021-08-20T17:43:23Z
HQfj7z3j3eLF3XWxJ,FdvRcCcrTGuzkvfum,ysMH6WmAmuTADCu5b,5FRvv6FBgM3AspxG2,qNm8xpZygmCnYj8rp,2021-08-20T17:43:23Z
XQSBcPdmCQmtnrbBj,FdvRcCcrTGuzkvfum,LobtN9LAFzJDcwYX3,eHShrDcpmzft9QaP4,qNm8xpZygmCnYj8rp,2021-08-20T17:43:23Z
CNbszbFLaoHkivWve,FdvRcCcrTGuzkvfum,Q9bESc8hgPYqnzx2v,eHShrDcpmzft9QaP4,qNm8xpZygmCnYj8rp,2021-08-20T17:43:23Z
G8zZpc68qhh7q37oJ,FdvRcCcrTGuzkvfum,ysMH6WmAmuTADCu5b,eHShrDcpmzft9QaP4,qNm8xpZygmCnYj8rp,2021-08-20T17:43:23Z
uKKWueLCNeqsdrSqu,FdvRcCcrTGuzkvfum,LobtN9LAFzJDcwYX3,ZrS8sMRkCDRAHMwxh,qNm8xpZygmCnYj8rp,2021-08-20T17:43:23Z
m6CovZR7SgtYmN76p,FdvRcCcrTGuzkvfum,Q9bESc8hgPYqnzx2v,ZrS8sMRkCDRAHMwxh,qNm8xpZygmCnYj8rp,2021-08-20T17:43:23Z
kDd7WjSnfwwuJv3BW,FdvRcCcrTGuzkvfum,ysMH6WmAmuTADCu5b,ZrS8sMRkCDRAHMwxh,qNm8xpZygmCnYj8rp,2021-08-20T17:43:23Z
F8GXrP6iQ726LtxMj,FdvRcCcrTGuzkvfum,LobtN9LAFzJDcwYX3,PDJGMjLhmaQR7aJAm,qNm8xpZygmCnYj8rp,2021-08-20T17:43:23Z
6b6PYyJ3msc3hej7F,FdvRcCcrTGuzkvfum,Q9bESc8hgPYqnzx2v,PDJGMjLhmaQR7aJAm,qNm8xpZygmCnYj8rp,2021-08-20T17:43:23Z
JjLsMWADuEMJCWbs3,FdvRcCcrTGuzkvfum,ysMH6WmAmuTADCu5b,PDJGMjLhmaQR7aJAm,qNm8xpZygmCnYj8rp,2021-08-20T17:43:23Z
ShM7m5geNXfE2mmyB,FdvRcCcrTGuzkvfum,LobtN9LAFzJDcwYX3,3ETpbvxumr2cYSai6,qNm8xpZygmCnYj8rp,2021-08-20T17:43:23Z
46H9K45MGY57BryAc,FdvRcCcrTGuzkvfum,Q9bESc8hgPYqnzx2v,3ETpbvxumr2cYSai6,qNm8xpZygmCnYj8rp,2021-08-20T17:43:23Z
SxfcM5Lxm4bdAALP4,FdvRcCcrTGuzkvfum,ysMH6WmAmuTADCu5b,3ETpbvxumr2cYSai6,qNm8xpZygmCnYj8rp,2021-08-20T17:43:23Z
Gjuj5AFHfn2Dshrff,FdvRcCcrTGuzkvfum,LobtN9LAFzJDcwYX3,f5efSyio2AqXKiiLm,qNm8xpZygmCnYj8rp,2021-08-20T17:43:23Z
QhsE2TNz8a8F4vJBB,FdvRcCcrTGuzkvfum,Q9bESc8hgPYqnzx2v,f5efSyio2AqXKiiLm,qNm8xpZygmCnYj8rp,2021-08-20T17:43:23Z
Ys2wLswXDHLxGbsTo,FdvRcCcrTGuzkvfum,ysMH6WmAmuTADCu5b,f5efSyio2AqXKiiLm,qNm8xpZygmCnYj8rp,2021-08-20T17:43:23Z
8oHcuDkR9nzpN8dMx,FdvRcCcrTGuzkvfum,LobtN9LAFzJDcwYX3,ReTeS7Zt55AMbvEsG,qNm8xpZygmCnYj8rp,2021-08-20T17:43:23Z
Xb869T4NYkxe8CJ6f,FdvRcCcrTGuzkvfum,Q9bESc8hgPYqnzx2v,ReTeS7Zt55AMbvEsG,qNm8xpZygmCnYj8rp,2021-08-20T17:43:23Z
AHamCRF9EBvzkG7aq,FdvRcCcrTGuzkvfum,ysMH6WmAmuTADCu5b,ReTeS7Zt55AMbvEsG,qNm8xpZygmCnYj8rp,2021-08-20T17:43:23Z
MrCaWiJbBqgc6fZne,FdvRcCcrTGuzkvfum,LobtN9LAFzJDcwYX3,7sWB9LheLXCt5NcdJ,qNm8xpZygmCnYj8rp,2021-08-20T17:43:23Z
HG4s6hKib6WTKiMtd,FdvRcCcrTGuzkvfum,Q9bESc8hgPYqnzx2v,7sWB9LheLXCt5NcdJ,qNm8xpZygmCnYj8rp,2021-08-20T17:43:23Z
gGywopy546afTAKZM,FdvRcCcrTGuzkvfum,ysMH6WmAmuTADCu5b,7sWB9LheLXCt5NcdJ,qNm8xpZygmCnYj8rp,2021-08-20T17:43:23Z
iGNDpRXjPqxfteEZW,FdvRcCcrTGuzkvfum,LobtN9LAFzJDcwYX3,KXvjCpCQD48oZjvs4,qNm8xpZygmCnYj8rp,2021-08-20T17:43:23Z
uBfTeqooP4dtEGwze,FdvRcCcrTGuzkvfum,Q9bESc8hgPYqnzx2v,KXvjCpCQD48oZjvs4,qNm8xpZygmCnYj8rp,2021-08-20T17:43:23Z
JpCquv69KgmJLAbdR,FdvRcCcrTGuzkvfum,ysMH6WmAmuTADCu5b,KXvjCpCQD48oZjvs4,qNm8xpZygmCnYj8rp,2021-08-20T17:43:23Z
2khpfNiYbwE6TyGRW,FdvRcCcrTGuzkvfum,LobtN9LAFzJDcwYX3,xfSZcsAa8hWYstBz5,qNm8xpZygmCnYj8rp,2021-08-20T17:43:23Z
AevAK7ibCq5kdE36A,FdvRcCcrTGuzkvfum,Q9bESc8hgPYqnzx2v,xfSZcsAa8hWYstBz5,qNm8xpZygmCnYj8rp,2021-08-20T17:43:23Z
a6TSbzr5qtzXAtMBG,FdvRcCcrTGuzkvfum,ysMH6WmAmuTADCu5b,xfSZcsAa8hWYstBz5,qNm8xpZygmCnYj8rp,2021-08-20T17:43:23Z
GYCj9M4iMv49hS6ae,FdvRcCcrTGuzkvfum,LobtN9LAFzJDcwYX3,f8jNzodTojMJWnw8X,qNm8xpZygmCnYj8rp,2021-08-20T17:43:23Z
Y2PMXpkbPQ7Qun5v9,FdvRcCcrTGuzkvfum,Q9bESc8hgPYqnzx2v,f8jNzodTojMJWnw8X,qNm8xpZygmCnYj8rp,2021-08-20T17:43:23Z
s36xbhzkDLqTqAjiL,FdvRcCcrTGuzkvfum,ysMH6WmAmuTADCu5b,f8jNzodTojMJWnw8X,qNm8xpZygmCnYj8rp,2021-08-20T17:43:23Z
5vX6wymYTcAYyqAbJ,FdvRcCcrTGuzkvfum,LobtN9LAFzJDcwYX3,f5beYpMzRYSjyBmBo,qNm8xpZygmCnYj8rp,2021-08-20T17:43:23Z
Mj7FaMfpk7iJHWpwv,FdvRcCcrTGuzkvfum,Q9bESc8hgPYqnzx2v,f5beYpMzRYSjyBmBo,qNm8xpZygmCnYj8rp,2021-08-20T17:43:23Z
56gqupa5ArXL9PEHK,FdvRcCcrTGuzkvfum,ysMH6WmAmuTADCu5b,f5beYpMzRYSjyBmBo,qNm8xpZygmCnYj8rp,2021-08-20T17:43:23Z
rbbPrgds78C2WZcLZ,FdvRcCcrTGuzkvfum,LobtN9LAFzJDcwYX3,F8skJ3fmEXqMYEjDd,qNm8xpZygmCnYj8rp,2021-08-20T17:43:23Z
LeysqwWavvmkGhHE5,FdvRcCcrTGuzkvfum,Q9bESc8hgPYqnzx2v,F8skJ3fmEXqMYEjDd,qNm8xpZygmCnYj8rp,2021-08-20T17:43:23Z
wS5syPdL3qCQ6dY5v,FdvRcCcrTGuzkvfum,ysMH6WmAmuTADCu5b,F8skJ3fmEXqMYEjDd,qNm8xpZygmCnYj8rp,2021-08-20T17:43:23Z
WEAEDDhQwDzuCZKyb,FdvRcCcrTGuzkvfum,LobtN9LAFzJDcwYX3,xpBxzam2u24CWmT5Y,qNm8xpZygmCnYj8rp,2021-08-20T17:43:23Z
3DE9H5JdCnfNeB3L7,FdvRcCcrTGuzkvfum,Q9bESc8hgPYqnzx2v,xpBxzam2u24CWmT5Y,qNm8xpZygmCnYj8rp,2021-08-20T17:43:23Z
4dRhMaLQmr2wSptkY,FdvRcCcrTGuzkvfum,ysMH6WmAmuTADCu5b,xpBxzam2u24CWmT5Y,qNm8xpZygmCnYj8rp,2021-08-20T17:43:23Z
muMcyhe6WHy2qFHCa,FdvRcCcrTGuzkvfum,LobtN9LAFzJDcwYX3,ByE7riQuBLB8wCSuq,qNm8xpZygmCnYj8rp,2021-08-20T17:43:23Z
vaH7HpaKAZANB95Gk,FdvRcCcrTGuzkvfum,Q9bESc8hgPYqnzx2v,ByE7riQuBLB8wCSuq,qNm8xpZygmCnYj8rp,2021-08-20T17:43:23Z
WT8nSDKHaJWdJ9TC5,FdvRcCcrTGuzkvfum,ysMH6WmAmuTADCu5b,ByE7riQuBLB8wCSuq,qNm8xpZygmCnYj8rp,2021-08-20T17:43:23Z
hRA8ZLscdxq6Zqueu,FdvRcCcrTGuzkvfum,LobtN9LAFzJDcwYX3,k8uzXDXWmctHLkpt6,qNm8xpZygmCnYj8rp,2021-08-20T17:43:23Z
wwd3WFpLr2WEyhnFP,FdvRcCcrTGuzkvfum,Q9bESc8hgPYqnzx2v,k8uzXDXWmctHLkpt6,qNm8xpZygmCnYj8rp,2021-08-20T17:43:23Z
nvRdiWLNjpQ2uysSP,FdvRcCcrTGuzkvfum,ysMH6WmAmuTADCu5b,k8uzXDXWmctHLkpt6,qNm8xpZygmCnYj8rp,2021-08-20T17:43:23Z
8nxQKR3oyRan2ChGf,FdvRcCcrTGuzkvfum,LobtN9LAFzJDcwYX3,MAxn5cQiNX6pDgNxW,qNm8xpZygmCnYj8rp,2021-08-20T17:43:23Z
wcv85zE8c5EfgKdZW,FdvRcCcrTGuzkvfum,Q9bESc8hgPYqnzx2v,MAxn5cQiNX6pDgNxW,qNm8xpZygmCnYj8rp,2021-08-20T17:43:23Z
9aChtrcmKEBH6ePYw,FdvRcCcrTGuzkvfum,ysMH6WmAmuTADCu5b,MAxn5cQiNX6pDgNxW,qNm8xpZygmCnYj8rp,2021-08-20T17:43:23Z
9pLZWCQKMnQsSo5yB,FdvRcCcrTGuzkvfum,LobtN9LAFzJDcwYX3,fkC3urnSiopFieriD,qNm8xpZygmCnYj8rp,2021-08-20T17:43:23Z
CPnGGegnsdT2Fp6K3,FdvRcCcrTGuzkvfum,Q9bESc8hgPYqnzx2v,fkC3urnSiopFieriD,qNm8xpZygmCnYj8rp,2021-08-20T17:43:23Z
zG3qzr3miATB9eXHe,FdvRcCcrTGuzkvfum,ysMH6WmAmuTADCu5b,fkC3urnSiopFieriD,qNm8xpZygmCnYj8rp,2021-08-20T17:43:23Z
QPRcWSidmfHX5hkNK,FdvRcCcrTGuzkvfum,LobtN9LAFzJDcwYX3,HBom9ndfcvuaZzfsz,qNm8xpZygmCnYj8rp,2021-08-20T17:43:23Z
ZkTH3gi4LJuom6zYL,FdvRcCcrTGuzkvfum,Q9bESc8hgPYqnzx2v,HBom9ndfcvuaZzfsz,qNm8xpZygmCnYj8rp,2021-08-20T17:43:23Z
fcvpzr4NajBbh5eEj,FdvRcCcrTGuzkvfum,ysMH6WmAmuTADCu5b,HBom9ndfcvuaZzfsz,qNm8xpZygmCnYj8rp,2021-08-20T17:43:23Z
Mzgi38bxgCsAqjZ3Q,2Xp9JWP4w6RDS7kq5,DSWYfiXRWqEQM8SwB,Kcgmz6m78ATWc6qCt,mbMCuXP8H4R4x2BHM,2021-08-20T17:44:07Z
Esq5EBFNrbFWkrwgp,2Xp9JWP4w6RDS7kq5,Pk2f6o9n4Pfqbuf6G,Kcgmz6m78ATWc6qCt,mbMCuXP8H4R4x2BHM,2021-08-20T17:44:07Z
DDtRNf4jBJvFtRKvm,2Xp9JWP4w6RDS7kq5,eWmchrWjpfx42wxKm,Kcgmz6m78ATWc6qCt,mbMCuXP8H4R4x2BHM,2021-08-20T17:44:07Z
8rwM7XbwyeJg8FD5k,2Xp9JWP4w6RDS7kq5,DSWYfiXRWqEQM8SwB,dSowkxdsr5eS4kd5s,mbMCuXP8H4R4x2BHM,2021-08-20T17:44:07Z
stZpiXY6AWzrHKMSR,2Xp9JWP4w6RDS7kq5,Pk2f6o9n4Pfqbuf6G,dSowkxdsr5eS4kd5s,mbMCuXP8H4R4x2BHM,2021-08-20T17:44:07Z
hASaTA7868ZqwvFSk,2Xp9JWP4w6RDS7kq5,eWmchrWjpfx42wxKm,dSowkxdsr5eS4kd5s,mbMCuXP8H4R4x2BHM,2021-08-20T17:44:07Z
k9QNsc62mEmis5jeE,2Xp9JWP4w6RDS7kq5,DSWYfiXRWqEQM8SwB,simZpHwRdfceANvg6,mbMCuXP8H4R4x2BHM,2021-08-20T17:44:07Z
RTnyB5pZsgTHMW62v,2Xp9JWP4w6RDS7kq5,Pk2f6o9n4Pfqbuf6G,simZpHwRdfceANvg6,mbMCuXP8H4R4x2BHM,2021-08-20T17:44:07Z
xmwwep2xqfoAsrznB,2Xp9JWP4w6RDS7kq5,eWmchrWjpfx42wxKm,simZpHwRdfceANvg6,mbMCuXP8H4R4x2BHM,2021-08-20T17:44:07Z
5wbh7t8jcSgaNousZ,2Xp9JWP4w6RDS7kq5,DSWYfiXRWqEQM8SwB,D75qF3deutXzPD5Q9,mbMCuXP8H4R4x2BHM,2021-08-20T17:44:07Z
NhWxaPkiFPAE3AfdA,2Xp9JWP4w6RDS7kq5,Pk2f6o9n4Pfqbuf6G,D75qF3deutXzPD5Q9,mbMCuXP8H4R4x2BHM,2021-08-20T17:44:07Z
FRbgZRsoKLjkavC5g,2Xp9JWP4w6RDS7kq5,eWmchrWjpfx42wxKm,D75qF3deutXzPD5Q9,mbMCuXP8H4R4x2BHM,2021-08-20T17:44:07Z
4icCwQrGxWmtYgFAG,2Xp9JWP4w6RDS7kq5,DSWYfiXRWqEQM8SwB,N4HTZ4dEmenCr8Gq6,mbMCuXP8H4R4x2BHM,2021-08-20T17:44:07Z
5oWpZM2SpdFeFCcSk,2Xp9JWP4w6RDS7kq5,Pk2f6o9n4Pfqbuf6G,N4HTZ4dEmenCr8Gq6,mbMCuXP8H4R4x2BHM,2021-08-20T17:44:07Z
ehmQmzn9g9shTpNFy,2Xp9JWP4w6RDS7kq5,eWmchrWjpfx42wxKm,N4HTZ4dEmenCr8Gq6,mbMCuXP8H4R4x2BHM,2021-08-20T17:44:07Z
3KCK6tQuLJbCbbYyn,2Xp9JWP4w6RDS7kq5,DSWYfiXRWqEQM8SwB,pswF7YG3iLwno4Pn4,mbMCuXP8H4R4x2BHM,2021-08-20T17:44:07Z
hnKQs6TH39RK3vP6u,2Xp9JWP4w6RDS7kq5,Pk2f6o9n4Pfqbuf6G,pswF7YG3iLwno4Pn4,mbMCuXP8H4R4x2BHM,2021-08-20T17:44:07Z
X9rBDPpPqiB8hSPjt,2Xp9JWP4w6RDS7kq5,eWmchrWjpfx42wxKm,pswF7YG3iLwno4Pn4,mbMCuXP8H4R4x2BHM,2021-08-20T17:44:07Z
JgZm9PbSFgteW7tcj,2Xp9JWP4w6RDS7kq5,DSWYfiXRWqEQM8SwB,upR8hgqb9s88rabdr,mbMCuXP8H4R4x2BHM,2021-08-20T17:44:07Z
hHCfwAzqwoxasxYxR,2Xp9JWP4w6RDS7kq5,Pk2f6o9n4Pfqbuf6G,upR8hgqb9s88rabdr,mbMCuXP8H4R4x2BHM,2021-08-20T17:44:07Z
EBDYG45SAdAry3NMo,2Xp9JWP4w6RDS7kq5,eWmchrWjpfx42wxKm,upR8hgqb9s88rabdr,mbMCuXP8H4R4x2BHM,2021-08-20T17:44:07Z
yjdm3XuxB7CixT4oQ,2Xp9JWP4w6RDS7kq5,DSWYfiXRWqEQM8SwB,3MQncqqjcvtxq7w66,mbMCuXP8H4R4x2BHM,2021-08-20T17:44:07Z
rpCwgSEgmdE5MDLMK,2Xp9JWP4w6RDS7kq5,Pk2f6o9n4Pfqbuf6G,3MQncqqjcvtxq7w66,mbMCuXP8H4R4x2BHM,2021-08-20T17:44:07Z
Jv6BbNhShCJtvFF3H,2Xp9JWP4w6RDS7kq5,eWmchrWjpfx42wxKm,3MQncqqjcvtxq7w66,mbMCuXP8H4R4x2BHM,2021-08-20T17:44:07Z
hqEmifXcW5EnGC6pG,2Xp9JWP4w6RDS7kq5,DSWYfiXRWqEQM8SwB,Lo6mbcebzi4LJNcmC,mbMCuXP8H4R4x2BHM,2021-08-20T17:44:07Z
jjCN3m5sKY7HXPLwj,2Xp9JWP4w6RDS7kq5,Pk2f6o9n4Pfqbuf6G,Lo6mbcebzi4LJNcmC,mbMCuXP8H4R4x2BHM,2021-08-20T17:44:07Z
cQYEpKknwXxJe2yXa,2Xp9JWP4w6RDS7kq5,eWmchrWjpfx42wxKm,Lo6mbcebzi4LJNcmC,mbMCuXP8H4R4x2BHM,2021-08-20T17:44:07Z
YfqpiKo2dk5wz9Xfg,2Xp9JWP4w6RDS7kq5,DSWYfiXRWqEQM8SwB,6GsrwAdyjE7kBH5MA,mbMCuXP8H4R4x2BHM,2021-08-20T17:44:07Z
w32rxDsiNu4Bb9crK,2Xp9JWP4w6RDS7kq5,Pk2f6o9n4Pfqbuf6G,6GsrwAdyjE7kBH5MA,mbMCuXP8H4R4x2BHM,2021-08-20T17:44:07Z
JCbdHCcAmD9kLQNMr,2Xp9JWP4w6RDS7kq5,eWmchrWjpfx42wxKm,6GsrwAdyjE7kBH5MA,mbMCuXP8H4R4x2BHM,2021-08-20T17:44:07Z
SwYd2tabvbY3SKAam,2Xp9JWP4w6RDS7kq5,DSWYfiXRWqEQM8SwB,vom9TY5Yh69qXYnEu,mbMCuXP8H4R4x2BHM,2021-08-20T17:44:07Z
fxhQ4o5gzPcTv6uM5,2Xp9JWP4w6RDS7kq5,Pk2f6o9n4Pfqbuf6G,vom9TY5Yh69qXYnEu,mbMCuXP8H4R4x2BHM,2021-08-20T17:44:07Z
ffpFguXzTHeYoPPaF,2Xp9JWP4w6RDS7kq5,eWmchrWjpfx42wxKm,vom9TY5Yh69qXYnEu,mbMCuXP8H4R4x2BHM,2021-08-20T17:44:07Z
r7gpSxyehcxwz6Ekc,2Xp9JWP4w6RDS7kq5,DSWYfiXRWqEQM8SwB,FxEn7GXjcNvztiera,mbMCuXP8H4R4x2BHM,2021-08-20T17:44:07Z
hxR3qQM7Dtq9yN739,2Xp9JWP4w6RDS7kq5,Pk2f6o9n4Pfqbuf6G,FxEn7GXjcNvztiera,mbMCuXP8H4R4x2BHM,2021-08-20T17:44:07Z
wKezNtCyBEpZ7haPi,2Xp9JWP4w6RDS7kq5,eWmchrWjpfx42wxKm,FxEn7GXjcNvztiera,mbMCuXP8H4R4x2BHM,2021-08-20T17:44:07Z
HcsnjeKonzks4Mn2d,2Xp9JWP4w6RDS7kq5,DSWYfiXRWqEQM8SwB,CJ6fzxMbs8heHwrqr,mbMCuXP8H4R4x2BHM,2021-08-20T17:44:07Z
QDxs6KnzcNHbdSx7d,2Xp9JWP4w6RDS7kq5,Pk2f6o9n4Pfqbuf6G,CJ6fzxMbs8heHwrqr,mbMCuXP8H4R4x2BHM,2021-08-20T17:44:07Z
jKAW8J9ik6ttRDgFi,2Xp9JWP4w6RDS7kq5,eWmchrWjpfx42wxKm,CJ6fzxMbs8heHwrqr,mbMCuXP8H4R4x2BHM,2021-08-20T17:44:07Z
LErLtJXHTbZcNsaPC,2Xp9JWP4w6RDS7kq5,DSWYfiXRWqEQM8SwB,6ysQc5NfPf2hqsu7y,mbMCuXP8H4R4x2BHM,2021-08-20T17:44:07Z
nozHwKbAikqtp5hQ4,2Xp9JWP4w6RDS7kq5,Pk2f6o9n4Pfqbuf6G,6ysQc5NfPf2hqsu7y,mbMCuXP8H4R4x2BHM,2021-08-20T17:44:07Z
baH3ZBa6jMGwuvr7p,2Xp9JWP4w6RDS7kq5,eWmchrWjpfx42wxKm,6ysQc5NfPf2hqsu7y,mbMCuXP8H4R4x2BHM,2021-08-20T17:44:07Z
x3t5iiikC7jbeGao4,2Xp9JWP4w6RDS7kq5,DSWYfiXRWqEQM8SwB,R4JxX4qrWT4zk8tWE,mbMCuXP8H4R4x2BHM,2021-08-20T17:44:07Z
bnhn3DTHQbeJQ7Fog,2Xp9JWP4w6RDS7kq5,Pk2f6o9n4Pfqbuf6G,R4JxX4qrWT4zk8tWE,mbMCuXP8H4R4x2BHM,2021-08-20T17:44:07Z
cdYSoJnb69DFDf6Ea,2Xp9JWP4w6RDS7kq5,eWmchrWjpfx42wxKm,R4JxX4qrWT4zk8tWE,mbMCuXP8H4R4x2BHM,2021-08-20T17:44:07Z
pDgSZBZZdNnGnrkZ3,2Xp9JWP4w6RDS7kq5,DSWYfiXRWqEQM8SwB,TNqFLsZuABxfqKnqm,mbMCuXP8H4R4x2BHM,2021-08-20T17:44:07Z
ruvSHL6H2ERYrCgJ9,2Xp9JWP4w6RDS7kq5,Pk2f6o9n4Pfqbuf6G,TNqFLsZuABxfqKnqm,mbMCuXP8H4R4x2BHM,2021-08-20T17:44:07Z
6w9goRLh2bCSYLhGC,2Xp9JWP4w6RDS7kq5,eWmchrWjpfx42wxKm,TNqFLsZuABxfqKnqm,mbMCuXP8H4R4x2BHM,2021-08-20T17:44:07Z
r7kTba6c9DjEuR4ZT,2Xp9JWP4w6RDS7kq5,DSWYfiXRWqEQM8SwB,kFbgtXG9P6LgCQ2mL,mbMCuXP8H4R4x2BHM,2021-08-20T17:44:07Z
xfFHbz4BN9EbnEdwx,2Xp9JWP4w6RDS7kq5,Pk2f6o9n4Pfqbuf6G,kFbgtXG9P6LgCQ2mL,mbMCuXP8H4R4x2BHM,2021-08-20T17:44:07Z
3PaQSvBcBo6EijiEo,2Xp9JWP4w6RDS7kq5,eWmchrWjpfx42wxKm,kFbgtXG9P6LgCQ2mL,mbMCuXP8H4R4x2BHM,2021-08-20T17:44:07Z
kiKL7fgT8j5RCSNKL,2Xp9JWP4w6RDS7kq5,DSWYfiXRWqEQM8SwB,yEBt4kgoMeLePJCnL,mbMCuXP8H4R4x2BHM,2021-08-20T17:44:07Z
GGWj2Lon9SqHwq9SN,2Xp9JWP4w6RDS7kq5,Pk2f6o9n4Pfqbuf6G,yEBt4kgoMeLePJCnL,mbMCuXP8H4R4x2BHM,2021-08-20T17:44:07Z
bQYSM9fsMXPbjBWpY,2Xp9JWP4w6RDS7kq5,eWmchrWjpfx42wxKm,yEBt4kgoMeLePJCnL,mbMCuXP8H4R4x2BHM,2021-08-20T17:44:07Z
HjFEepXj6bS6ygror,2Xp9JWP4w6RDS7kq5,DSWYfiXRWqEQM8SwB,XKXDNJqSuGPewayrG,mbMCuXP8H4R4x2BHM,2021-08-20T17:44:07Z
QFSLd29uRhgQhoQvJ,2Xp9JWP4w6RDS7kq5,Pk2f6o9n4Pfqbuf6G,XKXDNJqSuGPewayrG,mbMCuXP8H4R4x2BHM,2021-08-20T17:44:07Z
Mz3qECEDbtZNg5ySF,2Xp9JWP4w6RDS7kq5,eWmchrWjpfx42wxKm,XKXDNJqSuGPewayrG,mbMCuXP8H4R4x2BHM,2021-08-20T17:44:07Z
BmwvpZxuprbtRD8Y7,2Xp9JWP4w6RDS7kq5,DSWYfiXRWqEQM8SwB,edDfv4nTmzXdcpqvF,mbMCuXP8H4R4x2BHM,2021-08-20T17:44:07Z
q68ASz2BRoEApBNKp,2Xp9JWP4w6RDS7kq5,Pk2f6o9n4Pfqbuf6G,edDfv4nTmzXdcpqvF,mbMCuXP8H4R4x2BHM,2021-08-20T17:44:07Z
RmJxg5zoaXHmymBuN,2Xp9JWP4w6RDS7kq5,eWmchrWjpfx42wxKm,edDfv4nTmzXdcpqvF,mbMCuXP8H4R4x2BHM,2021-08-20T17:44:07Z
3ubdmssgrT2r2qu2p,2Xp9JWP4w6RDS7kq5,DSWYfiXRWqEQM8SwB,NNsGqj6JEdxdfoX5f,mbMCuXP8H4R4x2BHM,2021-08-20T17:44:07Z
PFwb5XmHFKjciqLKY,2Xp9JWP4w6RDS7kq5,Pk2f6o9n4Pfqbuf6G,NNsGqj6JEdxdfoX5f,mbMCuXP8H4R4x2BHM,2021-08-20T17:44:07Z
WcLzN76iBnpMGXb8P,2Xp9JWP4w6RDS7kq5,eWmchrWjpfx42wxKm,NNsGqj6JEdxdfoX5f,mbMCuXP8H4R4x2BHM,2021-08-20T17:44:07Z
jRmbA7SdihgZPLQpo,2Xp9JWP4w6RDS7kq5,DSWYfiXRWqEQM8SwB,v8y94RtKR4qgn9dgu,mbMCuXP8H4R4x2BHM,2021-08-20T17:44:07Z
KzvffMoruStLthAdG,2Xp9JWP4w6RDS7kq5,Pk2f6o9n4Pfqbuf6G,v8y94RtKR4qgn9dgu,mbMCuXP8H4R4x2BHM,2021-08-20T17:44:07Z
tfxFeDz5j5DgJJiEG,2Xp9JWP4w6RDS7kq5,eWmchrWjpfx42wxKm,v8y94RtKR4qgn9dgu,mbMCuXP8H4R4x2BHM,2021-08-20T17:44:07Z
mwK4gTxeMSBscb4jS,2Xp9JWP4w6RDS7kq5,DSWYfiXRWqEQM8SwB,26JKavDzen8kpnA6b,mbMCuXP8H4R4x2BHM,2021-08-20T17:44:07Z
6oW3ssu5E3HrAL6Qy,2Xp9JWP4w6RDS7kq5,Pk2f6o9n4Pfqbuf6G,26JKavDzen8kpnA6b,mbMCuXP8H4R4x2BHM,2021-08-20T17:44:07Z
cgxD9xPgfPWJegZLg,2Xp9JWP4w6RDS7kq5,eWmchrWjpfx42wxKm,26JKavDzen8kpnA6b,mbMCuXP8H4R4x2BHM,2021-08-20T17:44:07Z
kAkAotPWyZhvfJ33i,2Xp9JWP4w6RDS7kq5,DSWYfiXRWqEQM8SwB,qKp8fQaCCGzssH3yG,mbMCuXP8H4R4x2BHM,2021-08-20T17:44:07Z
aMzeRmJLsZHbhA5Xo,2Xp9JWP4w6RDS7kq5,Pk2f6o9n4Pfqbuf6G,qKp8fQaCCGzssH3yG,mbMCuXP8H4R4x2BHM,2021-08-20T17:44:07Z
fafY62G2zif3FkahX,2Xp9JWP4w6RDS7kq5,eWmchrWjpfx42wxKm,qKp8fQaCCGzssH3yG,mbMCuXP8H4R4x2BHM,2021-08-20T17:44:07Z
