_id,bot,readyAt,timeoutStartedAt,timeoutWaitCount,exitStepsDone,exitAt,exitStatus,exitReason,retiredAt,retiredReason,createdAt,data.nParticipants,data.imageCount,data.pictures,data.timeAmount,data.timeOut,data.knowledge,data.collision,data.selection,data.name,data.avatar,data.nameColor,data.bonus,data.flower_labels,data.flowers,data.otherflowers,data.otherflower_labels,data.p1,data.p2,data.clicked,data.timeClick,data.scoreIncrement,data.clickLength,data.rawScore,data.imageOrder,data.exitTimeoutId,data.exited
h9JWhQmfMvwHjdYio,,,,,,2021-08-20T17:19:01Z,gameFull,,,,2021-08-20T17:06:21Z,,,,,,,,,,,,,,,,,,,,,,,,,,
oojfRpHt5nezaEsHw,,,,,,2021-08-20T17:19:01Z,gameFull,,,,2021-08-20T17:09:23Z,3,6,different,3,0,everyplayersomeflower,clover,,,,,,,,,,,,,,,,,,,
SCnLaRWo7fh37cMg6,,2021-08-20T17:15:29Z,2021-08-20T17:15:29Z,1,"instructions,othercolortest,ExitSurvey",2021-08-20T17:19:58Z,finished,,,,2021-08-20T17:11:18Z,3,6,different,3,0,everyplayersomeflower,clover,E,Minu,/avatars/jdenticon/Alaina,#7ACC66,2.414142,"{""yellow_1"":"""",""yellow_2"":"""",""yellow_3"":"""",""yellow_4"":"""",""yellow_5"":"""",""yellow_6"":"""",""yellow_7"":"""",""yellow_8"":"""",""yellow_9"":"""",""yellow_10"":"""",""yellow_11"":"""",""yellow_12"":""""}","{""label"":""yellow_10"",""location"":""/experiment/yellow_similar/image_06298.jpg""},{""label"":""yellow_7"",""location"":""/experiment/yellow_similar/image_04667.jpg""},{""label"":""yellow_8"",""location"":""/experiment/yellow_similar/image_04982.jpg""},{""label"":""yellow_11"",""location"":""/experiment/yellow_similar/image_06354.jpg""},{""label"":""yellow_3"",""location"":""/experiment/yellow_similar/image_02295.jpg""},{""label"":""yellow_1"",""location"":""/experiment/yellow_similar/image_01220.jpg""},{""label"":""yellow_5"",""location"":""/experiment/yellow_similar/image_04078.jpg""},{""label"":""yellow_9"",""location"":""/experiment/yellow_similar/image_05700.jpg""},{""label"":""yellow_6"",""location"":""/experiment/yellow_similar/image_04425.jpg""},{""label"":""yellow_12"",""location"":""/experiment/yellow_similar/image_06676.jpg""},{""label"":""yellow_4"",""location"":""/experiment/yellow_similar/image_03709.jpg""},{""label"":""yellow_2"",""location"":""/experiment/yellow_similar/image_01753.jpg""}","{""label"":""purple_11"",""location"":""/experiment/purple_similar/image_07517.jpg""},{""label"":""purple_7"",""location"":""/experiment/purple_similar/image_05355.jpg""},{""label"":""purple_9"",""location"":""/experiment/purple_similar/image_06714.jpg""},{""label"":""purple_10"",""location"":""/experiment/purple_similar/image_07320.jpg""}","{""purple_11"":""Angular purple leaves with a small white flower"",""purple_7"":""Circular bulbous purply/pink flower"",""purple_9"":""Thin purple leaves speckled with white"",""purple_10"":""Tall flowers which are purple and white with darks spots inside""}",Repi,Laju,yellow_9,782,0.130341,1,7.666666666666667,"yellow_9,yellow_4,yellow_1,yellow_10,yellow_5,yellow_8",,
9MoiLRqn7HPwSqgrR,,2021-08-20T17:14:30Z,2021-08-20T17:14:30Z,1,"instructions,othercolortest,ExitSurvey",2021-08-20T17:18:59Z,finished,,,,2021-08-20T17:11:19Z,3,6,different,3,0,everyplayersomeflower,clover,D,Repi,/avatars/jdenticon/Samuel,#8138A8,2.4934799999999995,"{""red_1"":"""",""red_2"":"""",""red_3"":"""",""red_4"":"""",""red_5"":"""",""red_6"":"""",""red_7"":"""",""red_8"":"""",""red_9"":"""",""red_10"":"""",""red_11"":"""",""red_12"":""""}","{""label"":""red_2"",""location"":""/experiment/red_similar/image_01583.jpg""},{""label"":""red_1"",""location"":""/experiment/red_similar/image_00757.jpg""},{""label"":""red_3"",""location"":""/experiment/red_similar/image_01973.jpg""},{""label"":""red_12"",""location"":""/experiment/red_similar/image_07931.jpg""},{""label"":""red_5"",""location"":""/experiment/red_similar/image_02561.jpg""},{""label"":""red_10"",""location"":""/experiment/red_similar/image_06859.jpg""},{""label"":""red_9"",""location"":""/experiment/red_similar/image_06787.jpg""},{""label"":""red_4"",""location"":""/experiment/red_similar/image_02269.jpg""},{""label"":""red_11"",""location"":""/experiment/red_similar/image_07641.jpg""},{""label"":""red_8"",""location"":""/experiment/red_similar/image_06490.jpg""},{""label"":""red_7"",""location"":""/experiment/red_similar/image_04769.jpg""},{""label"":""red_6"",""location"":""/experiment/red_similar/image_03162.jpg""}","{""label"":""white_12"",""location"":""/experiment/white_similar/image_08131.jpg""},{""label"":""white_6"",""location"":""/experiment/white_similar/image_05280.jpg""},{""label"":""white_8"",""location"":""/experiment/white_similar/image_05846.jpg""},{""label"":""white_4"",""location"":""/experiment/white_similar/image_03710.jpg""}","{""white_12"":""white delicate"",""white_6"":""white large"",""white_8"":""white pretty"",""white_4"":""white cluster""}",Minu,Laju,red_6,1578,0.068004,2,4,"red_1,red_10,red_6,red_5,red_4,red_3",,
Y7BwxwRbxbP6Rh8X2,,2021-08-20T17:14:44Z,2021-08-20T17:14:44Z,1,"instructions,othercolortest,ExitSurvey",2021-08-20T17:18:59Z,finished,,,,2021-08-20T17:11:19Z,3,6,different,3,0,everyplayersomeflower,clover,E,Minu,/avatars/jdenticon/Alaina,#7ACC66,2.4934799999999995,"{""red_1"":"""",""red_2"":"""",""red_3"":"""",""red_4"":"""",""red_5"":"""",""red_6"":"""",""red_7"":"""",""red_8"":"""",""red_9"":"""",""red_10"":"""",""red_11"":"""",""red_12"":""""}","{""label"":""red_12"",""location"":""/experiment/red_similar/image_07931.jpg""},{""label"":""red_9"",""location"":""/experiment/red_similar/image_06787.jpg""},{""label"":""red_5"",""location"":""/experiment/red_similar/image_02561.jpg""},{""label"":""red_8"",""location"":""/experiment/red_similar/image_06490.jpg""},{""label"":""red_11"",""location"":""/experiment/red_similar/image_07641.jpg""},{""label"":""red_1"",""location"":""/experiment/red_similar/image_00757.jpg""},{""label"":""red_4"",""location"":""/experiment/red_similar/image_02269.jpg""},{""label"":""red_7"",""location"":""/experiment/red_similar/image_04769.jpg""},{""label"":""red_10"",""location"":""/experiment/red_similar/image_06859.jpg""},{""label"":""red_2"",""location"":""/experiment/red_similar/image_01583.jpg""},{""label"":""red_6"",""location"":""/experiment/red_similar/image_03162.jpg""},{""label"":""red_3"",""location"":""/experiment/red_similar/image_01973.jpg""}","{""label"":""white_9"",""location"":""/experiment/white_similar/image_06003.jpg""},{""label"":""white_1"",""location"":""/experiment/white_similar/image_00006.jpg""},{""label"":""white_11"",""location"":""/experiment/white_similar/image_07463.jpg""},{""label"":""white_8"",""location"":""/experiment/white_similar/image_05846.jpg""}","{""white_9"":""5white outside thin petals \nyellow middle"",""white_1"":""flat splayed white petals with green edge. purple middle strands with dark purple and green middle"",""white_11"":""thin tube like white petals speckled with green "",""white_8"":""flat white petals with green ends. spore like middle section coming up out of the flower with pink ends like small roses ""}",Repi,Laju,red_6,886,0.068004,2,4,"red_6,red_5,red_10,red_4,red_1,red_3",,
aGBRxJQY2FY2k3vvR,,2021-08-20T17:17:00Z,2021-08-20T17:17:00Z,1,"instructions,othercolortest,ExitSurvey",2021-08-20T17:21:56Z,finished,,,,2021-08-20T17:11:22Z,3,6,different,3,0,everyplayersomeflower,clover,D,Minu,/avatars/jdenticon/Alaina,#7ACC66,1.938114,"{""white_1"":"""",""white_2"":"""",""white_3"":"""",""white_4"":"""",""white_5"":"""",""white_6"":"""",""white_7"":"""",""white_8"":"""",""white_9"":"""",""white_10"":"""",""white_11"":"""",""white_12"":""""}","{""label"":""white_7"",""location"":""/experiment/white_similar/image_05493.jpg""},{""label"":""white_5"",""location"":""/experiment/white_similar/image_04849.jpg""},{""label"":""white_3"",""location"":""/experiment/white_similar/image_03139.jpg""},{""label"":""white_8"",""location"":""/experiment/white_similar/image_05846.jpg""},{""label"":""white_1"",""location"":""/experiment/white_similar/image_00006.jpg""},{""label"":""white_6"",""location"":""/experiment/white_similar/image_05280.jpg""},{""label"":""white_2"",""location"":""/experiment/white_similar/image_01448.jpg""},{""label"":""white_11"",""location"":""/experiment/white_similar/image_07463.jpg""},{""label"":""white_10"",""location"":""/experiment/white_similar/image_07057.jpg""},{""label"":""white_9"",""location"":""/experiment/white_similar/image_06003.jpg""},{""label"":""white_4"",""location"":""/experiment/white_similar/image_03710.jpg""},{""label"":""white_12"",""location"":""/experiment/white_similar/image_08131.jpg""}","{""label"":""yellow_8"",""location"":""/experiment/yellow_similar/image_04982.jpg""},{""label"":""yellow_6"",""location"":""/experiment/yellow_similar/image_04425.jpg""},{""label"":""yellow_1"",""location"":""/experiment/yellow_similar/image_01220.jpg""},{""label"":""yellow_2"",""location"":""/experiment/yellow_similar/image_01753.jpg""}","{""yellow_8"":""A yellow flower, with small petals which are positioned closely together to form a ball like shape. "",""yellow_6"":""A yellow flower with 3-4 petals, fanned out to make a cross like shape."",""yellow_1"":""A yellow flower, with multi layers of flowers. Almost like a rose."",""yellow_2"":""A yellow flower with red accents in the middle by the bud, with a long thing formation pointing from the middle outwards. About 5 petals in a starfish formation.""}",Repi,Laju,white_10,3929,0.068004,2,4,"white_10,white_2,white_4,white_1,white_9,white_8",,
AuDmJeBi8t7fuKPx7,,2021-08-20T17:19:01Z,2021-08-20T17:19:01Z,1,"Sorry,ExitSurvey",2021-08-20T17:20:41Z,custom,It looks like one of your partners disconnected before you could finish the experiment!,,,2021-08-20T17:11:23Z,3,6,different,3,0,everyplayersomeflower,clover,C,Repi,/avatars/jdenticon/Samuel,#8138A8,0.6063689999999999,"{""white_1"":"""",""white_2"":"""",""white_3"":"""",""white_4"":"""",""white_5"":"""",""white_6"":"""",""white_7"":"""",""white_8"":"""",""white_9"":"""",""white_10"":"""",""white_11"":"""",""white_12"":""""}","{""label"":""white_4"",""location"":""/experiment/white_similar/image_03710.jpg""},{""label"":""white_11"",""location"":""/experiment/white_similar/image_07463.jpg""},{""label"":""white_6"",""location"":""/experiment/white_similar/image_05280.jpg""},{""label"":""white_5"",""location"":""/experiment/white_similar/image_04849.jpg""},{""label"":""white_2"",""location"":""/experiment/white_similar/image_01448.jpg""},{""label"":""white_12"",""location"":""/experiment/white_similar/image_08131.jpg""},{""label"":""white_10"",""location"":""/experiment/white_similar/image_07057.jpg""},{""label"":""white_3"",""location"":""/experiment/white_similar/image_03139.jpg""},{""label"":""white_1"",""location"":""/experiment/white_similar/image_00006.jpg""},{""label"":""white_8"",""location"":""/experiment/white_similar/image_05846.jpg""},{""label"":""white_9"",""location"":""/experiment/white_similar/image_06003.jpg""},{""label"":""white_7"",""location"":""/experiment/white_similar/image_05493.jpg""}","{""label"":""red_12"",""location"":""/experiment/red_similar/image_07931.jpg""},{""label"":""red_6"",""location"":""/experiment/red_similar/image_03162.jpg""},{""label"":""red_7"",""location"":""/experiment/red_similar/image_04769.jpg""},{""label"":""red_5"",""location"":""/experiment/red_similar/image_02561.jpg""}","{""red_12"":"""",""red_6"":"""",""red_7"":"""",""red_5"":""""}",Minu,Laju,white_8,4655,0.090672,2,5.333333333333333,"white_1,white_4,white_3,white_10,white_8,white_12",9849,true
HwoMovMdHJmbAckv9,,2021-08-20T17:17:18Z,2021-08-20T17:17:18Z,1,"Sorry,ExitSurvey",2021-08-20T17:20:41Z,custom,It looks like one of your partners disconnected before you could finish the experiment!,,,2021-08-20T17:11:25Z,3,6,different,3,0,everyplayersomeflower,clover,D,Minu,/avatars/jdenticon/Alaina,#7ACC66,0.6063689999999999,"{""white_1"":"""",""white_2"":"""",""white_3"":"""",""white_4"":"""",""white_5"":"""",""white_6"":"""",""white_7"":"""",""white_8"":"""",""white_9"":"""",""white_10"":"""",""white_11"":"""",""white_12"":""""}","{""label"":""white_12"",""location"":""/experiment/white_similar/image_08131.jpg""},{""label"":""white_7"",""location"":""/experiment/white_similar/image_05493.jpg""},{""label"":""white_11"",""location"":""/experiment/white_similar/image_07463.jpg""},{""label"":""white_9"",""location"":""/experiment/white_similar/image_06003.jpg""},{""label"":""white_6"",""location"":""/experiment/white_similar/image_05280.jpg""},{""label"":""white_5"",""location"":""/experiment/white_similar/image_04849.jpg""},{""label"":""white_3"",""location"":""/experiment/white_similar/image_03139.jpg""},{""label"":""white_4"",""location"":""/experiment/white_similar/image_03710.jpg""},{""label"":""white_1"",""location"":""/experiment/white_similar/image_00006.jpg""},{""label"":""white_10"",""location"":""/experiment/white_similar/image_07057.jpg""},{""label"":""white_8"",""location"":""/experiment/white_similar/image_05846.jpg""},{""label"":""white_2"",""location"":""/experiment/white_similar/image_01448.jpg""}","{""label"":""red_2"",""location"":""/experiment/red_similar/image_01583.jpg""},{""label"":""red_10"",""location"":""/experiment/red_similar/image_06859.jpg""},{""label"":""red_3"",""location"":""/experiment/red_similar/image_01973.jpg""},{""label"":""red_5"",""location"":""/experiment/red_similar/image_02561.jpg""}","{""red_2"":"""",""red_10"":"""",""red_3"":"""",""red_5"":""""}",Repi,Laju,white_10,2119,0.090672,2,5.333333333333333,"white_10,white_1,white_3,white_12,white_8,white_4",320,true
Mb8ADEEmP3ZmxxkvW,,,,,"Sorry,ExitSurvey",2021-08-20T17:19:01Z,gameFull,,,,2021-08-20T17:11:26Z,3,6,different,3,0,,,,,,,,,,,,,,,,,,,,,
aMMzXKuy8u6TmtYrN,,2021-08-20T17:15:23Z,2021-08-20T17:15:23Z,1,"instructions,othercolortest,ExitSurvey",2021-08-20T17:19:58Z,finished,,,,2021-08-20T17:11:29Z,3,6,different,3,0,everyplayersomeflower,clover,D,Laju,/avatars/jdenticon/Katherine,#3D45B7,2.414142,"{""yellow_1"":"""",""yellow_2"":"""",""yellow_3"":"""",""yellow_4"":"""",""yellow_5"":"""",""yellow_6"":"""",""yellow_7"":"""",""yellow_8"":"""",""yellow_9"":"""",""yellow_10"":"""",""yellow_11"":"""",""yellow_12"":""""}","{""label"":""yellow_9"",""location"":""/experiment/yellow_similar/image_05700.jpg""},{""label"":""yellow_6"",""location"":""/experiment/yellow_similar/image_04425.jpg""},{""label"":""yellow_11"",""location"":""/experiment/yellow_similar/image_06354.jpg""},{""label"":""yellow_2"",""location"":""/experiment/yellow_similar/image_01753.jpg""},{""label"":""yellow_3"",""location"":""/experiment/yellow_similar/image_02295.jpg""},{""label"":""yellow_5"",""location"":""/experiment/yellow_similar/image_04078.jpg""},{""label"":""yellow_12"",""location"":""/experiment/yellow_similar/image_06676.jpg""},{""label"":""yellow_1"",""location"":""/experiment/yellow_similar/image_01220.jpg""},{""label"":""yellow_10"",""location"":""/experiment/yellow_similar/image_06298.jpg""},{""label"":""yellow_7"",""location"":""/experiment/yellow_similar/image_04667.jpg""},{""label"":""yellow_8"",""location"":""/experiment/yellow_similar/image_04982.jpg""},{""label"":""yellow_4"",""location"":""/experiment/yellow_similar/image_03709.jpg""}","{""label"":""purple_3"",""location"":""/experiment/purple_similar/image_03085.jpg""},{""label"":""purple_7"",""location"":""/experiment/purple_similar/image_05355.jpg""},{""label"":""purple_10"",""location"":""/experiment/purple_similar/image_07320.jpg""},{""label"":""purple_9"",""location"":""/experiment/purple_similar/image_06714.jpg""}","{""purple_3"":""A fun flower with rolled petals sporadically arranged and sticking out in different directions."",""purple_7"":""A light purple round flower with many petals all pointing outward, the petals are thin, with thinner ones concentrated in the center."",""purple_10"":""A lighter purple vertical cluster of round shaped petals/flowers."",""purple_9"":""Orchid like flower that has 6 medium thickness petals in all different directions and evenly spaced.""}",Repi,Minu,yellow_5,1774,0.130341,1,7.666666666666667,"yellow_8,yellow_9,yellow_5,yellow_1,yellow_10,yellow_4",,
3anrrcdtZ5d4PyStT,,2021-08-20T17:15:27Z,2021-08-20T17:15:27Z,1,"instructions,othercolortest,ExitSurvey",2021-08-20T17:19:58Z,finished,,,,2021-08-20T17:11:30Z,3,6,different,3,0,everyplayersomeflower,clover,D,Repi,/avatars/jdenticon/Samuel,#8138A8,2.414142,"{""yellow_1"":"""",""yellow_2"":"""",""yellow_3"":"""",""yellow_4"":"""",""yellow_5"":"""",""yellow_6"":"""",""yellow_7"":"""",""yellow_8"":"""",""yellow_9"":"""",""yellow_10"":"""",""yellow_11"":"""",""yellow_12"":""""}","{""label"":""yellow_12"",""location"":""/experiment/yellow_similar/image_06676.jpg""},{""label"":""yellow_8"",""location"":""/experiment/yellow_similar/image_04982.jpg""},{""label"":""yellow_1"",""location"":""/experiment/yellow_similar/image_01220.jpg""},{""label"":""yellow_5"",""location"":""/experiment/yellow_similar/image_04078.jpg""},{""label"":""yellow_7"",""location"":""/experiment/yellow_similar/image_04667.jpg""},{""label"":""yellow_3"",""location"":""/experiment/yellow_similar/image_02295.jpg""},{""label"":""yellow_9"",""location"":""/experiment/yellow_similar/image_05700.jpg""},{""label"":""yellow_11"",""location"":""/experiment/yellow_similar/image_06354.jpg""},{""label"":""yellow_10"",""location"":""/experiment/yellow_similar/image_06298.jpg""},{""label"":""yellow_6"",""location"":""/experiment/yellow_similar/image_04425.jpg""},{""label"":""yellow_2"",""location"":""/experiment/yellow_similar/image_01753.jpg""},{""label"":""yellow_4"",""location"":""/experiment/yellow_similar/image_03709.jpg""}","{""label"":""purple_8"",""location"":""/experiment/purple_similar/image_05639.jpg""},{""label"":""purple_4"",""location"":""/experiment/purple_similar/image_04133.jpg""},{""label"":""purple_9"",""location"":""/experiment/purple_similar/image_06714.jpg""},{""label"":""purple_1"",""location"":""/experiment/purple_similar/image_00450.jpg""}","{""purple_8"":""A small group of light purple flowers."",""purple_4"":""A dandelion that looks purple instead of white."",""purple_9"":""A weird looking purple flower."",""purple_1"":""An elegant looking purple flower.""}",Minu,Laju,yellow_1,2152,0.130341,1,7.666666666666667,"yellow_9,yellow_4,yellow_10,yellow_5,yellow_8,yellow_1",,
aGof5GaMDuQM25xSc,,2021-08-20T17:16:06Z,2021-08-20T17:16:06Z,1,"instructions,othercolortest,ExitSurvey",2021-08-20T17:23:00Z,finished,,,,2021-08-20T17:11:34Z,3,6,different,3,0,everyplayersomeflower,clover,E,Minu,/avatars/jdenticon/Alaina,#7ACC66,2.017452,"{""yellow_1"":"""",""yellow_2"":"""",""yellow_3"":"""",""yellow_4"":"""",""yellow_5"":"""",""yellow_6"":"""",""yellow_7"":"""",""yellow_8"":"""",""yellow_9"":"""",""yellow_10"":"""",""yellow_11"":"""",""yellow_12"":""""}","{""label"":""yellow_11"",""location"":""/experiment/yellow_similar/image_06354.jpg""},{""label"":""yellow_10"",""location"":""/experiment/yellow_similar/image_06298.jpg""},{""label"":""yellow_8"",""location"":""/experiment/yellow_similar/image_04982.jpg""},{""label"":""yellow_2"",""location"":""/experiment/yellow_similar/image_01753.jpg""},{""label"":""yellow_9"",""location"":""/experiment/yellow_similar/image_05700.jpg""},{""label"":""yellow_3"",""location"":""/experiment/yellow_similar/image_02295.jpg""},{""label"":""yellow_1"",""location"":""/experiment/yellow_similar/image_01220.jpg""},{""label"":""yellow_12"",""location"":""/experiment/yellow_similar/image_06676.jpg""},{""label"":""yellow_4"",""location"":""/experiment/yellow_similar/image_03709.jpg""},{""label"":""yellow_6"",""location"":""/experiment/yellow_similar/image_04425.jpg""},{""label"":""yellow_5"",""location"":""/experiment/yellow_similar/image_04078.jpg""},{""label"":""yellow_7"",""location"":""/experiment/yellow_similar/image_04667.jpg""}","{""label"":""red_5"",""location"":""/experiment/red_similar/image_02561.jpg""},{""label"":""red_1"",""location"":""/experiment/red_similar/image_00757.jpg""},{""label"":""red_8"",""location"":""/experiment/red_similar/image_06490.jpg""},{""label"":""red_11"",""location"":""/experiment/red_similar/image_07641.jpg""}","{""red_5"":""A pink and red full bloomed lily"",""red_1"":""a wilted pansy looking flower"",""red_8"":""poppies or carnations"",""red_11"":""fully bloomed with pollen red flower""}",Repi,Laju,yellow_1,3285,0.051003,2,3,"yellow_6,yellow_10,yellow_1,yellow_4,yellow_12,yellow_3",,
ibLuXBkRAXPSqC7y6,,2021-08-20T17:15:17Z,2021-08-20T17:15:17Z,1,"instructions,othercolortest,ExitSurvey",2021-08-20T17:18:59Z,finished,,,,2021-08-20T17:11:37Z,3,6,different,3,0,everyplayersomeflower,clover,D,Laju,/avatars/jdenticon/Katherine,#3D45B7,2.4934799999999995,"{""red_1"":"""",""red_2"":"""",""red_3"":"""",""red_4"":"""",""red_5"":"""",""red_6"":"""",""red_7"":"""",""red_8"":"""",""red_9"":"""",""red_10"":"""",""red_11"":"""",""red_12"":""""}","{""label"":""red_7"",""location"":""/experiment/red_similar/image_04769.jpg""},{""label"":""red_4"",""location"":""/experiment/red_similar/image_02269.jpg""},{""label"":""red_11"",""location"":""/experiment/red_similar/image_07641.jpg""},{""label"":""red_10"",""location"":""/experiment/red_similar/image_06859.jpg""},{""label"":""red_5"",""location"":""/experiment/red_similar/image_02561.jpg""},{""label"":""red_1"",""location"":""/experiment/red_similar/image_00757.jpg""},{""label"":""red_9"",""location"":""/experiment/red_similar/image_06787.jpg""},{""label"":""red_8"",""location"":""/experiment/red_similar/image_06490.jpg""},{""label"":""red_2"",""location"":""/experiment/red_similar/image_01583.jpg""},{""label"":""red_12"",""location"":""/experiment/red_similar/image_07931.jpg""},{""label"":""red_3"",""location"":""/experiment/red_similar/image_01973.jpg""},{""label"":""red_6"",""location"":""/experiment/red_similar/image_03162.jpg""}","{""label"":""white_1"",""location"":""/experiment/white_similar/image_00006.jpg""},{""label"":""white_5"",""location"":""/experiment/white_similar/image_04849.jpg""},{""label"":""white_11"",""location"":""/experiment/white_similar/image_07463.jpg""},{""label"":""white_2"",""location"":""/experiment/white_similar/image_01448.jpg""}","{""white_1"":""Large white flower with purple cebtre "",""white_5"":""White with a green centre"",""white_11"":""White tubes"",""white_2"":""Frilly white""}",Repi,Minu,red_5,5422,0.068004,2,4,"red_5,red_10,red_1,red_3,red_4,red_6",,
rdy8pn4MpwgznGpRK,,2021-08-20T17:15:51Z,2021-08-20T17:15:51Z,1,"instructions,othercolortest,ExitSurvey",2021-08-20T17:23:00Z,finished,,,,2021-08-20T17:11:37Z,3,6,different,3,0,everyplayersomeflower,clover,D,Laju,/avatars/jdenticon/Katherine,#3D45B7,2.017452,"{""yellow_1"":"""",""yellow_2"":"""",""yellow_3"":"""",""yellow_4"":"""",""yellow_5"":"""",""yellow_6"":"""",""yellow_7"":"""",""yellow_8"":"""",""yellow_9"":"""",""yellow_10"":"""",""yellow_11"":"""",""yellow_12"":""""}","{""label"":""yellow_7"",""location"":""/experiment/yellow_similar/image_04667.jpg""},{""label"":""yellow_5"",""location"":""/experiment/yellow_similar/image_04078.jpg""},{""label"":""yellow_11"",""location"":""/experiment/yellow_similar/image_06354.jpg""},{""label"":""yellow_6"",""location"":""/experiment/yellow_similar/image_04425.jpg""},{""label"":""yellow_12"",""location"":""/experiment/yellow_similar/image_06676.jpg""},{""label"":""yellow_10"",""location"":""/experiment/yellow_similar/image_06298.jpg""},{""label"":""yellow_8"",""location"":""/experiment/yellow_similar/image_04982.jpg""},{""label"":""yellow_3"",""location"":""/experiment/yellow_similar/image_02295.jpg""},{""label"":""yellow_9"",""location"":""/experiment/yellow_similar/image_05700.jpg""},{""label"":""yellow_1"",""location"":""/experiment/yellow_similar/image_01220.jpg""},{""label"":""yellow_2"",""location"":""/experiment/yellow_similar/image_01753.jpg""},{""label"":""yellow_4"",""location"":""/experiment/yellow_similar/image_03709.jpg""}","{""label"":""red_9"",""location"":""/experiment/red_similar/image_06787.jpg""},{""label"":""red_6"",""location"":""/experiment/red_similar/image_03162.jpg""},{""label"":""red_11"",""location"":""/experiment/red_similar/image_07641.jpg""},{""label"":""red_8"",""location"":""/experiment/red_similar/image_06490.jpg""}","{""red_9"":""red and fire looking"",""red_6"":""pink"",""red_11"":""pink big and round"",""red_8"":""red and round""}",Repi,Minu,yellow_1,2161,0.051003,2,3,"yellow_10,yellow_1,yellow_12,yellow_3,yellow_4,yellow_6",,
68Tew82Qq7SXmNPZT,,2021-08-20T17:15:56Z,2021-08-20T17:15:56Z,1,"instructions,othercolortest,ExitSurvey",2021-08-20T17:23:00Z,finished,,,,2021-08-20T17:11:45Z,3,6,different,3,0,everyplayersomeflower,clover,D,Repi,/avatars/jdenticon/Samuel,#8138A8,2.017452,"{""yellow_1"":"""",""yellow_2"":"""",""yellow_3"":"""",""yellow_4"":"""",""yellow_5"":"""",""yellow_6"":"""",""yellow_7"":"""",""yellow_8"":"""",""yellow_9"":"""",""yellow_10"":"""",""yellow_11"":"""",""yellow_12"":""""}","{""label"":""yellow_9"",""location"":""/experiment/yellow_similar/image_05700.jpg""},{""label"":""yellow_8"",""location"":""/experiment/yellow_similar/image_04982.jpg""},{""label"":""yellow_11"",""location"":""/experiment/yellow_similar/image_06354.jpg""},{""label"":""yellow_4"",""location"":""/experiment/yellow_similar/image_03709.jpg""},{""label"":""yellow_2"",""location"":""/experiment/yellow_similar/image_01753.jpg""},{""label"":""yellow_5"",""location"":""/experiment/yellow_similar/image_04078.jpg""},{""label"":""yellow_6"",""location"":""/experiment/yellow_similar/image_04425.jpg""},{""label"":""yellow_10"",""location"":""/experiment/yellow_similar/image_06298.jpg""},{""label"":""yellow_7"",""location"":""/experiment/yellow_similar/image_04667.jpg""},{""label"":""yellow_3"",""location"":""/experiment/yellow_similar/image_02295.jpg""},{""label"":""yellow_12"",""location"":""/experiment/yellow_similar/image_06676.jpg""},{""label"":""yellow_1"",""location"":""/experiment/yellow_similar/image_01220.jpg""}","{""label"":""red_1"",""location"":""/experiment/red_similar/image_00757.jpg""},{""label"":""red_5"",""location"":""/experiment/red_similar/image_02561.jpg""},{""label"":""red_10"",""location"":""/experiment/red_similar/image_06859.jpg""},{""label"":""red_8"",""location"":""/experiment/red_similar/image_06490.jpg""}","{""red_1"":""Red little round flower with yellow under the petals"",""red_5"":""star shaped red flower with pink petals in the middle in a round shape "",""red_10"":""red spiky looking more like a bush than a flower it grows up"",""red_8"":""round red flower with black in the center""}",Minu,Laju,yellow_4,15884,0.051003,2,3,"yellow_10,yellow_3,yellow_6,yellow_1,yellow_4,yellow_12",,
rJfqdnPq2hfdwWdLL,,2021-08-20T17:16:56Z,2021-08-20T17:16:56Z,1,"instructions,othercolortest,ExitSurvey",2021-08-20T17:21:56Z,finished,,,,2021-08-20T17:11:47Z,3,6,different,3,0,everyplayersomeflower,clover,D,Laju,/avatars/jdenticon/Katherine,#3D45B7,1.938114,"{""white_1"":"""",""white_2"":"""",""white_3"":"""",""white_4"":"""",""white_5"":"""",""white_6"":"""",""white_7"":"""",""white_8"":"""",""white_9"":"""",""white_10"":"""",""white_11"":"""",""white_12"":""""}","{""label"":""white_10"",""location"":""/experiment/white_similar/image_07057.jpg""},{""label"":""white_6"",""location"":""/experiment/white_similar/image_05280.jpg""},{""label"":""white_9"",""location"":""/experiment/white_similar/image_06003.jpg""},{""label"":""white_1"",""location"":""/experiment/white_similar/image_00006.jpg""},{""label"":""white_12"",""location"":""/experiment/white_similar/image_08131.jpg""},{""label"":""white_3"",""location"":""/experiment/white_similar/image_03139.jpg""},{""label"":""white_11"",""location"":""/experiment/white_similar/image_07463.jpg""},{""label"":""white_7"",""location"":""/experiment/white_similar/image_05493.jpg""},{""label"":""white_4"",""location"":""/experiment/white_similar/image_03710.jpg""},{""label"":""white_5"",""location"":""/experiment/white_similar/image_04849.jpg""},{""label"":""white_8"",""location"":""/experiment/white_similar/image_05846.jpg""},{""label"":""white_2"",""location"":""/experiment/white_similar/image_01448.jpg""}","{""label"":""yellow_10"",""location"":""/experiment/yellow_similar/image_06298.jpg""},{""label"":""yellow_8"",""location"":""/experiment/yellow_similar/image_04982.jpg""},{""label"":""yellow_5"",""location"":""/experiment/yellow_similar/image_04078.jpg""},{""label"":""yellow_12"",""location"":""/experiment/yellow_similar/image_06676.jpg""}","{""yellow_10"":""single dandelion"",""yellow_8"":""4 flowers with a bee on left flower"",""yellow_5"":""3 yellow daisies"",""yellow_12"":""1 yellow with big petals ""}",Repi,Minu,white_2,3831,0.068004,2,4,"white_2,white_1,white_10,white_4,white_9,white_8",,
Pi9atkCehFgDr8aYN,,2021-08-20T17:17:02Z,2021-08-20T17:17:02Z,1,"instructions,othercolortest,ExitSurvey",2021-08-20T17:21:56Z,finished,,,,2021-08-20T17:11:52Z,3,6,different,3,0,everyplayersomeflower,clover,D,Repi,/avatars/jdenticon/Samuel,#8138A8,1.938114,"{""white_1"":"""",""white_2"":"""",""white_3"":"""",""white_4"":"""",""white_5"":"""",""white_6"":"""",""white_7"":"""",""white_8"":"""",""white_9"":"""",""white_10"":"""",""white_11"":"""",""white_12"":""""}","{""label"":""white_12"",""location"":""/experiment/white_similar/image_08131.jpg""},{""label"":""white_1"",""location"":""/experiment/white_similar/image_00006.jpg""},{""label"":""white_6"",""location"":""/experiment/white_similar/image_05280.jpg""},{""label"":""white_2"",""location"":""/experiment/white_similar/image_01448.jpg""},{""label"":""white_4"",""location"":""/experiment/white_similar/image_03710.jpg""},{""label"":""white_9"",""location"":""/experiment/white_similar/image_06003.jpg""},{""label"":""white_10"",""location"":""/experiment/white_similar/image_07057.jpg""},{""label"":""white_7"",""location"":""/experiment/white_similar/image_05493.jpg""},{""label"":""white_5"",""location"":""/experiment/white_similar/image_04849.jpg""},{""label"":""white_11"",""location"":""/experiment/white_similar/image_07463.jpg""},{""label"":""white_8"",""location"":""/experiment/white_similar/image_05846.jpg""},{""label"":""white_3"",""location"":""/experiment/white_similar/image_03139.jpg""}","{""label"":""yellow_2"",""location"":""/experiment/yellow_similar/image_01753.jpg""},{""label"":""yellow_4"",""location"":""/experiment/yellow_similar/image_03709.jpg""},{""label"":""yellow_12"",""location"":""/experiment/yellow_similar/image_06676.jpg""},{""label"":""yellow_11"",""location"":""/experiment/yellow_similar/image_06354.jpg""}","{""yellow_2"":""yellow flower, six petals"",""yellow_4"":""bunh of yellow flowers on stemc"",""yellow_12"":""rose looking flower, yellow"",""yellow_11"":""yellow orchid type""}",Minu,Laju,white_2,-4668,0.068004,2,4,"white_2,white_1,white_10,white_4,white_9,white_8",,
eS5mAJEzJ27pyBKeH,,,,,,2021-08-20T17:19:01Z,gameFull,,,,2021-08-20T17:12:20Z,,,,,,,,,,,,,,,,,,,,,,,,,,
Z4kfRmvwLM6cr47LT,,2021-08-20T17:18:53Z,2021-08-20T17:18:53Z,1,"Sorry,ExitSurvey",2021-08-20T17:20:42Z,custom,It looks like one of your partners disconnected before you could finish the experiment!,,,2021-08-20T17:13:22Z,3,6,different,3,0,everyplayersomeflower,clover,D,Laju,/avatars/jdenticon/Katherine,#3D45B7,0.6063689999999999,"{""white_1"":"""",""white_2"":"""",""white_3"":"""",""white_4"":"""",""white_5"":"""",""white_6"":"""",""white_7"":"""",""white_8"":"""",""white_9"":"""",""white_10"":"""",""white_11"":"""",""white_12"":""""}","{""label"":""white_6"",""location"":""/experiment/white_similar/image_05280.jpg""},{""label"":""white_11"",""location"":""/experiment/white_similar/image_07463.jpg""},{""label"":""white_7"",""location"":""/experiment/white_similar/image_05493.jpg""},{""label"":""white_1"",""location"":""/experiment/white_similar/image_00006.jpg""},{""label"":""white_5"",""location"":""/experiment/white_similar/image_04849.jpg""},{""label"":""white_9"",""location"":""/experiment/white_similar/image_06003.jpg""},{""label"":""white_10"",""location"":""/experiment/white_similar/image_07057.jpg""},{""label"":""white_8"",""location"":""/experiment/white_similar/image_05846.jpg""},{""label"":""white_12"",""location"":""/experiment/white_similar/image_08131.jpg""},{""label"":""white_2"",""location"":""/experiment/white_similar/image_01448.jpg""},{""label"":""white_3"",""location"":""/experiment/white_similar/image_03139.jpg""},{""label"":""white_4"",""location"":""/experiment/white_similar/image_03710.jpg""}","{""label"":""red_4"",""location"":""/experiment/red_similar/image_02269.jpg""},{""label"":""red_1"",""location"":""/experiment/red_similar/image_00757.jpg""},{""label"":""red_10"",""location"":""/experiment/red_similar/image_06859.jpg""},{""label"":""red_5"",""location"":""/experiment/red_similar/image_02561.jpg""}","{""red_4"":"""",""red_1"":"""",""red_10"":"""",""red_5"":""""}",Repi,Minu,white_8,3249,0.090672,2,5.333333333333333,"white_8,white_10,white_4,white_1,white_3,white_12",5994,true
DsmzPsys378ouAig3,,,,,"Sorry,ExitSurvey",2021-08-20T17:19:01Z,gameFull,,,,2021-08-20T17:14:14Z,3,6,different,3,0,everyplayersomeflower,clover,,,,,,,,,,,,,,,,,,,
JvGLovcH3Aa4yGbQQ,,,,,"Sorry,ExitSurvey",2021-08-20T17:19:01Z,gameFull,,,,2021-08-20T17:18:38Z,,,,,,,,,,,,,,,,,,,,,,,,,,
BbPxrartCRi9MsNi5,,,,,,2021-08-20T17:44:07Z,gameFull,,,,2021-08-20T17:35:04Z,,,,,,,,,,,,,,,,,,,,,,,,,,
xP8T3Xi4L7dTxcnyk,,,,,,2021-08-20T17:44:07Z,gameFull,,,,2021-08-20T17:35:32Z,3,6,different,3,0,,,,,,,,,,,,,,,,,,,,,
iuk2qFzsK3koaLZuh,,,,,,2021-08-20T17:44:07Z,gameFull,,,,2021-08-20T17:37:48Z,,,,,,,,,,,,,,,,,,,,,,,,,,
GjboTxjwCnTi4WEWM,,2021-08-20T17:41:29Z,2021-08-20T17:41:29Z,1,"instructions,othercolortest,ExitSurvey",2021-08-20T17:45:43Z,finished,,,,2021-08-20T17:37:50Z,3,6,different,3,0,everyplayersomeflower,clover,D,Laju,/avatars/jdenticon/Katherine,#3D45B7,2.6519999999999992,"{""purple_1"":"""",""purple_2"":"""",""purple_3"":"""",""purple_4"":"""",""purple_5"":"""",""purple_6"":"""",""purple_7"":"""",""purple_8"":"""",""purple_9"":"""",""purple_10"":"""",""purple_11"":"""",""purple_12"":""""}","{""label"":""purple_6"",""location"":""/experiment/purple_similar/image_04700.jpg""},{""label"":""purple_4"",""location"":""/experiment/purple_similar/image_04133.jpg""},{""label"":""purple_3"",""location"":""/experiment/purple_similar/image_03085.jpg""},{""label"":""purple_5"",""location"":""/experiment/purple_similar/image_04335.jpg""},{""label"":""purple_1"",""location"":""/experiment/purple_similar/image_00450.jpg""},{""label"":""purple_8"",""location"":""/experiment/purple_similar/image_05639.jpg""},{""label"":""purple_10"",""location"":""/experiment/purple_similar/image_07320.jpg""},{""label"":""purple_7"",""location"":""/experiment/purple_similar/image_05355.jpg""},{""label"":""purple_12"",""location"":""/experiment/purple_similar/image_07752.jpg""},{""label"":""purple_9"",""location"":""/experiment/purple_similar/image_06714.jpg""},{""label"":""purple_11"",""location"":""/experiment/purple_similar/image_07517.jpg""},{""label"":""purple_2"",""location"":""/experiment/purple_similar/image_01664.jpg""}","{""label"":""yellow_12"",""location"":""/experiment/yellow_similar/image_06676.jpg""},{""label"":""yellow_11"",""location"":""/experiment/yellow_similar/image_06354.jpg""},{""label"":""yellow_6"",""location"":""/experiment/yellow_similar/image_04425.jpg""},{""label"":""yellow_3"",""location"":""/experiment/yellow_similar/image_02295.jpg""}","{""yellow_12"":""Its petals curl inwards"",""yellow_11"":""It looks wilted"",""yellow_6"":""Orange spots in the middle"",""yellow_3"":""Has a dark centre""}",Repi,Minu,purple_5,1412,0.034,2,2,"purple_8,purple_12,purple_5,purple_2,purple_7,purple_3",,
3wbhiiwAHAxz8z5EL,,,,,"Sorry,ExitSurvey",2021-08-20T17:44:07Z,gameFull,,,,2021-08-20T17:37:55Z,3,6,different,3,0,,,,,,,,,,,,,,,,,,,,,
GcddPKwivL4JFWX6r,,2021-08-20T17:41:39Z,2021-08-20T17:41:39Z,1,"instructions,othercolortest,ExitSurvey",2021-08-20T17:45:43Z,finished,,,,2021-08-20T17:37:58Z,3,6,different,3,0,everyplayersomeflower,clover,D,Minu,/avatars/jdenticon/Alaina,#7ACC66,1.9040000000000004,"{""purple_1"":"""",""purple_2"":"""",""purple_3"":"""",""purple_4"":"""",""purple_5"":"""",""purple_6"":"""",""purple_7"":"""",""purple_8"":"""",""purple_9"":"""",""purple_10"":"""",""purple_11"":"""",""purple_12"":""""}","{""label"":""purple_3"",""location"":""/experiment/purple_similar/image_03085.jpg""},{""label"":""purple_9"",""location"":""/experiment/purple_similar/image_06714.jpg""},{""label"":""purple_8"",""location"":""/experiment/purple_similar/image_05639.jpg""},{""label"":""purple_6"",""location"":""/experiment/purple_similar/image_04700.jpg""},{""label"":""purple_1"",""location"":""/experiment/purple_similar/image_00450.jpg""},{""label"":""purple_11"",""location"":""/experiment/purple_similar/image_07517.jpg""},{""label"":""purple_4"",""location"":""/experiment/purple_similar/image_04133.jpg""},{""label"":""purple_10"",""location"":""/experiment/purple_similar/image_07320.jpg""},{""label"":""purple_2"",""location"":""/experiment/purple_similar/image_01664.jpg""},{""label"":""purple_5"",""location"":""/experiment/purple_similar/image_04335.jpg""},{""label"":""purple_12"",""location"":""/experiment/purple_similar/image_07752.jpg""},{""label"":""purple_7"",""location"":""/experiment/purple_similar/image_05355.jpg""}","{""label"":""yellow_12"",""location"":""/experiment/yellow_similar/image_06676.jpg""},{""label"":""yellow_1"",""location"":""/experiment/yellow_similar/image_01220.jpg""},{""label"":""yellow_3"",""location"":""/experiment/yellow_similar/image_02295.jpg""},{""label"":""yellow_9"",""location"":""/experiment/yellow_similar/image_05700.jpg""}","{""yellow_12"":""A flower with yellow petals with green grass to the left of the flower and gray rocks to the right."",""yellow_1"":""A flower with yellow petals that has red on the outside of the petals.  The flower has green leaves surrounding it."",""yellow_3"":""A large sunflower with yellow petals and a dark brown and black center."",""yellow_9"":""Two yellow flowers sit on green stems near the ground.  The center of the flower has a slender portion that is pointing out of the flower.""}",Repi,Laju,purple_3,2428,0.11900000000000001,1,7,"purple_5,purple_3,purple_12,purple_8,purple_2,purple_7",,
YRXAcJsKMD4NrXF4h,,2021-08-20T17:42:24Z,2021-08-20T17:42:24Z,1,"instructions,othercolortest,ExitSurvey",2021-08-20T17:47:38Z,finished,,,,2021-08-20T17:37:58Z,3,6,different,3,0,everyplayersomeflower,clover,D,Laju,/avatars/jdenticon/Katherine,#3D45B7,2.0400000000000005,"{""purple_1"":"""",""purple_2"":"""",""purple_3"":"""",""purple_4"":"""",""purple_5"":"""",""purple_6"":"""",""purple_7"":"""",""purple_8"":"""",""purple_9"":"""",""purple_10"":"""",""purple_11"":"""",""purple_12"":""""}","{""label"":""purple_11"",""location"":""/experiment/purple_similar/image_07517.jpg""},{""label"":""purple_12"",""location"":""/experiment/purple_similar/image_07752.jpg""},{""label"":""purple_1"",""location"":""/experiment/purple_similar/image_00450.jpg""},{""label"":""purple_3"",""location"":""/experiment/purple_similar/image_03085.jpg""},{""label"":""purple_6"",""location"":""/experiment/purple_similar/image_04700.jpg""},{""label"":""purple_7"",""location"":""/experiment/purple_similar/image_05355.jpg""},{""label"":""purple_2"",""location"":""/experiment/purple_similar/image_01664.jpg""},{""label"":""purple_8"",""location"":""/experiment/purple_similar/image_05639.jpg""},{""label"":""purple_10"",""location"":""/experiment/purple_similar/image_07320.jpg""},{""label"":""purple_9"",""location"":""/experiment/purple_similar/image_06714.jpg""},{""label"":""purple_4"",""location"":""/experiment/purple_similar/image_04133.jpg""},{""label"":""purple_5"",""location"":""/experiment/purple_similar/image_04335.jpg""}","{""label"":""red_8"",""location"":""/experiment/red_similar/image_06490.jpg""},{""label"":""red_5"",""location"":""/experiment/red_similar/image_02561.jpg""},{""label"":""red_3"",""location"":""/experiment/red_similar/image_01973.jpg""},{""label"":""red_6"",""location"":""/experiment/red_similar/image_03162.jpg""}","{""red_8"":""These flowers are red with round leaves and a circular center. They look like poppies, maybe. "",""red_5"":""This flower is a reddish pink on the outside with elongated petals and white smaller petals on the inside that fade to pink toward the center. In the center there are small yellow stems with little yellow dots on the end. "",""red_3"":""This is a pinkish red flower, maybe like a lily. It is one large leaf with a pale yellow stem in the center."",""red_6"":""These are pink flowers clustered together on a green stem ""}",Repi,Minu,purple_11,3050,0.11900000000000001,1,7,"purple_11,purple_9,purple_10,purple_1,purple_3,purple_12",,
Qg8fwCc94DfFcenZy,,,,,,2021-08-20T17:44:07Z,gameFull,,,,2021-08-20T17:38:03Z,3,6,different,3,,,,,,,,,,,,,,,,,,,,,,
Q9bESc8hgPYqnzx2v,,2021-08-20T17:43:23Z,2021-08-20T17:43:23Z,1,"instructions,othercolortest,ExitSurvey",2021-08-20T17:47:30Z,finished,,,,2021-08-20T17:38:06Z,3,6,different,3,0,everyplayersomeflower,clover,E,Minu,/avatars/jdenticon/Alaina,#7ACC66,2.1420000000000003,"{""white_1"":"""",""white_2"":"""",""white_3"":"""",""white_4"":"""",""white_5"":"""",""white_6"":"""",""white_7"":"""",""white_8"":"""",""white_9"":"""",""white_10"":"""",""white_11"":"""",""white_12"":""""}","{""label"":""white_12"",""location"":""/experiment/white_similar/image_08131.jpg""},{""label"":""white_6"",""location"":""/experiment/white_similar/image_05280.jpg""},{""label"":""white_10"",""location"":""/experiment/white_similar/image_07057.jpg""},{""label"":""white_7"",""location"":""/experiment/white_similar/image_05493.jpg""},{""label"":""white_5"",""location"":""/experiment/white_similar/image_04849.jpg""},{""label"":""white_8"",""location"":""/experiment/white_similar/image_05846.jpg""},{""label"":""white_3"",""location"":""/experiment/white_similar/image_03139.jpg""},{""label"":""white_4"",""location"":""/experiment/white_similar/image_03710.jpg""},{""label"":""white_2"",""location"":""/experiment/white_similar/image_01448.jpg""},{""label"":""white_11"",""location"":""/experiment/white_similar/image_07463.jpg""},{""label"":""white_9"",""location"":""/experiment/white_similar/image_06003.jpg""},{""label"":""white_1"",""location"":""/experiment/white_similar/image_00006.jpg""}","{""label"":""purple_2"",""location"":""/experiment/purple_similar/image_01664.jpg""},{""label"":""purple_9"",""location"":""/experiment/purple_similar/image_06714.jpg""},{""label"":""purple_7"",""location"":""/experiment/purple_similar/image_05355.jpg""},{""label"":""purple_11"",""location"":""/experiment/purple_similar/image_07517.jpg""}","{""purple_2"":""Purple daisy like flowers"",""purple_9"":""Some kind of orchid"",""purple_7"":""Not sure "",""purple_11"":""Unsure ""}",Repi,Laju,white_6,1955,0.11900000000000001,1,7,"white_11,white_2,white_7,white_9,white_5,white_6",,
eWmchrWjpfx42wxKm,,2021-08-20T17:43:46Z,2021-08-20T17:43:46Z,1,"instructions,othercolortest,ExitSurvey",2021-08-20T17:49:17Z,finished,,,,2021-08-20T17:38:08Z,3,6,different,3,0,everyplayersomeflower,clover,D,Laju,/avatars/jdenticon/Katherine,#3D45B7,2.3800000000000003,"{""purple_1"":"""",""purple_2"":"""",""purple_3"":"""",""purple_4"":"""",""purple_5"":"""",""purple_6"":"""",""purple_7"":"""",""purple_8"":"""",""purple_9"":"""",""purple_10"":"""",""purple_11"":"""",""purple_12"":""""}","{""label"":""purple_2"",""location"":""/experiment/purple_similar/image_01664.jpg""},{""label"":""purple_3"",""location"":""/experiment/purple_similar/image_03085.jpg""},{""label"":""purple_11"",""location"":""/experiment/purple_similar/image_07517.jpg""},{""label"":""purple_7"",""location"":""/experiment/purple_similar/image_05355.jpg""},{""label"":""purple_8"",""location"":""/experiment/purple_similar/image_05639.jpg""},{""label"":""purple_6"",""location"":""/experiment/purple_similar/image_04700.jpg""},{""label"":""purple_5"",""location"":""/experiment/purple_similar/image_04335.jpg""},{""label"":""purple_9"",""location"":""/experiment/purple_similar/image_06714.jpg""},{""label"":""purple_1"",""location"":""/experiment/purple_similar/image_00450.jpg""},{""label"":""purple_12"",""location"":""/experiment/purple_similar/image_07752.jpg""},{""label"":""purple_4"",""location"":""/experiment/purple_similar/image_04133.jpg""},{""label"":""purple_10"",""location"":""/experiment/purple_similar/image_07320.jpg""}","{""label"":""white_9"",""location"":""/experiment/white_similar/image_06003.jpg""},{""label"":""white_7"",""location"":""/experiment/white_similar/image_05493.jpg""},{""label"":""white_6"",""location"":""/experiment/white_similar/image_05280.jpg""},{""label"":""white_8"",""location"":""/experiment/white_similar/image_05846.jpg""}","{""white_9"":""white and yellow flower"",""white_7"":""white and purple flower"",""white_6"":""white and bright yellow flower"",""white_8"":""white flower with green and pink peaks ""}",Repi,Minu,purple_10,-1522,0.204,1,12,"purple_6,purple_11,purple_5,purple_3,purple_10,purple_7",,
LobtN9LAFzJDcwYX3,,2021-08-20T17:43:19Z,2021-08-20T17:43:19Z,1,"instructions,othercolortest,ExitSurvey",2021-08-20T17:47:30Z,finished,,,,2021-08-20T17:38:10Z,3,6,different,3,0,everyplayersomeflower,clover,D,Repi,/avatars/jdenticon/Samuel,#8138A8,2.482,"{""white_1"":"""",""white_2"":"""",""white_3"":"""",""white_4"":"""",""white_5"":"""",""white_6"":"""",""white_7"":"""",""white_8"":"""",""white_9"":"""",""white_10"":"""",""white_11"":"""",""white_12"":""""}","{""label"":""white_11"",""location"":""/experiment/white_similar/image_07463.jpg""},{""label"":""white_8"",""location"":""/experiment/white_similar/image_05846.jpg""},{""label"":""white_2"",""location"":""/experiment/white_similar/image_01448.jpg""},{""label"":""white_10"",""location"":""/experiment/white_similar/image_07057.jpg""},{""label"":""white_7"",""location"":""/experiment/white_similar/image_05493.jpg""},{""label"":""white_9"",""location"":""/experiment/white_similar/image_06003.jpg""},{""label"":""white_6"",""location"":""/experiment/white_similar/image_05280.jpg""},{""label"":""white_3"",""location"":""/experiment/white_similar/image_03139.jpg""},{""label"":""white_1"",""location"":""/experiment/white_similar/image_00006.jpg""},{""label"":""white_4"",""location"":""/experiment/white_similar/image_03710.jpg""},{""label"":""white_12"",""location"":""/experiment/white_similar/image_08131.jpg""},{""label"":""white_5"",""location"":""/experiment/white_similar/image_04849.jpg""}","{""label"":""purple_10"",""location"":""/experiment/purple_similar/image_07320.jpg""},{""label"":""purple_1"",""location"":""/experiment/purple_similar/image_00450.jpg""},{""label"":""purple_9"",""location"":""/experiment/purple_similar/image_06714.jpg""},{""label"":""purple_8"",""location"":""/experiment/purple_similar/image_05639.jpg""}","{""purple_10"":""Purple long flower with lots of circle petals"",""purple_1"":""Pink flower with the petal growing up "",""purple_9"":""White flower with lots of little purple dots"",""purple_8"":""white flower with purple edges on petals""}",Minu,Laju,white_9,1885,0.17,1,10,"white_2,white_7,white_5,white_11,white_6,white_9",,
WFjQ5udMzgWg34aWz,,2021-08-20T17:42:33Z,2021-08-20T17:42:33Z,1,"instructions,othercolortest,ExitSurvey",2021-08-20T17:48:41Z,finished,,,,2021-08-20T17:38:15Z,3,6,different,3,0,everyplayersomeflower,clover,C,Laju,/avatars/jdenticon/Katherine,#3D45B7,1.7340000000000004,"{""red_1"":"""",""red_2"":"""",""red_3"":"""",""red_4"":"""",""red_5"":"""",""red_6"":"""",""red_7"":"""",""red_8"":"""",""red_9"":"""",""red_10"":"""",""red_11"":"""",""red_12"":""""}","{""label"":""red_7"",""location"":""/experiment/red_similar/image_04769.jpg""},{""label"":""red_3"",""location"":""/experiment/red_similar/image_01973.jpg""},{""label"":""red_1"",""location"":""/experiment/red_similar/image_00757.jpg""},{""label"":""red_2"",""location"":""/experiment/red_similar/image_01583.jpg""},{""label"":""red_4"",""location"":""/experiment/red_similar/image_02269.jpg""},{""label"":""red_5"",""location"":""/experiment/red_similar/image_02561.jpg""},{""label"":""red_6"",""location"":""/experiment/red_similar/image_03162.jpg""},{""label"":""red_11"",""location"":""/experiment/red_similar/image_07641.jpg""},{""label"":""red_8"",""location"":""/experiment/red_similar/image_06490.jpg""},{""label"":""red_12"",""location"":""/experiment/red_similar/image_07931.jpg""},{""label"":""red_9"",""location"":""/experiment/red_similar/image_06787.jpg""},{""label"":""red_10"",""location"":""/experiment/red_similar/image_06859.jpg""}","{""label"":""yellow_10"",""location"":""/experiment/yellow_similar/image_06298.jpg""},{""label"":""yellow_1"",""location"":""/experiment/yellow_similar/image_01220.jpg""},{""label"":""yellow_3"",""location"":""/experiment/yellow_similar/image_02295.jpg""},{""label"":""yellow_11"",""location"":""/experiment/yellow_similar/image_06354.jpg""}","{""yellow_10"":""dandelion yellow, looks like sun"",""yellow_1"":""petal-y yellow with orange tips "",""yellow_3"":""sunflower yellow "",""yellow_11"":""lily? yellow droopy petals with brown on petals""}",Repi,Minu,red_5,738,0.034,2,2,"red_12,red_5,red_2,red_4,red_3,red_1",,
F9bv4zMkmYKaXyf9N,,2021-08-20T17:40:29Z,2021-08-20T17:40:29Z,1,"instructions,othercolortest,ExitSurvey",2021-08-20T17:45:43Z,finished,,,,2021-08-20T17:38:16Z,3,6,different,3,0,everyplayersomeflower,clover,D,Repi,/avatars/jdenticon/Samuel,#8138A8,2.3969999999999994,"{""purple_1"":"""",""purple_2"":"""",""purple_3"":"""",""purple_4"":"""",""purple_5"":"""",""purple_6"":"""",""purple_7"":"""",""purple_8"":"""",""purple_9"":"""",""purple_10"":"""",""purple_11"":"""",""purple_12"":""""}","{""label"":""purple_3"",""location"":""/experiment/purple_similar/image_03085.jpg""},{""label"":""purple_6"",""location"":""/experiment/purple_similar/image_04700.jpg""},{""label"":""purple_5"",""location"":""/experiment/purple_similar/image_04335.jpg""},{""label"":""purple_1"",""location"":""/experiment/purple_similar/image_00450.jpg""},{""label"":""purple_4"",""location"":""/experiment/purple_similar/image_04133.jpg""},{""label"":""purple_10"",""location"":""/experiment/purple_similar/image_07320.jpg""},{""label"":""purple_7"",""location"":""/experiment/purple_similar/image_05355.jpg""},{""label"":""purple_8"",""location"":""/experiment/purple_similar/image_05639.jpg""},{""label"":""purple_2"",""location"":""/experiment/purple_similar/image_01664.jpg""},{""label"":""purple_11"",""location"":""/experiment/purple_similar/image_07517.jpg""},{""label"":""purple_9"",""location"":""/experiment/purple_similar/image_06714.jpg""},{""label"":""purple_12"",""location"":""/experiment/purple_similar/image_07752.jpg""}","{""label"":""yellow_12"",""location"":""/experiment/yellow_similar/image_06676.jpg""},{""label"":""yellow_4"",""location"":""/experiment/yellow_similar/image_03709.jpg""},{""label"":""yellow_7"",""location"":""/experiment/yellow_similar/image_04667.jpg""},{""label"":""yellow_3"",""location"":""/experiment/yellow_similar/image_02295.jpg""}","{""yellow_12"":""Yellow flower"",""yellow_4"":""Bunch of yellow flowers"",""yellow_7"":""Buttercup"",""yellow_3"":""Sunflower""}",Minu,Laju,purple_5,2682,0.034,2,2,"purple_2,purple_3,purple_7,purple_8,purple_12,purple_5",,
3ASftqExPSXeJJA23,,2021-08-20T17:42:17Z,2021-08-20T17:42:17Z,1,"instructions,othercolortest,ExitSurvey",2021-08-20T17:47:38Z,finished,,,,2021-08-20T17:38:19Z,3,6,different,3,0,everyplayersomeflower,clover,D,Repi,/avatars/jdenticon/Samuel,#8138A8,2.2609999999999997,"{""purple_1"":"""",""purple_2"":"""",""purple_3"":"""",""purple_4"":"""",""purple_5"":"""",""purple_6"":"""",""purple_7"":"""",""purple_8"":"""",""purple_9"":"""",""purple_10"":"""",""purple_11"":"""",""purple_12"":""""}","{""label"":""purple_1"",""location"":""/experiment/purple_similar/image_00450.jpg""},{""label"":""purple_11"",""location"":""/experiment/purple_similar/image_07517.jpg""},{""label"":""purple_7"",""location"":""/experiment/purple_similar/image_05355.jpg""},{""label"":""purple_9"",""location"":""/experiment/purple_similar/image_06714.jpg""},{""label"":""purple_8"",""location"":""/experiment/purple_similar/image_05639.jpg""},{""label"":""purple_4"",""location"":""/experiment/purple_similar/image_04133.jpg""},{""label"":""purple_6"",""location"":""/experiment/purple_similar/image_04700.jpg""},{""label"":""purple_12"",""location"":""/experiment/purple_similar/image_07752.jpg""},{""label"":""purple_3"",""location"":""/experiment/purple_similar/image_03085.jpg""},{""label"":""purple_10"",""location"":""/experiment/purple_similar/image_07320.jpg""},{""label"":""purple_2"",""location"":""/experiment/purple_similar/image_01664.jpg""},{""label"":""purple_5"",""location"":""/experiment/purple_similar/image_04335.jpg""}","{""label"":""red_4"",""location"":""/experiment/red_similar/image_02269.jpg""},{""label"":""red_8"",""location"":""/experiment/red_similar/image_06490.jpg""},{""label"":""red_5"",""location"":""/experiment/red_similar/image_02561.jpg""},{""label"":""red_11"",""location"":""/experiment/red_similar/image_07641.jpg""}","{""red_4"":""A red-coloured flower with many long petals, possibly in the daisy family. "",""red_8"":""Red poppies. "",""red_5"":""A red flower with five external petals and five internal white/pink petals. "",""red_11"":""A pink flower with many petals and a yellow anthers.""}",Minu,Laju,purple_1,1587,0.136,1,8,"purple_1,purple_12,purple_11,purple_9,purple_10,purple_3",,
DSWYfiXRWqEQM8SwB,,2021-08-20T17:43:26Z,2021-08-20T17:43:26Z,1,"instructions,othercolortest,ExitSurvey",2021-08-20T17:49:17Z,finished,,,,2021-08-20T17:38:23Z,3,6,different,3,0,everyplayersomeflower,clover,D,Repi,/avatars/jdenticon/Samuel,#8138A8,2.839,"{""purple_1"":"""",""purple_2"":"""",""purple_3"":"""",""purple_4"":"""",""purple_5"":"""",""purple_6"":"""",""purple_7"":"""",""purple_8"":"""",""purple_9"":"""",""purple_10"":"""",""purple_11"":"""",""purple_12"":""""}","{""label"":""purple_2"",""location"":""/experiment/purple_similar/image_01664.jpg""},{""label"":""purple_8"",""location"":""/experiment/purple_similar/image_05639.jpg""},{""label"":""purple_4"",""location"":""/experiment/purple_similar/image_04133.jpg""},{""label"":""purple_10"",""location"":""/experiment/purple_similar/image_07320.jpg""},{""label"":""purple_12"",""location"":""/experiment/purple_similar/image_07752.jpg""},{""label"":""purple_3"",""location"":""/experiment/purple_similar/image_03085.jpg""},{""label"":""purple_11"",""location"":""/experiment/purple_similar/image_07517.jpg""},{""label"":""purple_1"",""location"":""/experiment/purple_similar/image_00450.jpg""},{""label"":""purple_9"",""location"":""/experiment/purple_similar/image_06714.jpg""},{""label"":""purple_7"",""location"":""/experiment/purple_similar/image_05355.jpg""},{""label"":""purple_5"",""location"":""/experiment/purple_similar/image_04335.jpg""},{""label"":""purple_6"",""location"":""/experiment/purple_similar/image_04700.jpg""}","{""label"":""white_6"",""location"":""/experiment/white_similar/image_05280.jpg""},{""label"":""white_7"",""location"":""/experiment/white_similar/image_05493.jpg""},{""label"":""white_4"",""location"":""/experiment/white_similar/image_03710.jpg""},{""label"":""white_5"",""location"":""/experiment/white_similar/image_04849.jpg""}","{""white_6"":""white flower with yellow center"",""white_7"":""white flower with red"",""white_4"":""white and yellow flower"",""white_5"":""white flower with green""}",Minu,Laju,purple_11,2610,0.136,1,8,"purple_7,purple_6,purple_11,purple_5,purple_10,purple_3",,
AAKp4BwY6iiD2nkBF,,2021-08-20T17:42:01Z,2021-08-20T17:42:01Z,1,"instructions,othercolortest,ExitSurvey",2021-08-20T17:47:38Z,finished,,,,2021-08-20T17:38:33Z,3,6,different,3,0,everyplayersomeflower,clover,D,Minu,/avatars/jdenticon/Alaina,#7ACC66,2.856,"{""purple_1"":"""",""purple_2"":"""",""purple_3"":"""",""purple_4"":"""",""purple_5"":"""",""purple_6"":"""",""purple_7"":"""",""purple_8"":"""",""purple_9"":"""",""purple_10"":"""",""purple_11"":"""",""purple_12"":""""}","{""label"":""purple_3"",""location"":""/experiment/purple_similar/image_03085.jpg""},{""label"":""purple_2"",""location"":""/experiment/purple_similar/image_01664.jpg""},{""label"":""purple_1"",""location"":""/experiment/purple_similar/image_00450.jpg""},{""label"":""purple_11"",""location"":""/experiment/purple_similar/image_07517.jpg""},{""label"":""purple_4"",""location"":""/experiment/purple_similar/image_04133.jpg""},{""label"":""purple_10"",""location"":""/experiment/purple_similar/image_07320.jpg""},{""label"":""purple_6"",""location"":""/experiment/purple_similar/image_04700.jpg""},{""label"":""purple_8"",""location"":""/experiment/purple_similar/image_05639.jpg""},{""label"":""purple_5"",""location"":""/experiment/purple_similar/image_04335.jpg""},{""label"":""purple_7"",""location"":""/experiment/purple_similar/image_05355.jpg""},{""label"":""purple_12"",""location"":""/experiment/purple_similar/image_07752.jpg""},{""label"":""purple_9"",""location"":""/experiment/purple_similar/image_06714.jpg""}","{""label"":""red_11"",""location"":""/experiment/red_similar/image_07641.jpg""},{""label"":""red_3"",""location"":""/experiment/red_similar/image_01973.jpg""},{""label"":""red_6"",""location"":""/experiment/red_similar/image_03162.jpg""},{""label"":""red_9"",""location"":""/experiment/red_similar/image_06787.jpg""}","{""red_11"":""Circular shape"",""red_3"":""Red leaf"",""red_6"":""All red"",""red_9"":""Red and yellow leaves""}",Repi,Laju,purple_3,84,0.204,1,12,"purple_1,purple_3,purple_10,purple_12,purple_11,purple_9",,
ysMH6WmAmuTADCu5b,,2021-08-20T17:43:19Z,2021-08-20T17:43:19Z,1,"instructions,othercolortest,ExitSurvey",2021-08-20T17:47:30Z,finished,,,,2021-08-20T17:38:59Z,3,6,different,3,0,everyplayersomeflower,clover,C,Laju,/avatars/jdenticon/Katherine,#3D45B7,2.1930000000000005,"{""white_1"":"""",""white_2"":"""",""white_3"":"""",""white_4"":"""",""white_5"":"""",""white_6"":"""",""white_7"":"""",""white_8"":"""",""white_9"":"""",""white_10"":"""",""white_11"":"""",""white_12"":""""}","{""label"":""white_12"",""location"":""/experiment/white_similar/image_08131.jpg""},{""label"":""white_1"",""location"":""/experiment/white_similar/image_00006.jpg""},{""label"":""white_7"",""location"":""/experiment/white_similar/image_05493.jpg""},{""label"":""white_5"",""location"":""/experiment/white_similar/image_04849.jpg""},{""label"":""white_2"",""location"":""/experiment/white_similar/image_01448.jpg""},{""label"":""white_6"",""location"":""/experiment/white_similar/image_05280.jpg""},{""label"":""white_11"",""location"":""/experiment/white_similar/image_07463.jpg""},{""label"":""white_4"",""location"":""/experiment/white_similar/image_03710.jpg""},{""label"":""white_8"",""location"":""/experiment/white_similar/image_05846.jpg""},{""label"":""white_10"",""location"":""/experiment/white_similar/image_07057.jpg""},{""label"":""white_3"",""location"":""/experiment/white_similar/image_03139.jpg""},{""label"":""white_9"",""location"":""/experiment/white_similar/image_06003.jpg""}","{""label"":""purple_8"",""location"":""/experiment/purple_similar/image_05639.jpg""},{""label"":""purple_5"",""location"":""/experiment/purple_similar/image_04335.jpg""},{""label"":""purple_11"",""location"":""/experiment/purple_similar/image_07517.jpg""},{""label"":""purple_4"",""location"":""/experiment/purple_similar/image_04133.jpg""}","{""purple_8"":""PURPLE"",""purple_5"":""SMALL"",""purple_11"":""FLAT LEAVES"",""purple_4"":""ROUND""}",Repi,Minu,white_7,2330,0.136,1,8,"white_2,white_6,white_5,white_11,white_9,white_7",,
CS4GSXSEz58nvL3i7,,2021-08-20T17:42:30Z,2021-08-20T17:42:30Z,1,"instructions,othercolortest,ExitSurvey",2021-08-20T17:48:41Z,finished,,,,2021-08-20T17:39:00Z,3,6,different,3,0,everyplayersomeflower,clover,D,Repi,/avatars/jdenticon/Samuel,#8138A8,1.6830000000000003,"{""red_1"":"""",""red_2"":"""",""red_3"":"""",""red_4"":"""",""red_5"":"""",""red_6"":"""",""red_7"":"""",""red_8"":"""",""red_9"":"""",""red_10"":"""",""red_11"":"""",""red_12"":""""}","{""label"":""red_11"",""location"":""/experiment/red_similar/image_07641.jpg""},{""label"":""red_2"",""location"":""/experiment/red_similar/image_01583.jpg""},{""label"":""red_9"",""location"":""/experiment/red_similar/image_06787.jpg""},{""label"":""red_10"",""location"":""/experiment/red_similar/image_06859.jpg""},{""label"":""red_6"",""location"":""/experiment/red_similar/image_03162.jpg""},{""label"":""red_8"",""location"":""/experiment/red_similar/image_06490.jpg""},{""label"":""red_1"",""location"":""/experiment/red_similar/image_00757.jpg""},{""label"":""red_4"",""location"":""/experiment/red_similar/image_02269.jpg""},{""label"":""red_7"",""location"":""/experiment/red_similar/image_04769.jpg""},{""label"":""red_5"",""location"":""/experiment/red_similar/image_02561.jpg""},{""label"":""red_3"",""location"":""/experiment/red_similar/image_01973.jpg""},{""label"":""red_12"",""location"":""/experiment/red_similar/image_07931.jpg""}","{""label"":""yellow_8"",""location"":""/experiment/yellow_similar/image_04982.jpg""},{""label"":""yellow_5"",""location"":""/experiment/yellow_similar/image_04078.jpg""},{""label"":""yellow_11"",""location"":""/experiment/yellow_similar/image_06354.jpg""},{""label"":""yellow_9"",""location"":""/experiment/yellow_similar/image_05700.jpg""}","{""yellow_8"":""Puffy circular yellow flowers."",""yellow_5"":""Yellow flowers that look similar to daisies."",""yellow_11"":""Floppy yellow flower with large petals."",""yellow_9"":""Yellow flowers with six petals.""}",Minu,Laju,red_1,2074,0.068,1,4,"red_12,red_2,red_1,red_3,red_4,red_5",,
Pk2f6o9n4Pfqbuf6G,,2021-08-20T17:44:07Z,2021-08-20T17:44:07Z,1,"instructions,othercolortest,ExitSurvey",2021-08-20T17:49:17Z,finished,,,,2021-08-20T17:39:20Z,3,6,different,3,0,everyplayersomeflower,clover,D,Minu,/avatars/jdenticon/Alaina,#7ACC66,2.1420000000000003,"{""purple_1"":"""",""purple_2"":"""",""purple_3"":"""",""purple_4"":"""",""purple_5"":"""",""purple_6"":"""",""purple_7"":"""",""purple_8"":"""",""purple_9"":"""",""purple_10"":"""",""purple_11"":"""",""purple_12"":""""}","{""label"":""purple_2"",""location"":""/experiment/purple_similar/image_01664.jpg""},{""label"":""purple_9"",""location"":""/experiment/purple_similar/image_06714.jpg""},{""label"":""purple_8"",""location"":""/experiment/purple_similar/image_05639.jpg""},{""label"":""purple_5"",""location"":""/experiment/purple_similar/image_04335.jpg""},{""label"":""purple_12"",""location"":""/experiment/purple_similar/image_07752.jpg""},{""label"":""purple_10"",""location"":""/experiment/purple_similar/image_07320.jpg""},{""label"":""purple_6"",""location"":""/experiment/purple_similar/image_04700.jpg""},{""label"":""purple_4"",""location"":""/experiment/purple_similar/image_04133.jpg""},{""label"":""purple_1"",""location"":""/experiment/purple_similar/image_00450.jpg""},{""label"":""purple_11"",""location"":""/experiment/purple_similar/image_07517.jpg""},{""label"":""purple_3"",""location"":""/experiment/purple_similar/image_03085.jpg""},{""label"":""purple_7"",""location"":""/experiment/purple_similar/image_05355.jpg""}","{""label"":""white_9"",""location"":""/experiment/white_similar/image_06003.jpg""},{""label"":""white_6"",""location"":""/experiment/white_similar/image_05280.jpg""},{""label"":""white_11"",""location"":""/experiment/white_similar/image_07463.jpg""},{""label"":""white_3"",""location"":""/experiment/white_similar/image_03139.jpg""}","{""white_9"":""White star shaped flower with a ring of yellow stamens in the centre"",""white_6"":""Ruffled looking white flower with a rounded group of stamens in the middle"",""white_11"":""Foxglove type flower, white with long bell shaped flowers"",""white_3"":""Snapdragon-type flower, white with a yellowish centre""}",Repi,Laju,purple_3,3340,0.102,1,6,"purple_6,purple_5,purple_3,purple_10,purple_11,purple_7",,
Jm4BKLLPKhhmWfeGh,,2021-08-20T17:43:11Z,2021-08-20T17:43:11Z,1,"instructions,othercolortest,ExitSurvey",2021-08-20T17:48:41Z,finished,,,,2021-08-20T17:39:37Z,3,6,different,3,0,everyplayersomeflower,clover,D,Minu,/avatars/jdenticon/Alaina,#7ACC66,2.3969999999999994,"{""red_1"":"""",""red_2"":"""",""red_3"":"""",""red_4"":"""",""red_5"":"""",""red_6"":"""",""red_7"":"""",""red_8"":"""",""red_9"":"""",""red_10"":"""",""red_11"":"""",""red_12"":""""}","{""label"":""red_10"",""location"":""/experiment/red_similar/image_06859.jpg""},{""label"":""red_11"",""location"":""/experiment/red_similar/image_07641.jpg""},{""label"":""red_12"",""location"":""/experiment/red_similar/image_07931.jpg""},{""label"":""red_7"",""location"":""/experiment/red_similar/image_04769.jpg""},{""label"":""red_3"",""location"":""/experiment/red_similar/image_01973.jpg""},{""label"":""red_5"",""location"":""/experiment/red_similar/image_02561.jpg""},{""label"":""red_1"",""location"":""/experiment/red_similar/image_00757.jpg""},{""label"":""red_2"",""location"":""/experiment/red_similar/image_01583.jpg""},{""label"":""red_4"",""location"":""/experiment/red_similar/image_02269.jpg""},{""label"":""red_8"",""location"":""/experiment/red_similar/image_06490.jpg""},{""label"":""red_6"",""location"":""/experiment/red_similar/image_03162.jpg""},{""label"":""red_9"",""location"":""/experiment/red_similar/image_06787.jpg""}","{""label"":""yellow_1"",""location"":""/experiment/yellow_similar/image_01220.jpg""},{""label"":""yellow_4"",""location"":""/experiment/yellow_similar/image_03709.jpg""},{""label"":""yellow_8"",""location"":""/experiment/yellow_similar/image_04982.jpg""},{""label"":""yellow_9"",""location"":""/experiment/yellow_similar/image_05700.jpg""}","{""yellow_1"":""A shorter round flower, several internal petals"",""yellow_4"":""A group of flowers, all identical and closely bunched together,not circular"",""yellow_8"":""Circular, differing in size"",""yellow_9"":""Daffodil""}",Repi,Laju,red_5,-879,0.034,2,2,"red_1,red_4,red_5,red_3,red_2,red_12",,
