_id,batchId,playerId,stageId,roundId,gameId,createdAt,submittedAt
2D9PLthmBoffZKhsn,CLHYz2B7kBdBoc5yy,A5wDcqbHDfd2qH6jn,yjpFTCJCKKtLmRTYe,NZ8k7w55dfbPWjpyx,rtnDKeowXkSmYzi2R,2021-06-01T16:16:50Z,2021-06-01T16:18:19Z
qJEyxJn3x3y5jgaDo,CLHYz2B7kBdBoc5yy,HmnoMqJaevZB3nnrp,yjpFTCJCKKtLmRTYe,NZ8k7w55dfbPWjpyx,rtnDKeowXkSmYzi2R,2021-06-01T16:16:50Z,2021-06-01T16:18:20Z
QufDTopJq6ddHqoKR,CLHYz2B7kBdBoc5yy,Ranoktc7EobeyQgzA,yjpFTCJCKKtLmRTYe,NZ8k7w55dfbPWjpyx,rtnDKeowXkSmYzi2R,2021-06-01T16:16:50Z,2021-06-01T16:18:17Z
BMiyTo3vR69dKq8ZW,CLHYz2B7kBdBoc5yy,A5wDcqbHDfd2qH6jn,DShHxwzkDpooQv9KT,NZ8k7w55dfbPWjpyx,rtnDKeowXkSmYzi2R,2021-06-01T16:16:50Z,
j9z7xDvw6LxaQyQqY,CLHYz2B7kBdBoc5yy,HmnoMqJaevZB3nnrp,DShHxwzkDpooQv9KT,NZ8k7w55dfbPWjpyx,rtnDKeowXkSmYzi2R,2021-06-01T16:16:50Z,
3Y8h4gAz3XuQTBJvG,CLHYz2B7kBdBoc5yy,Ranoktc7EobeyQgzA,DShHxwzkDpooQv9KT,NZ8k7w55dfbPWjpyx,rtnDKeowXkSmYzi2R,2021-06-01T16:16:50Z,
Es2CzSahZStdaPDGs,CLHYz2B7kBdBoc5yy,A5wDcqbHDfd2qH6jn,yM4X8TSHgkuXnFgcT,X9qo7mxvL3deaLeDr,rtnDKeowXkSmYzi2R,2021-06-01T16:16:50Z,2021-06-01T16:20:25Z
nrszcQEAWK4wbKcde,CLHYz2B7kBdBoc5yy,HmnoMqJaevZB3nnrp,yM4X8TSHgkuXnFgcT,X9qo7mxvL3deaLeDr,rtnDKeowXkSmYzi2R,2021-06-01T16:16:50Z,2021-06-01T16:20:23Z
c9i92kkeehkuuri77,CLHYz2B7kBdBoc5yy,Ranoktc7EobeyQgzA,yM4X8TSHgkuXnFgcT,X9qo7mxvL3deaLeDr,rtnDKeowXkSmYzi2R,2021-06-01T16:16:50Z,2021-06-01T16:20:25Z
KNmCRAQNGaZHduntx,CLHYz2B7kBdBoc5yy,A5wDcqbHDfd2qH6jn,JpHCZtnxAfvAhHrSW,X9qo7mxvL3deaLeDr,rtnDKeowXkSmYzi2R,2021-06-01T16:16:50Z,
FMQpXD6EFZ8HQuk4y,CLHYz2B7kBdBoc5yy,HmnoMqJaevZB3nnrp,JpHCZtnxAfvAhHrSW,X9qo7mxvL3deaLeDr,rtnDKeowXkSmYzi2R,2021-06-01T16:16:50Z,
T9qnK5NCWuJQSvNfB,CLHYz2B7kBdBoc5yy,Ranoktc7EobeyQgzA,JpHCZtnxAfvAhHrSW,X9qo7mxvL3deaLeDr,rtnDKeowXkSmYzi2R,2021-06-01T16:16:50Z,
hcZPpQK5GPMMHZhi8,CLHYz2B7kBdBoc5yy,A5wDcqbHDfd2qH6jn,CnimdPaHBkNW36HJw,tYSzAXCPsWq7iqvRQ,rtnDKeowXkSmYzi2R,2021-06-01T16:16:50Z,2021-06-01T16:22:25Z
cvMPaYdBvzSqmjG4s,CLHYz2B7kBdBoc5yy,HmnoMqJaevZB3nnrp,CnimdPaHBkNW36HJw,tYSzAXCPsWq7iqvRQ,rtnDKeowXkSmYzi2R,2021-06-01T16:16:50Z,2021-06-01T16:22:26Z
eu7Qdt2QHDTmmQm69,CLHYz2B7kBdBoc5yy,Ranoktc7EobeyQgzA,CnimdPaHBkNW36HJw,tYSzAXCPsWq7iqvRQ,rtnDKeowXkSmYzi2R,2021-06-01T16:16:50Z,2021-06-01T16:22:25Z
6xWm6cwhjgzN6ixgQ,CLHYz2B7kBdBoc5yy,A5wDcqbHDfd2qH6jn,Bknv4nCFdHnHSg4w4,tYSzAXCPsWq7iqvRQ,rtnDKeowXkSmYzi2R,2021-06-01T16:16:50Z,
CRZQDrt2guuCXCg84,CLHYz2B7kBdBoc5yy,HmnoMqJaevZB3nnrp,Bknv4nCFdHnHSg4w4,tYSzAXCPsWq7iqvRQ,rtnDKeowXkSmYzi2R,2021-06-01T16:16:50Z,
7PnQFbNWAsszPQyrv,CLHYz2B7kBdBoc5yy,Ranoktc7EobeyQgzA,Bknv4nCFdHnHSg4w4,tYSzAXCPsWq7iqvRQ,rtnDKeowXkSmYzi2R,2021-06-01T16:16:50Z,
kkXmwL3W69myzwQCF,CLHYz2B7kBdBoc5yy,A5wDcqbHDfd2qH6jn,8yWBc94fBK9qjB4cG,dSbm3Wrc6W4g5s9q7,rtnDKeowXkSmYzi2R,2021-06-01T16:16:50Z,2021-06-01T16:23:28Z
Av4qB7HE6m5TrqwCW,CLHYz2B7kBdBoc5yy,HmnoMqJaevZB3nnrp,8yWBc94fBK9qjB4cG,dSbm3Wrc6W4g5s9q7,rtnDKeowXkSmYzi2R,2021-06-01T16:16:50Z,2021-06-01T16:23:30Z
2PsPbSBD5QLhQ8RDE,CLHYz2B7kBdBoc5yy,Ranoktc7EobeyQgzA,8yWBc94fBK9qjB4cG,dSbm3Wrc6W4g5s9q7,rtnDKeowXkSmYzi2R,2021-06-01T16:16:50Z,2021-06-01T16:23:29Z
2S6hte6CYsJimrapM,CLHYz2B7kBdBoc5yy,A5wDcqbHDfd2qH6jn,KGj9R3YQanZ8ohbJr,dSbm3Wrc6W4g5s9q7,rtnDKeowXkSmYzi2R,2021-06-01T16:16:50Z,
jGLgLqQwqFFLkAXfv,CLHYz2B7kBdBoc5yy,HmnoMqJaevZB3nnrp,KGj9R3YQanZ8ohbJr,dSbm3Wrc6W4g5s9q7,rtnDKeowXkSmYzi2R,2021-06-01T16:16:50Z,
JehJrnYAXi6AJSAMQ,CLHYz2B7kBdBoc5yy,Ranoktc7EobeyQgzA,KGj9R3YQanZ8ohbJr,dSbm3Wrc6W4g5s9q7,rtnDKeowXkSmYzi2R,2021-06-01T16:16:50Z,
JDNKEi78PKa3y5b2p,CLHYz2B7kBdBoc5yy,A5wDcqbHDfd2qH6jn,85NM85ez8cHNXX3JW,7ZycCfxZu5kAsKsfZ,rtnDKeowXkSmYzi2R,2021-06-01T16:16:50Z,2021-06-01T16:25:10Z
bFBcJd448sdHoLxFn,CLHYz2B7kBdBoc5yy,HmnoMqJaevZB3nnrp,85NM85ez8cHNXX3JW,7ZycCfxZu5kAsKsfZ,rtnDKeowXkSmYzi2R,2021-06-01T16:16:50Z,2021-06-01T16:25:12Z
tGHabtyLJeFcQnh5K,CLHYz2B7kBdBoc5yy,Ranoktc7EobeyQgzA,85NM85ez8cHNXX3JW,7ZycCfxZu5kAsKsfZ,rtnDKeowXkSmYzi2R,2021-06-01T16:16:50Z,2021-06-01T16:25:09Z
j6Eh76eNXcoYEKya9,CLHYz2B7kBdBoc5yy,A5wDcqbHDfd2qH6jn,Z3zGL8Dc582nNuFep,7ZycCfxZu5kAsKsfZ,rtnDKeowXkSmYzi2R,2021-06-01T16:16:50Z,
wPFBnB8kpkFE8LreN,CLHYz2B7kBdBoc5yy,HmnoMqJaevZB3nnrp,Z3zGL8Dc582nNuFep,7ZycCfxZu5kAsKsfZ,rtnDKeowXkSmYzi2R,2021-06-01T16:16:50Z,
srJwZbFBHQhKASxgN,CLHYz2B7kBdBoc5yy,Ranoktc7EobeyQgzA,Z3zGL8Dc582nNuFep,7ZycCfxZu5kAsKsfZ,rtnDKeowXkSmYzi2R,2021-06-01T16:16:50Z,
qFDxMYJxPMQfv7op8,CLHYz2B7kBdBoc5yy,A5wDcqbHDfd2qH6jn,oPNDgXaDHTSqp2Hrv,wSojFpzjz5N7bT9oy,rtnDKeowXkSmYzi2R,2021-06-01T16:16:50Z,2021-06-01T16:26:27Z
DfXsR5ijeadCa8Nos,CLHYz2B7kBdBoc5yy,HmnoMqJaevZB3nnrp,oPNDgXaDHTSqp2Hrv,wSojFpzjz5N7bT9oy,rtnDKeowXkSmYzi2R,2021-06-01T16:16:50Z,2021-06-01T16:26:28Z
5aL888nG7FWJAe5Hv,CLHYz2B7kBdBoc5yy,Ranoktc7EobeyQgzA,oPNDgXaDHTSqp2Hrv,wSojFpzjz5N7bT9oy,rtnDKeowXkSmYzi2R,2021-06-01T16:16:50Z,2021-06-01T16:26:28Z
idPSRrCgm2rAZBXeB,CLHYz2B7kBdBoc5yy,A5wDcqbHDfd2qH6jn,2FhvQsrHgS9e2eqB7,wSojFpzjz5N7bT9oy,rtnDKeowXkSmYzi2R,2021-06-01T16:16:50Z,
7QeDYyGE7SJrmqaRD,CLHYz2B7kBdBoc5yy,HmnoMqJaevZB3nnrp,2FhvQsrHgS9e2eqB7,wSojFpzjz5N7bT9oy,rtnDKeowXkSmYzi2R,2021-06-01T16:16:50Z,
KBN5pW6JHeTKFuWRd,CLHYz2B7kBdBoc5yy,Ranoktc7EobeyQgzA,2FhvQsrHgS9e2eqB7,wSojFpzjz5N7bT9oy,rtnDKeowXkSmYzi2R,2021-06-01T16:16:50Z,
m6d3sWpBzifdndrDz,CLHYz2B7kBdBoc5yy,A5wDcqbHDfd2qH6jn,SY7XBXjTB8PXAT2My,YZsw4boYrtCemAFSt,rtnDKeowXkSmYzi2R,2021-06-01T16:16:50Z,2021-06-01T16:27:03Z
BFwyXtZo3vi4shXyC,CLHYz2B7kBdBoc5yy,HmnoMqJaevZB3nnrp,SY7XBXjTB8PXAT2My,YZsw4boYrtCemAFSt,rtnDKeowXkSmYzi2R,2021-06-01T16:16:50Z,2021-06-01T16:27:05Z
mM9FQZyc2NcBf5bRv,CLHYz2B7kBdBoc5yy,Ranoktc7EobeyQgzA,SY7XBXjTB8PXAT2My,YZsw4boYrtCemAFSt,rtnDKeowXkSmYzi2R,2021-06-01T16:16:50Z,2021-06-01T16:27:03Z
4neQXzrrzciT6QnQj,CLHYz2B7kBdBoc5yy,A5wDcqbHDfd2qH6jn,JKGsBAJ9J54Kogb8J,YZsw4boYrtCemAFSt,rtnDKeowXkSmYzi2R,2021-06-01T16:16:50Z,
zgizY3RFu5nmxDxqx,CLHYz2B7kBdBoc5yy,HmnoMqJaevZB3nnrp,JKGsBAJ9J54Kogb8J,YZsw4boYrtCemAFSt,rtnDKeowXkSmYzi2R,2021-06-01T16:16:50Z,
qiNPzFL43TGmXAKba,CLHYz2B7kBdBoc5yy,Ranoktc7EobeyQgzA,JKGsBAJ9J54Kogb8J,YZsw4boYrtCemAFSt,rtnDKeowXkSmYzi2R,2021-06-01T16:16:50Z,
TcM23CiAa7BNAi9Sr,CLHYz2B7kBdBoc5yy,A5wDcqbHDfd2qH6jn,FPxQizAabASfHMLnp,J9xxji4cHstdbfYNT,rtnDKeowXkSmYzi2R,2021-06-01T16:16:50Z,2021-06-01T16:27:38Z
dh6phA7WXZz35A4MG,CLHYz2B7kBdBoc5yy,HmnoMqJaevZB3nnrp,FPxQizAabASfHMLnp,J9xxji4cHstdbfYNT,rtnDKeowXkSmYzi2R,2021-06-01T16:16:50Z,2021-06-01T16:27:37Z
HwKC3rg6mxsJhxw2e,CLHYz2B7kBdBoc5yy,Ranoktc7EobeyQgzA,FPxQizAabASfHMLnp,J9xxji4cHstdbfYNT,rtnDKeowXkSmYzi2R,2021-06-01T16:16:50Z,2021-06-01T16:27:39Z
fkrACsKSHeyEL3t5r,CLHYz2B7kBdBoc5yy,A5wDcqbHDfd2qH6jn,wLwvfbjS5fz8AsLuo,J9xxji4cHstdbfYNT,rtnDKeowXkSmYzi2R,2021-06-01T16:16:50Z,
RRAX9ncc8L4SATEfy,CLHYz2B7kBdBoc5yy,HmnoMqJaevZB3nnrp,wLwvfbjS5fz8AsLuo,J9xxji4cHstdbfYNT,rtnDKeowXkSmYzi2R,2021-06-01T16:16:50Z,
Gs5hyHaRkTh7SsDZM,CLHYz2B7kBdBoc5yy,Ranoktc7EobeyQgzA,wLwvfbjS5fz8AsLuo,J9xxji4cHstdbfYNT,rtnDKeowXkSmYzi2R,2021-06-01T16:16:50Z,
ai46LpHvTyDH2Xe3h,CLHYz2B7kBdBoc5yy,A5wDcqbHDfd2qH6jn,uB3ftJwcAWLsWe7Cr,jua4NvhuzxMYMeSXc,rtnDKeowXkSmYzi2R,2021-06-01T16:16:50Z,2021-06-01T16:28:25Z
mZhjDXMKHYzoeDhyD,CLHYz2B7kBdBoc5yy,HmnoMqJaevZB3nnrp,uB3ftJwcAWLsWe7Cr,jua4NvhuzxMYMeSXc,rtnDKeowXkSmYzi2R,2021-06-01T16:16:50Z,2021-06-01T16:28:27Z
WoQWtaWFDhXdcwEHw,CLHYz2B7kBdBoc5yy,Ranoktc7EobeyQgzA,uB3ftJwcAWLsWe7Cr,jua4NvhuzxMYMeSXc,rtnDKeowXkSmYzi2R,2021-06-01T16:16:50Z,2021-06-01T16:28:26Z
SoZ33HDLoFJm9v5Nq,CLHYz2B7kBdBoc5yy,A5wDcqbHDfd2qH6jn,JDz5FZtm8gpBGvPKR,jua4NvhuzxMYMeSXc,rtnDKeowXkSmYzi2R,2021-06-01T16:16:50Z,
e6B8HCrYDwndkNpQz,CLHYz2B7kBdBoc5yy,HmnoMqJaevZB3nnrp,JDz5FZtm8gpBGvPKR,jua4NvhuzxMYMeSXc,rtnDKeowXkSmYzi2R,2021-06-01T16:16:50Z,
xo9mwmaThdJXgfvXw,CLHYz2B7kBdBoc5yy,Ranoktc7EobeyQgzA,JDz5FZtm8gpBGvPKR,jua4NvhuzxMYMeSXc,rtnDKeowXkSmYzi2R,2021-06-01T16:16:50Z,
AnWQxevFbxRh878bG,CLHYz2B7kBdBoc5yy,A5wDcqbHDfd2qH6jn,2tdCTW4vQq2c5PL5a,9tx2hkgnGfoqTQwC7,rtnDKeowXkSmYzi2R,2021-06-01T16:16:50Z,2021-06-01T16:28:51Z
zHcLRZuxDtkHwuW95,CLHYz2B7kBdBoc5yy,HmnoMqJaevZB3nnrp,2tdCTW4vQq2c5PL5a,9tx2hkgnGfoqTQwC7,rtnDKeowXkSmYzi2R,2021-06-01T16:16:50Z,2021-06-01T16:28:50Z
RjYT3wPwdivAXQbxF,CLHYz2B7kBdBoc5yy,Ranoktc7EobeyQgzA,2tdCTW4vQq2c5PL5a,9tx2hkgnGfoqTQwC7,rtnDKeowXkSmYzi2R,2021-06-01T16:16:50Z,2021-06-01T16:28:49Z
kMibSWTfqiBALN9es,CLHYz2B7kBdBoc5yy,A5wDcqbHDfd2qH6jn,QJ35NJWzwLscWXj3G,9tx2hkgnGfoqTQwC7,rtnDKeowXkSmYzi2R,2021-06-01T16:16:50Z,
pMm2PiFzd8P4i3b4e,CLHYz2B7kBdBoc5yy,HmnoMqJaevZB3nnrp,QJ35NJWzwLscWXj3G,9tx2hkgnGfoqTQwC7,rtnDKeowXkSmYzi2R,2021-06-01T16:16:50Z,
zMwsCC7ueSJGHHXgY,CLHYz2B7kBdBoc5yy,Ranoktc7EobeyQgzA,QJ35NJWzwLscWXj3G,9tx2hkgnGfoqTQwC7,rtnDKeowXkSmYzi2R,2021-06-01T16:16:50Z,
nKzKRnaXrtsgnFrFf,CLHYz2B7kBdBoc5yy,A5wDcqbHDfd2qH6jn,Yrbdzpruuh2Pgp5oH,NJkjPicscXXXdRGne,rtnDKeowXkSmYzi2R,2021-06-01T16:16:50Z,2021-06-01T16:29:45Z
FnjfBH7A8aXyJTs6s,CLHYz2B7kBdBoc5yy,HmnoMqJaevZB3nnrp,Yrbdzpruuh2Pgp5oH,NJkjPicscXXXdRGne,rtnDKeowXkSmYzi2R,2021-06-01T16:16:50Z,2021-06-01T16:29:45Z
vbk5ECYk7XPErRukw,CLHYz2B7kBdBoc5yy,Ranoktc7EobeyQgzA,Yrbdzpruuh2Pgp5oH,NJkjPicscXXXdRGne,rtnDKeowXkSmYzi2R,2021-06-01T16:16:50Z,2021-06-01T16:29:46Z
XFsjeGnMGJXtSLg58,CLHYz2B7kBdBoc5yy,A5wDcqbHDfd2qH6jn,JYgm83jy7Djff2yQL,NJkjPicscXXXdRGne,rtnDKeowXkSmYzi2R,2021-06-01T16:16:50Z,
KAexid4uEE9MpXtnJ,CLHYz2B7kBdBoc5yy,HmnoMqJaevZB3nnrp,JYgm83jy7Djff2yQL,NJkjPicscXXXdRGne,rtnDKeowXkSmYzi2R,2021-06-01T16:16:50Z,
EN7Wz7ii6v8BNuHkH,CLHYz2B7kBdBoc5yy,Ranoktc7EobeyQgzA,JYgm83jy7Djff2yQL,NJkjPicscXXXdRGne,rtnDKeowXkSmYzi2R,2021-06-01T16:16:50Z,
TwTgWoLmJ26WvesF8,CLHYz2B7kBdBoc5yy,A5wDcqbHDfd2qH6jn,t5eXwCuhu4aujRdYv,wmRyZv7MnrbNgFuBd,rtnDKeowXkSmYzi2R,2021-06-01T16:16:50Z,2021-06-01T16:30:43Z
BtsCmw9uNKgwHYKz2,CLHYz2B7kBdBoc5yy,HmnoMqJaevZB3nnrp,t5eXwCuhu4aujRdYv,wmRyZv7MnrbNgFuBd,rtnDKeowXkSmYzi2R,2021-06-01T16:16:50Z,2021-06-01T16:30:45Z
tYHwmeiozEoz4qNZ7,CLHYz2B7kBdBoc5yy,Ranoktc7EobeyQgzA,t5eXwCuhu4aujRdYv,wmRyZv7MnrbNgFuBd,rtnDKeowXkSmYzi2R,2021-06-01T16:16:50Z,2021-06-01T16:30:45Z
2gZNvcDNEaqc6Er8C,CLHYz2B7kBdBoc5yy,A5wDcqbHDfd2qH6jn,qo9tsy8RQqe3ZjjK9,wmRyZv7MnrbNgFuBd,rtnDKeowXkSmYzi2R,2021-06-01T16:16:50Z,
pzDd67xZNppNCHdb3,CLHYz2B7kBdBoc5yy,HmnoMqJaevZB3nnrp,qo9tsy8RQqe3ZjjK9,wmRyZv7MnrbNgFuBd,rtnDKeowXkSmYzi2R,2021-06-01T16:16:50Z,
eYRngnKkqWEttgMya,CLHYz2B7kBdBoc5yy,Ranoktc7EobeyQgzA,qo9tsy8RQqe3ZjjK9,wmRyZv7MnrbNgFuBd,rtnDKeowXkSmYzi2R,2021-06-01T16:16:50Z,
8wQpSv5rFtMZuamgZ,CLHYz2B7kBdBoc5yy,A5wDcqbHDfd2qH6jn,rWS5o4dXtcTJJCSnu,4FK4Wti5bKjMp5TL7,rtnDKeowXkSmYzi2R,2021-06-01T16:16:50Z,2021-06-01T16:32:07Z
yTrdRxHm74J7vJpsc,CLHYz2B7kBdBoc5yy,HmnoMqJaevZB3nnrp,rWS5o4dXtcTJJCSnu,4FK4Wti5bKjMp5TL7,rtnDKeowXkSmYzi2R,2021-06-01T16:16:50Z,2021-06-01T16:32:11Z
2E7YF3yMs23yzYnGf,CLHYz2B7kBdBoc5yy,Ranoktc7EobeyQgzA,rWS5o4dXtcTJJCSnu,4FK4Wti5bKjMp5TL7,rtnDKeowXkSmYzi2R,2021-06-01T16:16:50Z,2021-06-01T16:32:10Z
8Gnux5gMQjRyxS3ZW,CLHYz2B7kBdBoc5yy,A5wDcqbHDfd2qH6jn,RWMLbDm42apvJmCYA,4FK4Wti5bKjMp5TL7,rtnDKeowXkSmYzi2R,2021-06-01T16:16:50Z,
dKDbAhNZudE5yhWoQ,CLHYz2B7kBdBoc5yy,HmnoMqJaevZB3nnrp,RWMLbDm42apvJmCYA,4FK4Wti5bKjMp5TL7,rtnDKeowXkSmYzi2R,2021-06-01T16:16:50Z,
SwW3HZkGnh2jwCeZu,CLHYz2B7kBdBoc5yy,Ranoktc7EobeyQgzA,RWMLbDm42apvJmCYA,4FK4Wti5bKjMp5TL7,rtnDKeowXkSmYzi2R,2021-06-01T16:16:50Z,
3vsJhEH4vTmMqKHAK,CLHYz2B7kBdBoc5yy,A5wDcqbHDfd2qH6jn,2msTRyu3sCWBuWLTc,fKsL8taAbNNgCRAuc,rtnDKeowXkSmYzi2R,2021-06-01T16:16:50Z,2021-06-01T16:32:41Z
iT6JmmeXjLkzo5H5k,CLHYz2B7kBdBoc5yy,HmnoMqJaevZB3nnrp,2msTRyu3sCWBuWLTc,fKsL8taAbNNgCRAuc,rtnDKeowXkSmYzi2R,2021-06-01T16:16:50Z,2021-06-01T16:32:43Z
DaPtHt9w7gc5g4ex2,CLHYz2B7kBdBoc5yy,Ranoktc7EobeyQgzA,2msTRyu3sCWBuWLTc,fKsL8taAbNNgCRAuc,rtnDKeowXkSmYzi2R,2021-06-01T16:16:50Z,2021-06-01T16:32:41Z
ByRhcGmxfZhjWLnDM,CLHYz2B7kBdBoc5yy,A5wDcqbHDfd2qH6jn,Qbp3822QqZLp94Te3,fKsL8taAbNNgCRAuc,rtnDKeowXkSmYzi2R,2021-06-01T16:16:50Z,
AnuqFgKTrAf2NoEbC,CLHYz2B7kBdBoc5yy,HmnoMqJaevZB3nnrp,Qbp3822QqZLp94Te3,fKsL8taAbNNgCRAuc,rtnDKeowXkSmYzi2R,2021-06-01T16:16:50Z,
2TF3dYZj95rivi3qX,CLHYz2B7kBdBoc5yy,Ranoktc7EobeyQgzA,Qbp3822QqZLp94Te3,fKsL8taAbNNgCRAuc,rtnDKeowXkSmYzi2R,2021-06-01T16:16:50Z,
dfxd5sCy46syBodKS,CLHYz2B7kBdBoc5yy,A5wDcqbHDfd2qH6jn,vz9niTaatvyYLt4vz,hFfBPPqbyj8cxZfsD,rtnDKeowXkSmYzi2R,2021-06-01T16:16:50Z,2021-06-01T16:33:37Z
e6jZkovNXqRiRXQpe,CLHYz2B7kBdBoc5yy,HmnoMqJaevZB3nnrp,vz9niTaatvyYLt4vz,hFfBPPqbyj8cxZfsD,rtnDKeowXkSmYzi2R,2021-06-01T16:16:50Z,2021-06-01T16:33:34Z
McmS59jQQpCoN58iN,CLHYz2B7kBdBoc5yy,Ranoktc7EobeyQgzA,vz9niTaatvyYLt4vz,hFfBPPqbyj8cxZfsD,rtnDKeowXkSmYzi2R,2021-06-01T16:16:50Z,2021-06-01T16:33:35Z
etCRzsqgFvhhAs3w3,CLHYz2B7kBdBoc5yy,A5wDcqbHDfd2qH6jn,XtqRDMh4JW57PDnZE,hFfBPPqbyj8cxZfsD,rtnDKeowXkSmYzi2R,2021-06-01T16:16:50Z,
N7jZMR8A92xbnBRiY,CLHYz2B7kBdBoc5yy,HmnoMqJaevZB3nnrp,XtqRDMh4JW57PDnZE,hFfBPPqbyj8cxZfsD,rtnDKeowXkSmYzi2R,2021-06-01T16:16:50Z,
Jy3PCZ9eXQpqTjNTP,CLHYz2B7kBdBoc5yy,Ranoktc7EobeyQgzA,XtqRDMh4JW57PDnZE,hFfBPPqbyj8cxZfsD,rtnDKeowXkSmYzi2R,2021-06-01T16:16:50Z,
tSkzEQ7WSBKtLCRa9,CLHYz2B7kBdBoc5yy,A5wDcqbHDfd2qH6jn,fYiyH339qav4xfgTm,4jWwG2MLekkWGCJGp,rtnDKeowXkSmYzi2R,2021-06-01T16:16:50Z,2021-06-01T16:33:58Z
SAhjdiAaKEKDSbKhp,CLHYz2B7kBdBoc5yy,HmnoMqJaevZB3nnrp,fYiyH339qav4xfgTm,4jWwG2MLekkWGCJGp,rtnDKeowXkSmYzi2R,2021-06-01T16:16:50Z,2021-06-01T16:33:57Z
QAm98XRSKxFbaFc9D,CLHYz2B7kBdBoc5yy,Ranoktc7EobeyQgzA,fYiyH339qav4xfgTm,4jWwG2MLekkWGCJGp,rtnDKeowXkSmYzi2R,2021-06-01T16:16:50Z,2021-06-01T16:33:59Z
92zpDZrYSk6KRYqjd,CLHYz2B7kBdBoc5yy,A5wDcqbHDfd2qH6jn,3dQP6nraygtrzfkK9,4jWwG2MLekkWGCJGp,rtnDKeowXkSmYzi2R,2021-06-01T16:16:50Z,
tFo77iL4HorwHYG2B,CLHYz2B7kBdBoc5yy,HmnoMqJaevZB3nnrp,3dQP6nraygtrzfkK9,4jWwG2MLekkWGCJGp,rtnDKeowXkSmYzi2R,2021-06-01T16:16:50Z,
iLreZL8MZsM7AsZfL,CLHYz2B7kBdBoc5yy,Ranoktc7EobeyQgzA,3dQP6nraygtrzfkK9,4jWwG2MLekkWGCJGp,rtnDKeowXkSmYzi2R,2021-06-01T16:16:50Z,
Tt6s24NgyAHiatdbd,CLHYz2B7kBdBoc5yy,A5wDcqbHDfd2qH6jn,PuhYYgGes62Ddqsxm,y4upDidEFAw3BcECo,rtnDKeowXkSmYzi2R,2021-06-01T16:16:50Z,2021-06-01T16:34:40Z
vaxr74yyFkdLapZ5N,CLHYz2B7kBdBoc5yy,HmnoMqJaevZB3nnrp,PuhYYgGes62Ddqsxm,y4upDidEFAw3BcECo,rtnDKeowXkSmYzi2R,2021-06-01T16:16:50Z,2021-06-01T16:34:39Z
QuzK6KMXLY39RvE3D,CLHYz2B7kBdBoc5yy,Ranoktc7EobeyQgzA,PuhYYgGes62Ddqsxm,y4upDidEFAw3BcECo,rtnDKeowXkSmYzi2R,2021-06-01T16:16:50Z,2021-06-01T16:34:40Z
b6ZnCnEbDQvtarSns,CLHYz2B7kBdBoc5yy,A5wDcqbHDfd2qH6jn,9yMZhxbKRschy78xN,y4upDidEFAw3BcECo,rtnDKeowXkSmYzi2R,2021-06-01T16:16:50Z,
yDXNko2LjhjCAANtT,CLHYz2B7kBdBoc5yy,HmnoMqJaevZB3nnrp,9yMZhxbKRschy78xN,y4upDidEFAw3BcECo,rtnDKeowXkSmYzi2R,2021-06-01T16:16:50Z,
dCXtZLdbmHjsRNjMd,CLHYz2B7kBdBoc5yy,Ranoktc7EobeyQgzA,9yMZhxbKRschy78xN,y4upDidEFAw3BcECo,rtnDKeowXkSmYzi2R,2021-06-01T16:16:50Z,
E7K5CkZAe3MWkkHGk,CLHYz2B7kBdBoc5yy,A5wDcqbHDfd2qH6jn,o53TCXAYJwrsK5BXh,hf2J8xoAd2Gwmvzxf,rtnDKeowXkSmYzi2R,2021-06-01T16:16:50Z,2021-06-01T16:36:06Z
vE6W9SroLzvBHfKT8,CLHYz2B7kBdBoc5yy,HmnoMqJaevZB3nnrp,o53TCXAYJwrsK5BXh,hf2J8xoAd2Gwmvzxf,rtnDKeowXkSmYzi2R,2021-06-01T16:16:50Z,2021-06-01T16:36:06Z
fsTf4auuhFGNwwca8,CLHYz2B7kBdBoc5yy,Ranoktc7EobeyQgzA,o53TCXAYJwrsK5BXh,hf2J8xoAd2Gwmvzxf,rtnDKeowXkSmYzi2R,2021-06-01T16:16:50Z,2021-06-01T16:36:03Z
C8qjWg4EuLZk7oXQY,CLHYz2B7kBdBoc5yy,A5wDcqbHDfd2qH6jn,8umSshyn9cDr65rgH,hf2J8xoAd2Gwmvzxf,rtnDKeowXkSmYzi2R,2021-06-01T16:16:50Z,
QstSEFBhPuntaPEMG,CLHYz2B7kBdBoc5yy,HmnoMqJaevZB3nnrp,8umSshyn9cDr65rgH,hf2J8xoAd2Gwmvzxf,rtnDKeowXkSmYzi2R,2021-06-01T16:16:50Z,
YHTkxhbixw6HgL88f,CLHYz2B7kBdBoc5yy,Ranoktc7EobeyQgzA,8umSshyn9cDr65rgH,hf2J8xoAd2Gwmvzxf,rtnDKeowXkSmYzi2R,2021-06-01T16:16:50Z,
D6PKEAHgqLQ9HczJd,CLHYz2B7kBdBoc5yy,A5wDcqbHDfd2qH6jn,4w2rskq5xAFj7aKjD,sz38qkeHxqeR8swzv,rtnDKeowXkSmYzi2R,2021-06-01T16:16:50Z,2021-06-01T16:36:57Z
uezBw7FDEiCeGMiWm,CLHYz2B7kBdBoc5yy,HmnoMqJaevZB3nnrp,4w2rskq5xAFj7aKjD,sz38qkeHxqeR8swzv,rtnDKeowXkSmYzi2R,2021-06-01T16:16:50Z,2021-06-01T16:36:58Z
5BNirESjhrZ56xg5d,CLHYz2B7kBdBoc5yy,Ranoktc7EobeyQgzA,4w2rskq5xAFj7aKjD,sz38qkeHxqeR8swzv,rtnDKeowXkSmYzi2R,2021-06-01T16:16:50Z,2021-06-01T16:36:57Z
SRS7N5Fm86tYuWSmu,CLHYz2B7kBdBoc5yy,A5wDcqbHDfd2qH6jn,auwRPMS6YhWdvh99t,sz38qkeHxqeR8swzv,rtnDKeowXkSmYzi2R,2021-06-01T16:16:50Z,
9Taao544WTqQwdchE,CLHYz2B7kBdBoc5yy,HmnoMqJaevZB3nnrp,auwRPMS6YhWdvh99t,sz38qkeHxqeR8swzv,rtnDKeowXkSmYzi2R,2021-06-01T16:16:50Z,
Giv8LbXdGDoCCZCpY,CLHYz2B7kBdBoc5yy,Ranoktc7EobeyQgzA,auwRPMS6YhWdvh99t,sz38qkeHxqeR8swzv,rtnDKeowXkSmYzi2R,2021-06-01T16:16:50Z,
XqsYEJZT9LpC3Mu38,CLHYz2B7kBdBoc5yy,A5wDcqbHDfd2qH6jn,D5MwvRQLHNXcQcweE,nBN5a96QWb2Y5oZyp,rtnDKeowXkSmYzi2R,2021-06-01T16:16:50Z,2021-06-01T16:38:06Z
e2bjXhYSAJrvS5GgD,CLHYz2B7kBdBoc5yy,HmnoMqJaevZB3nnrp,D5MwvRQLHNXcQcweE,nBN5a96QWb2Y5oZyp,rtnDKeowXkSmYzi2R,2021-06-01T16:16:50Z,2021-06-01T16:38:06Z
7c73mWECNCFAgwtae,CLHYz2B7kBdBoc5yy,Ranoktc7EobeyQgzA,D5MwvRQLHNXcQcweE,nBN5a96QWb2Y5oZyp,rtnDKeowXkSmYzi2R,2021-06-01T16:16:50Z,2021-06-01T16:38:05Z
PyBLpTqMJCNymHv7s,CLHYz2B7kBdBoc5yy,A5wDcqbHDfd2qH6jn,woebhtzTiasZtQRHM,nBN5a96QWb2Y5oZyp,rtnDKeowXkSmYzi2R,2021-06-01T16:16:50Z,
KytzWamTKMECJna9h,CLHYz2B7kBdBoc5yy,HmnoMqJaevZB3nnrp,woebhtzTiasZtQRHM,nBN5a96QWb2Y5oZyp,rtnDKeowXkSmYzi2R,2021-06-01T16:16:50Z,
A8J7acJM6HRRLoQEx,CLHYz2B7kBdBoc5yy,Ranoktc7EobeyQgzA,woebhtzTiasZtQRHM,nBN5a96QWb2Y5oZyp,rtnDKeowXkSmYzi2R,2021-06-01T16:16:50Z,
TkRFKmrebxjeRnQwr,CLHYz2B7kBdBoc5yy,A5wDcqbHDfd2qH6jn,EHxEtyqRxx33rdQbo,Fgayr7J8ZdFa5g7rt,rtnDKeowXkSmYzi2R,2021-06-01T16:16:50Z,2021-06-01T16:40:27Z
tXyqW4TCBnFhM8BdG,CLHYz2B7kBdBoc5yy,HmnoMqJaevZB3nnrp,EHxEtyqRxx33rdQbo,Fgayr7J8ZdFa5g7rt,rtnDKeowXkSmYzi2R,2021-06-01T16:16:50Z,2021-06-01T16:40:28Z
Xyei8d6vzHPsYD9tL,CLHYz2B7kBdBoc5yy,Ranoktc7EobeyQgzA,EHxEtyqRxx33rdQbo,Fgayr7J8ZdFa5g7rt,rtnDKeowXkSmYzi2R,2021-06-01T16:16:50Z,2021-06-01T16:40:26Z
QCoevy9atLrKw34DA,CLHYz2B7kBdBoc5yy,A5wDcqbHDfd2qH6jn,22uPPTcsNYP4ncBkY,Fgayr7J8ZdFa5g7rt,rtnDKeowXkSmYzi2R,2021-06-01T16:16:50Z,
epDCoujcJg7Xtg6CQ,CLHYz2B7kBdBoc5yy,HmnoMqJaevZB3nnrp,22uPPTcsNYP4ncBkY,Fgayr7J8ZdFa5g7rt,rtnDKeowXkSmYzi2R,2021-06-01T16:16:50Z,
nuMYWzh5ab3ncqu3d,CLHYz2B7kBdBoc5yy,Ranoktc7EobeyQgzA,22uPPTcsNYP4ncBkY,Fgayr7J8ZdFa5g7rt,rtnDKeowXkSmYzi2R,2021-06-01T16:16:50Z,
hxhTeaPFoLydNLuHm,CLHYz2B7kBdBoc5yy,A5wDcqbHDfd2qH6jn,v5WbRsmkbNh7tn3Ys,cJdE3nLFXBWWEAwah,rtnDKeowXkSmYzi2R,2021-06-01T16:16:50Z,2021-06-01T16:41:01Z
dsHv7S6BAiJDGdLy7,CLHYz2B7kBdBoc5yy,HmnoMqJaevZB3nnrp,v5WbRsmkbNh7tn3Ys,cJdE3nLFXBWWEAwah,rtnDKeowXkSmYzi2R,2021-06-01T16:16:50Z,2021-06-01T16:40:59Z
w3SWhpAwduEnaaQvb,CLHYz2B7kBdBoc5yy,Ranoktc7EobeyQgzA,v5WbRsmkbNh7tn3Ys,cJdE3nLFXBWWEAwah,rtnDKeowXkSmYzi2R,2021-06-01T16:16:50Z,2021-06-01T16:41:00Z
F9YW6QTjdC7NgQTLm,CLHYz2B7kBdBoc5yy,A5wDcqbHDfd2qH6jn,kcgDgSP4S98JYuK4z,cJdE3nLFXBWWEAwah,rtnDKeowXkSmYzi2R,2021-06-01T16:16:50Z,
FXq9zTFpbAMFrWvGh,CLHYz2B7kBdBoc5yy,HmnoMqJaevZB3nnrp,kcgDgSP4S98JYuK4z,cJdE3nLFXBWWEAwah,rtnDKeowXkSmYzi2R,2021-06-01T16:16:50Z,
ortDRK99CLdG6BTrz,CLHYz2B7kBdBoc5yy,Ranoktc7EobeyQgzA,kcgDgSP4S98JYuK4z,cJdE3nLFXBWWEAwah,rtnDKeowXkSmYzi2R,2021-06-01T16:16:50Z,
PY5GaCJtEZ5WX5GCx,CLHYz2B7kBdBoc5yy,A5wDcqbHDfd2qH6jn,N6k5FPhzzr37xTJFk,YvXwRGtab4hPNFNvK,rtnDKeowXkSmYzi2R,2021-06-01T16:16:50Z,2021-06-01T16:41:32Z
oxGsmQbRFc3jge2qt,CLHYz2B7kBdBoc5yy,HmnoMqJaevZB3nnrp,N6k5FPhzzr37xTJFk,YvXwRGtab4hPNFNvK,rtnDKeowXkSmYzi2R,2021-06-01T16:16:50Z,2021-06-01T16:41:33Z
YAbDxumNhdcHpcvxj,CLHYz2B7kBdBoc5yy,Ranoktc7EobeyQgzA,N6k5FPhzzr37xTJFk,YvXwRGtab4hPNFNvK,rtnDKeowXkSmYzi2R,2021-06-01T16:16:50Z,2021-06-01T16:41:31Z
b5BeK74gmeTkMsknu,CLHYz2B7kBdBoc5yy,A5wDcqbHDfd2qH6jn,8agxxhfRemiKztMYs,YvXwRGtab4hPNFNvK,rtnDKeowXkSmYzi2R,2021-06-01T16:16:50Z,
ApDPWm96wJmsLwsRP,CLHYz2B7kBdBoc5yy,HmnoMqJaevZB3nnrp,8agxxhfRemiKztMYs,YvXwRGtab4hPNFNvK,rtnDKeowXkSmYzi2R,2021-06-01T16:16:50Z,
XyE9FtTMaRTX2ZmkT,CLHYz2B7kBdBoc5yy,Ranoktc7EobeyQgzA,8agxxhfRemiKztMYs,YvXwRGtab4hPNFNvK,rtnDKeowXkSmYzi2R,2021-06-01T16:16:50Z,
4m8MfBzDAgPfZjTZh,CLHYz2B7kBdBoc5yy,A5wDcqbHDfd2qH6jn,4D4Wc4aRiTNPh7fPc,cKx5ph5or6dJiyn8j,rtnDKeowXkSmYzi2R,2021-06-01T16:16:50Z,2021-06-01T16:42:18Z
EEF9RTQZY6YZYvXjP,CLHYz2B7kBdBoc5yy,HmnoMqJaevZB3nnrp,4D4Wc4aRiTNPh7fPc,cKx5ph5or6dJiyn8j,rtnDKeowXkSmYzi2R,2021-06-01T16:16:50Z,2021-06-01T16:42:19Z
3T3TqQ5QSQ4PYFJ7d,CLHYz2B7kBdBoc5yy,Ranoktc7EobeyQgzA,4D4Wc4aRiTNPh7fPc,cKx5ph5or6dJiyn8j,rtnDKeowXkSmYzi2R,2021-06-01T16:16:50Z,2021-06-01T16:42:18Z
pzyGDvirhvyoTqyCG,CLHYz2B7kBdBoc5yy,A5wDcqbHDfd2qH6jn,Cm355Y93Cbvf5W4q6,cKx5ph5or6dJiyn8j,rtnDKeowXkSmYzi2R,2021-06-01T16:16:50Z,
3PFGYNtbFrTjxFksZ,CLHYz2B7kBdBoc5yy,HmnoMqJaevZB3nnrp,Cm355Y93Cbvf5W4q6,cKx5ph5or6dJiyn8j,rtnDKeowXkSmYzi2R,2021-06-01T16:16:50Z,
NHHtu2ouz9P84NyNk,CLHYz2B7kBdBoc5yy,Ranoktc7EobeyQgzA,Cm355Y93Cbvf5W4q6,cKx5ph5or6dJiyn8j,rtnDKeowXkSmYzi2R,2021-06-01T16:16:50Z,
Wecawcre9Ypme6BbE,CLHYz2B7kBdBoc5yy,A5wDcqbHDfd2qH6jn,2ByXMAqkzj5qjqZJB,8bPE2DAkuX9MkeaR8,rtnDKeowXkSmYzi2R,2021-06-01T16:16:50Z,2021-06-01T16:43:04Z
7t5ToCwAovx8QnTKX,CLHYz2B7kBdBoc5yy,HmnoMqJaevZB3nnrp,2ByXMAqkzj5qjqZJB,8bPE2DAkuX9MkeaR8,rtnDKeowXkSmYzi2R,2021-06-01T16:16:50Z,2021-06-01T16:43:05Z
br4f4gB4kzpjdePkP,CLHYz2B7kBdBoc5yy,Ranoktc7EobeyQgzA,2ByXMAqkzj5qjqZJB,8bPE2DAkuX9MkeaR8,rtnDKeowXkSmYzi2R,2021-06-01T16:16:50Z,2021-06-01T16:43:03Z
FK2YE5MKc6gqpeBpj,CLHYz2B7kBdBoc5yy,A5wDcqbHDfd2qH6jn,mFFs2rZzekaPiemhA,8bPE2DAkuX9MkeaR8,rtnDKeowXkSmYzi2R,2021-06-01T16:16:50Z,
mbkacBDfYyASQMbfK,CLHYz2B7kBdBoc5yy,HmnoMqJaevZB3nnrp,mFFs2rZzekaPiemhA,8bPE2DAkuX9MkeaR8,rtnDKeowXkSmYzi2R,2021-06-01T16:16:50Z,
cASemgBeSBiNxn586,CLHYz2B7kBdBoc5yy,Ranoktc7EobeyQgzA,mFFs2rZzekaPiemhA,8bPE2DAkuX9MkeaR8,rtnDKeowXkSmYzi2R,2021-06-01T16:16:50Z,
bzRFAtKBAZyP7EAwY,CLHYz2B7kBdBoc5yy,A5wDcqbHDfd2qH6jn,rtMkB4NcdtqpGoE54,29ry9aPn2isMHQZYy,rtnDKeowXkSmYzi2R,2021-06-01T16:16:50Z,2021-06-01T16:43:46Z
xERDfekKHrpxRg9iE,CLHYz2B7kBdBoc5yy,HmnoMqJaevZB3nnrp,rtMkB4NcdtqpGoE54,29ry9aPn2isMHQZYy,rtnDKeowXkSmYzi2R,2021-06-01T16:16:50Z,2021-06-01T16:43:47Z
Bzcxa6P73dFhWXWQJ,CLHYz2B7kBdBoc5yy,Ranoktc7EobeyQgzA,rtMkB4NcdtqpGoE54,29ry9aPn2isMHQZYy,rtnDKeowXkSmYzi2R,2021-06-01T16:16:50Z,2021-06-01T16:43:45Z
oNqedBv3tpemdyp9q,CLHYz2B7kBdBoc5yy,A5wDcqbHDfd2qH6jn,jWs9Ru3WZh5zPN2C7,29ry9aPn2isMHQZYy,rtnDKeowXkSmYzi2R,2021-06-01T16:16:50Z,
SsMPvf2AYo768evcG,CLHYz2B7kBdBoc5yy,HmnoMqJaevZB3nnrp,jWs9Ru3WZh5zPN2C7,29ry9aPn2isMHQZYy,rtnDKeowXkSmYzi2R,2021-06-01T16:16:50Z,
ovHfifkWmfMJFP4ip,CLHYz2B7kBdBoc5yy,Ranoktc7EobeyQgzA,jWs9Ru3WZh5zPN2C7,29ry9aPn2isMHQZYy,rtnDKeowXkSmYzi2R,2021-06-01T16:16:50Z,
SwhuhYpfkRbuQiD6t,CLHYz2B7kBdBoc5yy,A5wDcqbHDfd2qH6jn,uqNWaZ3dJCKSKLMGj,9zYfz2PwQFeRayLBE,rtnDKeowXkSmYzi2R,2021-06-01T16:16:50Z,2021-06-01T16:44:28Z
GTq4jkSvDLWa5CS9F,CLHYz2B7kBdBoc5yy,HmnoMqJaevZB3nnrp,uqNWaZ3dJCKSKLMGj,9zYfz2PwQFeRayLBE,rtnDKeowXkSmYzi2R,2021-06-01T16:16:50Z,2021-06-01T16:44:28Z
SYGii4RE8M8wf4QNP,CLHYz2B7kBdBoc5yy,Ranoktc7EobeyQgzA,uqNWaZ3dJCKSKLMGj,9zYfz2PwQFeRayLBE,rtnDKeowXkSmYzi2R,2021-06-01T16:16:50Z,2021-06-01T16:44:28Z
GX3XAFkErXmpYxgSJ,CLHYz2B7kBdBoc5yy,A5wDcqbHDfd2qH6jn,hcuv9aGprrdt2p3Hk,9zYfz2PwQFeRayLBE,rtnDKeowXkSmYzi2R,2021-06-01T16:16:50Z,
KEe248wLtcfjcuYg4,CLHYz2B7kBdBoc5yy,HmnoMqJaevZB3nnrp,hcuv9aGprrdt2p3Hk,9zYfz2PwQFeRayLBE,rtnDKeowXkSmYzi2R,2021-06-01T16:16:50Z,
5WTtZdRCzC6S3iF7M,CLHYz2B7kBdBoc5yy,Ranoktc7EobeyQgzA,hcuv9aGprrdt2p3Hk,9zYfz2PwQFeRayLBE,rtnDKeowXkSmYzi2R,2021-06-01T16:16:50Z,
8iL7JFEEsfRqKB67i,CLHYz2B7kBdBoc5yy,A5wDcqbHDfd2qH6jn,T4jWA4hDzHy6eMBrJ,uR2FqFWqymmBNBmqM,rtnDKeowXkSmYzi2R,2021-06-01T16:16:50Z,2021-06-01T16:45:52Z
zJxF2F25Aw5483t46,CLHYz2B7kBdBoc5yy,HmnoMqJaevZB3nnrp,T4jWA4hDzHy6eMBrJ,uR2FqFWqymmBNBmqM,rtnDKeowXkSmYzi2R,2021-06-01T16:16:50Z,2021-06-01T16:45:54Z
jfSeChpQEfrJBLaQh,CLHYz2B7kBdBoc5yy,Ranoktc7EobeyQgzA,T4jWA4hDzHy6eMBrJ,uR2FqFWqymmBNBmqM,rtnDKeowXkSmYzi2R,2021-06-01T16:16:50Z,2021-06-01T16:45:50Z
hezmtcsSKq7EAkmbs,CLHYz2B7kBdBoc5yy,A5wDcqbHDfd2qH6jn,67XwCQRsxdeheWccK,uR2FqFWqymmBNBmqM,rtnDKeowXkSmYzi2R,2021-06-01T16:16:50Z,
5ecRA9JQb29KLpqqb,CLHYz2B7kBdBoc5yy,HmnoMqJaevZB3nnrp,67XwCQRsxdeheWccK,uR2FqFWqymmBNBmqM,rtnDKeowXkSmYzi2R,2021-06-01T16:16:50Z,
YWSMjoKmS6M5Yxubo,CLHYz2B7kBdBoc5yy,Ranoktc7EobeyQgzA,67XwCQRsxdeheWccK,uR2FqFWqymmBNBmqM,rtnDKeowXkSmYzi2R,2021-06-01T16:16:50Z,
mn6X4tnjvWuBn6SpQ,CLHYz2B7kBdBoc5yy,A5wDcqbHDfd2qH6jn,QyHgXhzTbRLXSQC5N,rpjuzLHXq5KxBcy3u,rtnDKeowXkSmYzi2R,2021-06-01T16:16:50Z,2021-06-01T16:46:48Z
uXSRG8FY3scn8LMjw,CLHYz2B7kBdBoc5yy,HmnoMqJaevZB3nnrp,QyHgXhzTbRLXSQC5N,rpjuzLHXq5KxBcy3u,rtnDKeowXkSmYzi2R,2021-06-01T16:16:50Z,2021-06-01T16:46:51Z
TvKhxe6jmDGhiTKo3,CLHYz2B7kBdBoc5yy,Ranoktc7EobeyQgzA,QyHgXhzTbRLXSQC5N,rpjuzLHXq5KxBcy3u,rtnDKeowXkSmYzi2R,2021-06-01T16:16:50Z,2021-06-01T16:46:49Z
Z7c64MBcp2ZJgYG2f,CLHYz2B7kBdBoc5yy,A5wDcqbHDfd2qH6jn,ehWXgpy9WELmJGN8P,rpjuzLHXq5KxBcy3u,rtnDKeowXkSmYzi2R,2021-06-01T16:16:50Z,
MqpFG7FfLQR2oTFEt,CLHYz2B7kBdBoc5yy,HmnoMqJaevZB3nnrp,ehWXgpy9WELmJGN8P,rpjuzLHXq5KxBcy3u,rtnDKeowXkSmYzi2R,2021-06-01T16:16:50Z,
GSKqZGWHE8pc9cAX8,CLHYz2B7kBdBoc5yy,Ranoktc7EobeyQgzA,ehWXgpy9WELmJGN8P,rpjuzLHXq5KxBcy3u,rtnDKeowXkSmYzi2R,2021-06-01T16:16:50Z,
EcMA2yccPFS56dDo4,CLHYz2B7kBdBoc5yy,A5wDcqbHDfd2qH6jn,XXTPsNPAZBC5AJrkg,z7QgDsQiLZaBsxmqG,rtnDKeowXkSmYzi2R,2021-06-01T16:16:50Z,2021-06-01T16:47:41Z
W8uYPR285M5LjjqgE,CLHYz2B7kBdBoc5yy,HmnoMqJaevZB3nnrp,XXTPsNPAZBC5AJrkg,z7QgDsQiLZaBsxmqG,rtnDKeowXkSmYzi2R,2021-06-01T16:16:50Z,2021-06-01T16:47:42Z
PD3dD7kJTd3fsiK7v,CLHYz2B7kBdBoc5yy,Ranoktc7EobeyQgzA,XXTPsNPAZBC5AJrkg,z7QgDsQiLZaBsxmqG,rtnDKeowXkSmYzi2R,2021-06-01T16:16:50Z,2021-06-01T16:47:39Z
RkQquHFLQs7Z7AwMf,CLHYz2B7kBdBoc5yy,A5wDcqbHDfd2qH6jn,FxhPSzBBTEC7Qpiva,z7QgDsQiLZaBsxmqG,rtnDKeowXkSmYzi2R,2021-06-01T16:16:50Z,
aMSzNNXLhdTihPWFz,CLHYz2B7kBdBoc5yy,HmnoMqJaevZB3nnrp,FxhPSzBBTEC7Qpiva,z7QgDsQiLZaBsxmqG,rtnDKeowXkSmYzi2R,2021-06-01T16:16:50Z,
RH5PEovFJZkufEM2E,CLHYz2B7kBdBoc5yy,Ranoktc7EobeyQgzA,FxhPSzBBTEC7Qpiva,z7QgDsQiLZaBsxmqG,rtnDKeowXkSmYzi2R,2021-06-01T16:16:50Z,
eR3M8b3bbbne68jbH,CLHYz2B7kBdBoc5yy,A5wDcqbHDfd2qH6jn,L3vxgNoPjRjqRGZwr,SRHLphbHQ8unoo37h,rtnDKeowXkSmYzi2R,2021-06-01T16:16:50Z,2021-06-01T16:48:27Z
N2dSzxLAn4zXYAT8c,CLHYz2B7kBdBoc5yy,HmnoMqJaevZB3nnrp,L3vxgNoPjRjqRGZwr,SRHLphbHQ8unoo37h,rtnDKeowXkSmYzi2R,2021-06-01T16:16:50Z,2021-06-01T16:48:27Z
62s5LsRaYSXJfFTDG,CLHYz2B7kBdBoc5yy,Ranoktc7EobeyQgzA,L3vxgNoPjRjqRGZwr,SRHLphbHQ8unoo37h,rtnDKeowXkSmYzi2R,2021-06-01T16:16:50Z,2021-06-01T16:48:26Z
yd7BfmoC5NYjwY9B6,CLHYz2B7kBdBoc5yy,A5wDcqbHDfd2qH6jn,xD2bNmQtMyBhdbo52,SRHLphbHQ8unoo37h,rtnDKeowXkSmYzi2R,2021-06-01T16:16:50Z,
aEocDo5FT4jarY2vJ,CLHYz2B7kBdBoc5yy,HmnoMqJaevZB3nnrp,xD2bNmQtMyBhdbo52,SRHLphbHQ8unoo37h,rtnDKeowXkSmYzi2R,2021-06-01T16:16:50Z,
thcSi3fxS7MT94GHa,CLHYz2B7kBdBoc5yy,Ranoktc7EobeyQgzA,xD2bNmQtMyBhdbo52,SRHLphbHQ8unoo37h,rtnDKeowXkSmYzi2R,2021-06-01T16:16:50Z,
BGs8J3MLRtGoKAkKS,CLHYz2B7kBdBoc5yy,A5wDcqbHDfd2qH6jn,AEYswFDxy4wkeRZfq,bbDyeif2dtPk7eKqM,rtnDKeowXkSmYzi2R,2021-06-01T16:16:50Z,2021-06-01T16:48:59Z
xvGSSMmomjy7ps9NC,CLHYz2B7kBdBoc5yy,HmnoMqJaevZB3nnrp,AEYswFDxy4wkeRZfq,bbDyeif2dtPk7eKqM,rtnDKeowXkSmYzi2R,2021-06-01T16:16:50Z,2021-06-01T16:49:01Z
p3wtqHZx2tg9xJeke,CLHYz2B7kBdBoc5yy,Ranoktc7EobeyQgzA,AEYswFDxy4wkeRZfq,bbDyeif2dtPk7eKqM,rtnDKeowXkSmYzi2R,2021-06-01T16:16:50Z,2021-06-01T16:49:01Z
SeAW4iG2SLTizNf9d,CLHYz2B7kBdBoc5yy,A5wDcqbHDfd2qH6jn,vsYsR8Mbfv4mHBCPs,bbDyeif2dtPk7eKqM,rtnDKeowXkSmYzi2R,2021-06-01T16:16:50Z,
SryFx2Dam6mkeAg3X,CLHYz2B7kBdBoc5yy,HmnoMqJaevZB3nnrp,vsYsR8Mbfv4mHBCPs,bbDyeif2dtPk7eKqM,rtnDKeowXkSmYzi2R,2021-06-01T16:16:50Z,
sp5HMQ5L3uSjFf5zx,CLHYz2B7kBdBoc5yy,Ranoktc7EobeyQgzA,vsYsR8Mbfv4mHBCPs,bbDyeif2dtPk7eKqM,rtnDKeowXkSmYzi2R,2021-06-01T16:16:50Z,
h8CgnhwLgARm8ZLtY,CLHYz2B7kBdBoc5yy,A5wDcqbHDfd2qH6jn,yMY3LmY8HvaDSAcMK,4N477XPeqySij6wtZ,rtnDKeowXkSmYzi2R,2021-06-01T16:16:50Z,2021-06-01T16:50:03Z
rnk9QYMM7KTHqvd85,CLHYz2B7kBdBoc5yy,HmnoMqJaevZB3nnrp,yMY3LmY8HvaDSAcMK,4N477XPeqySij6wtZ,rtnDKeowXkSmYzi2R,2021-06-01T16:16:50Z,2021-06-01T16:50:04Z
bzNRQfsn6r67MPEdk,CLHYz2B7kBdBoc5yy,Ranoktc7EobeyQgzA,yMY3LmY8HvaDSAcMK,4N477XPeqySij6wtZ,rtnDKeowXkSmYzi2R,2021-06-01T16:16:50Z,2021-06-01T16:50:02Z
Nem3BoWBPKHZcET6E,CLHYz2B7kBdBoc5yy,A5wDcqbHDfd2qH6jn,MaB4vqZbPt3PmNCJ4,4N477XPeqySij6wtZ,rtnDKeowXkSmYzi2R,2021-06-01T16:16:50Z,
MTcgpmW8AwLKnRrKE,CLHYz2B7kBdBoc5yy,HmnoMqJaevZB3nnrp,MaB4vqZbPt3PmNCJ4,4N477XPeqySij6wtZ,rtnDKeowXkSmYzi2R,2021-06-01T16:16:50Z,
D5vzrMnGSqisMHkzx,CLHYz2B7kBdBoc5yy,Ranoktc7EobeyQgzA,MaB4vqZbPt3PmNCJ4,4N477XPeqySij6wtZ,rtnDKeowXkSmYzi2R,2021-06-01T16:16:50Z,
h4KPgCtsC9q6waRoc,CLHYz2B7kBdBoc5yy,A5wDcqbHDfd2qH6jn,6QZtWzbHg2fr8mbKh,zpxxS9NXa6WRMAijC,rtnDKeowXkSmYzi2R,2021-06-01T16:16:50Z,2021-06-01T16:50:47Z
4tst7TzMxSmbFXGBY,CLHYz2B7kBdBoc5yy,HmnoMqJaevZB3nnrp,6QZtWzbHg2fr8mbKh,zpxxS9NXa6WRMAijC,rtnDKeowXkSmYzi2R,2021-06-01T16:16:50Z,2021-06-01T16:50:47Z
Q9Gqo4NKacNjj5f3g,CLHYz2B7kBdBoc5yy,Ranoktc7EobeyQgzA,6QZtWzbHg2fr8mbKh,zpxxS9NXa6WRMAijC,rtnDKeowXkSmYzi2R,2021-06-01T16:16:50Z,2021-06-01T16:50:46Z
NbBghNfCg2iSuFzzP,CLHYz2B7kBdBoc5yy,A5wDcqbHDfd2qH6jn,idQmqvRG5hHGW34Qf,zpxxS9NXa6WRMAijC,rtnDKeowXkSmYzi2R,2021-06-01T16:16:50Z,
8XFwhWN8XnBPGbbfY,CLHYz2B7kBdBoc5yy,HmnoMqJaevZB3nnrp,idQmqvRG5hHGW34Qf,zpxxS9NXa6WRMAijC,rtnDKeowXkSmYzi2R,2021-06-01T16:16:50Z,
jbtGHxqLEMCRfXCHa,CLHYz2B7kBdBoc5yy,Ranoktc7EobeyQgzA,idQmqvRG5hHGW34Qf,zpxxS9NXa6WRMAijC,rtnDKeowXkSmYzi2R,2021-06-01T16:16:50Z,
MXJRnyxhAtZ7EnYep,CLHYz2B7kBdBoc5yy,A5wDcqbHDfd2qH6jn,ptBLjdz7iM3nWqfZx,gbBY8XnqH66SSKYhG,rtnDKeowXkSmYzi2R,2021-06-01T16:16:50Z,2021-06-01T16:51:13Z
wm2iobDbwgihYNJEF,CLHYz2B7kBdBoc5yy,HmnoMqJaevZB3nnrp,ptBLjdz7iM3nWqfZx,gbBY8XnqH66SSKYhG,rtnDKeowXkSmYzi2R,2021-06-01T16:16:50Z,2021-06-01T16:51:11Z
RdDcDKnJsjKbw3sjj,CLHYz2B7kBdBoc5yy,Ranoktc7EobeyQgzA,ptBLjdz7iM3nWqfZx,gbBY8XnqH66SSKYhG,rtnDKeowXkSmYzi2R,2021-06-01T16:16:50Z,2021-06-01T16:51:13Z
5snji4LcqavQFGdcQ,CLHYz2B7kBdBoc5yy,A5wDcqbHDfd2qH6jn,PGSs5twqC6eEfePXv,gbBY8XnqH66SSKYhG,rtnDKeowXkSmYzi2R,2021-06-01T16:16:50Z,
vM2u3JEqLSdnMJHix,CLHYz2B7kBdBoc5yy,HmnoMqJaevZB3nnrp,PGSs5twqC6eEfePXv,gbBY8XnqH66SSKYhG,rtnDKeowXkSmYzi2R,2021-06-01T16:16:50Z,
T9knLYM4PM6g8jDyu,CLHYz2B7kBdBoc5yy,Ranoktc7EobeyQgzA,PGSs5twqC6eEfePXv,gbBY8XnqH66SSKYhG,rtnDKeowXkSmYzi2R,2021-06-01T16:16:50Z,
DacjEGPZr48yTht9N,CLHYz2B7kBdBoc5yy,A5wDcqbHDfd2qH6jn,uftguWaYNzpTMNpL6,DNhf5a8t3hJbvfc5n,rtnDKeowXkSmYzi2R,2021-06-01T16:16:50Z,2021-06-01T16:51:52Z
NEiYxGD42hjdyCLcj,CLHYz2B7kBdBoc5yy,HmnoMqJaevZB3nnrp,uftguWaYNzpTMNpL6,DNhf5a8t3hJbvfc5n,rtnDKeowXkSmYzi2R,2021-06-01T16:16:50Z,2021-06-01T16:51:51Z
iez2oNFYsCbuMWbbv,CLHYz2B7kBdBoc5yy,Ranoktc7EobeyQgzA,uftguWaYNzpTMNpL6,DNhf5a8t3hJbvfc5n,rtnDKeowXkSmYzi2R,2021-06-01T16:16:50Z,2021-06-01T16:51:55Z
NbJK9TrA7pGQsNL6o,CLHYz2B7kBdBoc5yy,A5wDcqbHDfd2qH6jn,mDqRG2fBHkSv7mipY,DNhf5a8t3hJbvfc5n,rtnDKeowXkSmYzi2R,2021-06-01T16:16:50Z,
4gKLkkRQT4myXkkYe,CLHYz2B7kBdBoc5yy,HmnoMqJaevZB3nnrp,mDqRG2fBHkSv7mipY,DNhf5a8t3hJbvfc5n,rtnDKeowXkSmYzi2R,2021-06-01T16:16:50Z,
csMRf6jtaFB2Kzkb6,CLHYz2B7kBdBoc5yy,Ranoktc7EobeyQgzA,mDqRG2fBHkSv7mipY,DNhf5a8t3hJbvfc5n,rtnDKeowXkSmYzi2R,2021-06-01T16:16:50Z,
Sm4gDHpjqn5vYmaf3,CLHYz2B7kBdBoc5yy,A5wDcqbHDfd2qH6jn,z2ph7Ku3E7TpWnRe7,PGXEr9f5nv9mbwjvh,rtnDKeowXkSmYzi2R,2021-06-01T16:16:50Z,2021-06-01T16:52:34Z
ggxD9ZZcjMcAa99kr,CLHYz2B7kBdBoc5yy,HmnoMqJaevZB3nnrp,z2ph7Ku3E7TpWnRe7,PGXEr9f5nv9mbwjvh,rtnDKeowXkSmYzi2R,2021-06-01T16:16:50Z,2021-06-01T16:52:34Z
kEFbuiTsHewkePnWo,CLHYz2B7kBdBoc5yy,Ranoktc7EobeyQgzA,z2ph7Ku3E7TpWnRe7,PGXEr9f5nv9mbwjvh,rtnDKeowXkSmYzi2R,2021-06-01T16:16:50Z,2021-06-01T16:52:33Z
NGAQyia37TFsELjnQ,CLHYz2B7kBdBoc5yy,A5wDcqbHDfd2qH6jn,JFhKumbcDuYeDcGzS,PGXEr9f5nv9mbwjvh,rtnDKeowXkSmYzi2R,2021-06-01T16:16:50Z,
Yn6fThfgJbuH5nKcT,CLHYz2B7kBdBoc5yy,HmnoMqJaevZB3nnrp,JFhKumbcDuYeDcGzS,PGXEr9f5nv9mbwjvh,rtnDKeowXkSmYzi2R,2021-06-01T16:16:50Z,
h5mFDD6ee4YwtcfAL,CLHYz2B7kBdBoc5yy,Ranoktc7EobeyQgzA,JFhKumbcDuYeDcGzS,PGXEr9f5nv9mbwjvh,rtnDKeowXkSmYzi2R,2021-06-01T16:16:50Z,
bxkXbvLzjiHyxNFw7,CLHYz2B7kBdBoc5yy,A5wDcqbHDfd2qH6jn,ZykS3zBdHMqacDSSK,nbP3Yhie3edhgXvPP,rtnDKeowXkSmYzi2R,2021-06-01T16:16:50Z,2021-06-01T16:53:25Z
j5mQzf2HasW5JD69m,CLHYz2B7kBdBoc5yy,HmnoMqJaevZB3nnrp,ZykS3zBdHMqacDSSK,nbP3Yhie3edhgXvPP,rtnDKeowXkSmYzi2R,2021-06-01T16:16:50Z,2021-06-01T16:53:26Z
HvmJyfmEhyQf7vrbW,CLHYz2B7kBdBoc5yy,Ranoktc7EobeyQgzA,ZykS3zBdHMqacDSSK,nbP3Yhie3edhgXvPP,rtnDKeowXkSmYzi2R,2021-06-01T16:16:50Z,2021-06-01T16:53:25Z
E3XNArn3SgYvx7XJz,CLHYz2B7kBdBoc5yy,A5wDcqbHDfd2qH6jn,KsXMaMrqgzMftoHHg,nbP3Yhie3edhgXvPP,rtnDKeowXkSmYzi2R,2021-06-01T16:16:50Z,
hYeMkbaaNsoaNXbhu,CLHYz2B7kBdBoc5yy,HmnoMqJaevZB3nnrp,KsXMaMrqgzMftoHHg,nbP3Yhie3edhgXvPP,rtnDKeowXkSmYzi2R,2021-06-01T16:16:50Z,
PLXGnBbpXpDCMEdgR,CLHYz2B7kBdBoc5yy,Ranoktc7EobeyQgzA,KsXMaMrqgzMftoHHg,nbP3Yhie3edhgXvPP,rtnDKeowXkSmYzi2R,2021-06-01T16:16:50Z,
vhxKgjACrnDMmAEhz,CLHYz2B7kBdBoc5yy,A5wDcqbHDfd2qH6jn,rXJqeFCqj4mCREzFu,6h3SxbaXkj9xtDkW9,rtnDKeowXkSmYzi2R,2021-06-01T16:16:50Z,2021-06-01T16:53:59Z
KYrgXdnSNmYKSfNei,CLHYz2B7kBdBoc5yy,HmnoMqJaevZB3nnrp,rXJqeFCqj4mCREzFu,6h3SxbaXkj9xtDkW9,rtnDKeowXkSmYzi2R,2021-06-01T16:16:50Z,2021-06-01T16:54:08Z
DeJj8xWu3xR4M2XLr,CLHYz2B7kBdBoc5yy,Ranoktc7EobeyQgzA,rXJqeFCqj4mCREzFu,6h3SxbaXkj9xtDkW9,rtnDKeowXkSmYzi2R,2021-06-01T16:16:50Z,2021-06-01T16:54:00Z
P8QKm6rfb2Y8FcCzb,CLHYz2B7kBdBoc5yy,A5wDcqbHDfd2qH6jn,7DWrMTrpRmFkapKSN,6h3SxbaXkj9xtDkW9,rtnDKeowXkSmYzi2R,2021-06-01T16:16:50Z,
Rx9Emzhu2Ji8o85YA,CLHYz2B7kBdBoc5yy,HmnoMqJaevZB3nnrp,7DWrMTrpRmFkapKSN,6h3SxbaXkj9xtDkW9,rtnDKeowXkSmYzi2R,2021-06-01T16:16:50Z,
3Fjgri234tPFpqTqg,CLHYz2B7kBdBoc5yy,Ranoktc7EobeyQgzA,7DWrMTrpRmFkapKSN,6h3SxbaXkj9xtDkW9,rtnDKeowXkSmYzi2R,2021-06-01T16:16:50Z,
tCNCe5TxKZ9RBEv4w,CLHYz2B7kBdBoc5yy,A5wDcqbHDfd2qH6jn,biEDudY2FoHByF52o,DjvLAR3JaH9bJnAzQ,rtnDKeowXkSmYzi2R,2021-06-01T16:16:50Z,2021-06-01T16:54:39Z
yWtSSF5t88JgzPjGK,CLHYz2B7kBdBoc5yy,HmnoMqJaevZB3nnrp,biEDudY2FoHByF52o,DjvLAR3JaH9bJnAzQ,rtnDKeowXkSmYzi2R,2021-06-01T16:16:50Z,2021-06-01T16:54:40Z
6eG3H84AiXLAtTNB8,CLHYz2B7kBdBoc5yy,Ranoktc7EobeyQgzA,biEDudY2FoHByF52o,DjvLAR3JaH9bJnAzQ,rtnDKeowXkSmYzi2R,2021-06-01T16:16:50Z,2021-06-01T16:54:38Z
ZmcKK5qGseFqrKSDq,CLHYz2B7kBdBoc5yy,A5wDcqbHDfd2qH6jn,ngFKyqghgNmEe4uhN,DjvLAR3JaH9bJnAzQ,rtnDKeowXkSmYzi2R,2021-06-01T16:16:50Z,
MXCMLRSgnndYZ34YM,CLHYz2B7kBdBoc5yy,HmnoMqJaevZB3nnrp,ngFKyqghgNmEe4uhN,DjvLAR3JaH9bJnAzQ,rtnDKeowXkSmYzi2R,2021-06-01T16:16:50Z,
Xs9jaJ8DTrb8tKzSR,CLHYz2B7kBdBoc5yy,Ranoktc7EobeyQgzA,ngFKyqghgNmEe4uhN,DjvLAR3JaH9bJnAzQ,rtnDKeowXkSmYzi2R,2021-06-01T16:16:50Z,
Wd9xRRdAHfWi4oahe,CLHYz2B7kBdBoc5yy,A5wDcqbHDfd2qH6jn,HbjmYiwtRge7iPWyL,FLJRWtvso3eEATfsk,rtnDKeowXkSmYzi2R,2021-06-01T16:16:51Z,2021-06-01T16:55:12Z
tkenFh7TfRseqXaRr,CLHYz2B7kBdBoc5yy,HmnoMqJaevZB3nnrp,HbjmYiwtRge7iPWyL,FLJRWtvso3eEATfsk,rtnDKeowXkSmYzi2R,2021-06-01T16:16:51Z,2021-06-01T16:55:11Z
f5ZLwPP4sTMHyjqap,CLHYz2B7kBdBoc5yy,Ranoktc7EobeyQgzA,HbjmYiwtRge7iPWyL,FLJRWtvso3eEATfsk,rtnDKeowXkSmYzi2R,2021-06-01T16:16:51Z,2021-06-01T16:55:10Z
NnxRxx2LApJeLY5pJ,CLHYz2B7kBdBoc5yy,A5wDcqbHDfd2qH6jn,MeourFteQrvbB7JLi,FLJRWtvso3eEATfsk,rtnDKeowXkSmYzi2R,2021-06-01T16:16:51Z,
rmmpmWTCJ6gPz3BxH,CLHYz2B7kBdBoc5yy,HmnoMqJaevZB3nnrp,MeourFteQrvbB7JLi,FLJRWtvso3eEATfsk,rtnDKeowXkSmYzi2R,2021-06-01T16:16:51Z,
2EMLwttqWq8TEhdT7,CLHYz2B7kBdBoc5yy,Ranoktc7EobeyQgzA,MeourFteQrvbB7JLi,FLJRWtvso3eEATfsk,rtnDKeowXkSmYzi2R,2021-06-01T16:16:51Z,
L2YfNYEQKF2xqGErw,CLHYz2B7kBdBoc5yy,A5wDcqbHDfd2qH6jn,iuidgYsTLjbfPtCtK,wJv9t4ySMxqCjwgpT,rtnDKeowXkSmYzi2R,2021-06-01T16:16:51Z,2021-06-01T16:55:56Z
hzrHGtdBB7AfswsK6,CLHYz2B7kBdBoc5yy,HmnoMqJaevZB3nnrp,iuidgYsTLjbfPtCtK,wJv9t4ySMxqCjwgpT,rtnDKeowXkSmYzi2R,2021-06-01T16:16:51Z,2021-06-01T16:55:58Z
ztTEqxpPxpDfjCZ62,CLHYz2B7kBdBoc5yy,Ranoktc7EobeyQgzA,iuidgYsTLjbfPtCtK,wJv9t4ySMxqCjwgpT,rtnDKeowXkSmYzi2R,2021-06-01T16:16:51Z,2021-06-01T16:55:56Z
maiJdw3XFMT28zytJ,CLHYz2B7kBdBoc5yy,A5wDcqbHDfd2qH6jn,k2kv7qs3qQikfZ7gd,wJv9t4ySMxqCjwgpT,rtnDKeowXkSmYzi2R,2021-06-01T16:16:51Z,
X9jHTZ4BbB9CZHSwK,CLHYz2B7kBdBoc5yy,HmnoMqJaevZB3nnrp,k2kv7qs3qQikfZ7gd,wJv9t4ySMxqCjwgpT,rtnDKeowXkSmYzi2R,2021-06-01T16:16:51Z,
4smJAuRsxWhFhPmZg,CLHYz2B7kBdBoc5yy,Ranoktc7EobeyQgzA,k2kv7qs3qQikfZ7gd,wJv9t4ySMxqCjwgpT,rtnDKeowXkSmYzi2R,2021-06-01T16:16:51Z,
q5TR9xP8WQ5rHr2eN,CLHYz2B7kBdBoc5yy,A5wDcqbHDfd2qH6jn,gXGWM7asZtpmoc3Q6,iPHbJB2KtuyQ3ip3s,rtnDKeowXkSmYzi2R,2021-06-01T16:16:51Z,2021-06-01T16:56:35Z
roZF3XQNqTGuHvePk,CLHYz2B7kBdBoc5yy,HmnoMqJaevZB3nnrp,gXGWM7asZtpmoc3Q6,iPHbJB2KtuyQ3ip3s,rtnDKeowXkSmYzi2R,2021-06-01T16:16:51Z,2021-06-01T16:56:37Z
KyK8ZRJ7YCZyKLvxm,CLHYz2B7kBdBoc5yy,Ranoktc7EobeyQgzA,gXGWM7asZtpmoc3Q6,iPHbJB2KtuyQ3ip3s,rtnDKeowXkSmYzi2R,2021-06-01T16:16:51Z,2021-06-01T16:56:35Z
TNPv3ej8hwvzYmEiF,CLHYz2B7kBdBoc5yy,A5wDcqbHDfd2qH6jn,ChGEjJXsced3DXQN8,iPHbJB2KtuyQ3ip3s,rtnDKeowXkSmYzi2R,2021-06-01T16:16:51Z,
hFPD6EAMuAkCTB9Dg,CLHYz2B7kBdBoc5yy,HmnoMqJaevZB3nnrp,ChGEjJXsced3DXQN8,iPHbJB2KtuyQ3ip3s,rtnDKeowXkSmYzi2R,2021-06-01T16:16:51Z,
5iXcz9BrDwzDxMvMR,CLHYz2B7kBdBoc5yy,Ranoktc7EobeyQgzA,ChGEjJXsced3DXQN8,iPHbJB2KtuyQ3ip3s,rtnDKeowXkSmYzi2R,2021-06-01T16:16:51Z,
u8jaWs7EfGw2JL8Gr,CLHYz2B7kBdBoc5yy,A5wDcqbHDfd2qH6jn,B3sArnAnQBu54sEKd,sgahs9ApcuzsRHsiF,rtnDKeowXkSmYzi2R,2021-06-01T16:16:51Z,2021-06-01T16:57:03Z
aiorKi6KsX2FwWx2J,CLHYz2B7kBdBoc5yy,HmnoMqJaevZB3nnrp,B3sArnAnQBu54sEKd,sgahs9ApcuzsRHsiF,rtnDKeowXkSmYzi2R,2021-06-01T16:16:51Z,2021-06-01T16:57:04Z
eWevpuiH6QtuMYpiT,CLHYz2B7kBdBoc5yy,Ranoktc7EobeyQgzA,B3sArnAnQBu54sEKd,sgahs9ApcuzsRHsiF,rtnDKeowXkSmYzi2R,2021-06-01T16:16:51Z,2021-06-01T16:57:04Z
YjkJ3gsgE3em5PBBv,CLHYz2B7kBdBoc5yy,A5wDcqbHDfd2qH6jn,4etxi98GdX4HnW7ZY,sgahs9ApcuzsRHsiF,rtnDKeowXkSmYzi2R,2021-06-01T16:16:51Z,
3LeKzwaunn5n5bmex,CLHYz2B7kBdBoc5yy,HmnoMqJaevZB3nnrp,4etxi98GdX4HnW7ZY,sgahs9ApcuzsRHsiF,rtnDKeowXkSmYzi2R,2021-06-01T16:16:51Z,
B3xp5Mu9tLZp66Q8k,CLHYz2B7kBdBoc5yy,Ranoktc7EobeyQgzA,4etxi98GdX4HnW7ZY,sgahs9ApcuzsRHsiF,rtnDKeowXkSmYzi2R,2021-06-01T16:16:51Z,
kppkfxRN6BYHuPZfe,CLHYz2B7kBdBoc5yy,A5wDcqbHDfd2qH6jn,aHjNeu7QmyzYZjxMC,STNaPWCfo8z8TSKQH,rtnDKeowXkSmYzi2R,2021-06-01T16:16:51Z,2021-06-01T16:57:32Z
fNFjxfiJkDjfM7Ssk,CLHYz2B7kBdBoc5yy,HmnoMqJaevZB3nnrp,aHjNeu7QmyzYZjxMC,STNaPWCfo8z8TSKQH,rtnDKeowXkSmYzi2R,2021-06-01T16:16:51Z,2021-06-01T16:57:33Z
orDCwwpgc5aqZ3WwH,CLHYz2B7kBdBoc5yy,Ranoktc7EobeyQgzA,aHjNeu7QmyzYZjxMC,STNaPWCfo8z8TSKQH,rtnDKeowXkSmYzi2R,2021-06-01T16:16:51Z,2021-06-01T16:57:31Z
zMqEsWvtqz8AZjGDJ,CLHYz2B7kBdBoc5yy,A5wDcqbHDfd2qH6jn,b5LtX3pkpfsoeYLsJ,STNaPWCfo8z8TSKQH,rtnDKeowXkSmYzi2R,2021-06-01T16:16:51Z,
P4iyCdh3yKt7qd7XA,CLHYz2B7kBdBoc5yy,HmnoMqJaevZB3nnrp,b5LtX3pkpfsoeYLsJ,STNaPWCfo8z8TSKQH,rtnDKeowXkSmYzi2R,2021-06-01T16:16:51Z,
r8pHhFvvtyjhGEHNB,CLHYz2B7kBdBoc5yy,Ranoktc7EobeyQgzA,b5LtX3pkpfsoeYLsJ,STNaPWCfo8z8TSKQH,rtnDKeowXkSmYzi2R,2021-06-01T16:16:51Z,
gJoAuoNohpxkD3LXS,CLHYz2B7kBdBoc5yy,A5wDcqbHDfd2qH6jn,At8Gm2eaRb3ERfjPZ,FEahgR55T4dqzPrKp,rtnDKeowXkSmYzi2R,2021-06-01T16:16:51Z,2021-06-01T16:58:02Z
g4JDsp8mqiKr9wbhD,CLHYz2B7kBdBoc5yy,HmnoMqJaevZB3nnrp,At8Gm2eaRb3ERfjPZ,FEahgR55T4dqzPrKp,rtnDKeowXkSmYzi2R,2021-06-01T16:16:51Z,2021-06-01T16:58:02Z
qNev7taiDTWrrLYBc,CLHYz2B7kBdBoc5yy,Ranoktc7EobeyQgzA,At8Gm2eaRb3ERfjPZ,FEahgR55T4dqzPrKp,rtnDKeowXkSmYzi2R,2021-06-01T16:16:51Z,2021-06-01T16:58:01Z
BquKD4CH5HiJGEg6s,CLHYz2B7kBdBoc5yy,A5wDcqbHDfd2qH6jn,bfZt5PRXpbb8QcNGS,FEahgR55T4dqzPrKp,rtnDKeowXkSmYzi2R,2021-06-01T16:16:51Z,
33tudrTofqjMY8N3N,CLHYz2B7kBdBoc5yy,HmnoMqJaevZB3nnrp,bfZt5PRXpbb8QcNGS,FEahgR55T4dqzPrKp,rtnDKeowXkSmYzi2R,2021-06-01T16:16:51Z,
p95psL7ZtsaSQcKQC,CLHYz2B7kBdBoc5yy,Ranoktc7EobeyQgzA,bfZt5PRXpbb8QcNGS,FEahgR55T4dqzPrKp,rtnDKeowXkSmYzi2R,2021-06-01T16:16:51Z,
nAKfvkmDnehqeRW9j,CLHYz2B7kBdBoc5yy,A5wDcqbHDfd2qH6jn,ZqxyP6xix4Nt6z5Z5,CKDQPcJwyGrPQxgMq,rtnDKeowXkSmYzi2R,2021-06-01T16:16:51Z,2021-06-01T16:58:32Z
L2KFbvMo93HmZKhpg,CLHYz2B7kBdBoc5yy,HmnoMqJaevZB3nnrp,ZqxyP6xix4Nt6z5Z5,CKDQPcJwyGrPQxgMq,rtnDKeowXkSmYzi2R,2021-06-01T16:16:51Z,2021-06-01T16:58:34Z
q34tDdGF49267pYjs,CLHYz2B7kBdBoc5yy,Ranoktc7EobeyQgzA,ZqxyP6xix4Nt6z5Z5,CKDQPcJwyGrPQxgMq,rtnDKeowXkSmYzi2R,2021-06-01T16:16:51Z,2021-06-01T16:58:33Z
kgkvjYtZgMG9iSubG,CLHYz2B7kBdBoc5yy,A5wDcqbHDfd2qH6jn,RrzYhTu8L4AiTiEyk,CKDQPcJwyGrPQxgMq,rtnDKeowXkSmYzi2R,2021-06-01T16:16:51Z,
cjptLjDxfqn5Mxs6h,CLHYz2B7kBdBoc5yy,HmnoMqJaevZB3nnrp,RrzYhTu8L4AiTiEyk,CKDQPcJwyGrPQxgMq,rtnDKeowXkSmYzi2R,2021-06-01T16:16:51Z,
9Q6PWif7HppQLhCL7,CLHYz2B7kBdBoc5yy,Ranoktc7EobeyQgzA,RrzYhTu8L4AiTiEyk,CKDQPcJwyGrPQxgMq,rtnDKeowXkSmYzi2R,2021-06-01T16:16:51Z,
w9nouaWfevQXqfjeC,CLHYz2B7kBdBoc5yy,A5wDcqbHDfd2qH6jn,zWiGQ4QDFZfv6YFT7,TH3eJW5mnDzzFA2kk,rtnDKeowXkSmYzi2R,2021-06-01T16:16:51Z,2021-06-01T16:59:11Z
wDrTo9dA8vM6Tmngp,CLHYz2B7kBdBoc5yy,HmnoMqJaevZB3nnrp,zWiGQ4QDFZfv6YFT7,TH3eJW5mnDzzFA2kk,rtnDKeowXkSmYzi2R,2021-06-01T16:16:51Z,2021-06-01T16:59:09Z
muwDXXgEuNZrGSPDg,CLHYz2B7kBdBoc5yy,Ranoktc7EobeyQgzA,zWiGQ4QDFZfv6YFT7,TH3eJW5mnDzzFA2kk,rtnDKeowXkSmYzi2R,2021-06-01T16:16:51Z,2021-06-01T16:59:04Z
JDthRYGX2sEh6pr8R,CLHYz2B7kBdBoc5yy,A5wDcqbHDfd2qH6jn,7Tc5BZBzvpHNBLF8T,TH3eJW5mnDzzFA2kk,rtnDKeowXkSmYzi2R,2021-06-01T16:16:51Z,
idhataSdLtYSSaqcm,CLHYz2B7kBdBoc5yy,HmnoMqJaevZB3nnrp,7Tc5BZBzvpHNBLF8T,TH3eJW5mnDzzFA2kk,rtnDKeowXkSmYzi2R,2021-06-01T16:16:51Z,
u8kp823WiAJhcLoju,CLHYz2B7kBdBoc5yy,Ranoktc7EobeyQgzA,7Tc5BZBzvpHNBLF8T,TH3eJW5mnDzzFA2kk,rtnDKeowXkSmYzi2R,2021-06-01T16:16:51Z,
