_id,bot,readyAt,timeoutStartedAt,timeoutWaitCount,exitStepsDone,exitAt,exitStatus,exitReason,retiredAt,retiredReason,createdAt,data.nParticipants,data.imageCount,data.pictures,data.timeAmount,data.timeOut,data.knowledge,data.collision,data.selection,data.name,data.avatar,data.nameColor,data.bonus,data.flower_labels,data.flowers,data.otherflowers,data.otherflower_labels,data.p1,data.p2,data.clicked,data.timeClick,data.scoreIncrement,data.clickLength,data.rawScore,data.imageOrder,data.exitTimeoutId
692PDnTB5DQZquLgC,,,,,,2021-08-18T18:10:46Z,gameFull,,2021-08-18T17:51:26Z,custom,2021-08-18T17:50:54Z,,,,,,,,,,,,,,,,,,,,,,,,,
TXFemmt8We9hkStPZ,,2021-08-18T18:06:06Z,2021-08-18T18:06:06Z,1,"instructions,owncolortest,othercolortest,ExitSurvey",2021-08-18T18:44:39Z,finished,,,,2021-08-18T17:55:31Z,3,6,different,3,0,everyplayersomeflower,clover,E,Laju,/avatars/jdenticon/Katherine,#3D45B7,3.03,"{""purple_1"":""the one with the brown at the bottom"",""purple_2"":""the two touching"",""purple_3"":""the one with the green stem with things poking straight up"",""purple_4"":""the round one with the brown background"",""purple_5"":""the three flowers with dark purple at the bottom"",""purple_6"":""the two separate"",""purple_7"":""the round one with lots of pedals and the blurry background"",""purple_8"":""the four with the green background"",""purple_9"":""the one that looks like a bug"",""purple_10"":""the tall one with stacked pedals"",""purple_11"":""the green background with the white speckles"",""purple_12"":""the one with he big green leaf background""}","{""label"":""purple_10"",""location"":""/experiment/purple_similar/image_07320.jpg""},{""label"":""purple_11"",""location"":""/experiment/purple_similar/image_07517.jpg""},{""label"":""purple_5"",""location"":""/experiment/purple_similar/image_04335.jpg""},{""label"":""purple_4"",""location"":""/experiment/purple_similar/image_04133.jpg""},{""label"":""purple_12"",""location"":""/experiment/purple_similar/image_07752.jpg""},{""label"":""purple_1"",""location"":""/experiment/purple_similar/image_00450.jpg""},{""label"":""purple_8"",""location"":""/experiment/purple_similar/image_05639.jpg""},{""label"":""purple_7"",""location"":""/experiment/purple_similar/image_05355.jpg""},{""label"":""purple_6"",""location"":""/experiment/purple_similar/image_04700.jpg""},{""label"":""purple_9"",""location"":""/experiment/purple_similar/image_06714.jpg""},{""label"":""purple_2"",""location"":""/experiment/purple_similar/image_01664.jpg""},{""label"":""purple_3"",""location"":""/experiment/purple_similar/image_03085.jpg""}","{""label"":""red_12"",""location"":""/experiment/red_similar/image_07931.jpg""},{""label"":""red_7"",""location"":""/experiment/red_similar/image_04769.jpg""},{""label"":""red_5"",""location"":""/experiment/red_similar/image_02561.jpg""},{""label"":""red_4"",""location"":""/experiment/red_similar/image_02269.jpg""}","{""red_12"":""the three round ones with one slightly covered and yellow on the tips of the pedals"",""red_7"":""the frilly looking ones"",""red_5"":""red pedals surrounding white pedals with yellow in the middles"",""red_4"":""the round red one with lots of pedals""}",Repi,Minu,purple_1,35568,0.14,1,9.333333333333334,"purple_11,purple_3,purple_12,purple_6,purple_1,purple_4",
opn4TzSJE7jJ8yxdk,,,,,,2021-08-18T18:10:46Z,gameFull,,,,2021-08-18T17:55:39Z,,,,,,,,,,,,,,,,,,,,,,,,,
8764R4gkq9ZG4mYvr,,2021-08-18T17:59:13Z,2021-08-18T17:59:13Z,1,"instructions,owncolortest,othercolortest,ExitSurvey",2021-08-18T18:15:32Z,finished,,,,2021-08-18T17:55:41Z,3,6,different,3,0,everyplayersomeflower,clover,E,Repi,/avatars/jdenticon/Samuel,#8138A8,2.7949999999999995,"{""yellow_1"":""orange tips"",""yellow_2"":""red centre"",""yellow_3"":""sunflower"",""yellow_4"":""cluster"",""yellow_5"":""3 dandylions"",""yellow_6"":""orange middle"",""yellow_7"":""buttercup"",""yellow_8"":""4 dense flower\n"",""yellow_9"":""daffodil"",""yellow_10"":""dandylion"",""yellow_11"":""droopy"",""yellow_12"":""rose""}","{""label"":""yellow_8"",""location"":""/experiment/yellow_similar/image_04982.jpg""},{""label"":""yellow_6"",""location"":""/experiment/yellow_similar/image_04425.jpg""},{""label"":""yellow_7"",""location"":""/experiment/yellow_similar/image_04667.jpg""},{""label"":""yellow_3"",""location"":""/experiment/yellow_similar/image_02295.jpg""},{""label"":""yellow_1"",""location"":""/experiment/yellow_similar/image_01220.jpg""},{""label"":""yellow_12"",""location"":""/experiment/yellow_similar/image_06676.jpg""},{""label"":""yellow_9"",""location"":""/experiment/yellow_similar/image_05700.jpg""},{""label"":""yellow_4"",""location"":""/experiment/yellow_similar/image_03709.jpg""},{""label"":""yellow_2"",""location"":""/experiment/yellow_similar/image_01753.jpg""},{""label"":""yellow_10"",""location"":""/experiment/yellow_similar/image_06298.jpg""},{""label"":""yellow_5"",""location"":""/experiment/yellow_similar/image_04078.jpg""},{""label"":""yellow_11"",""location"":""/experiment/yellow_similar/image_06354.jpg""}","{""label"":""red_10"",""location"":""/experiment/red_similar/image_06859.jpg""},{""label"":""red_6"",""location"":""/experiment/red_similar/image_03162.jpg""},{""label"":""red_7"",""location"":""/experiment/red_similar/image_04769.jpg""},{""label"":""red_11"",""location"":""/experiment/red_similar/image_07641.jpg""}","{""red_10"":""red branches"",""red_6"":""red cluster"",""red_7"":""red trumpets"",""red_11"":""yellow centre""}",Minu,Laju,yellow_12,17589,0.14,1,9.333333333333334,"yellow_12,yellow_1,yellow_9,yellow_7,yellow_8,yellow_5",
Z2joquDWbEZGqQbBg,,2021-08-18T18:00:26Z,2021-08-18T18:00:26Z,1,"instructions,owncolortest,othercolortest,ExitSurvey",2021-08-18T18:13:55Z,finished,,,,2021-08-18T17:55:43Z,3,6,different,3,0,everyplayersomeflower,clover,E,Repi,/avatars/jdenticon/Samuel,#8138A8,2.645,"{""yellow_1"":""pink edges"",""yellow_2"":""red center"",""yellow_3"":""sunflower"",""yellow_4"":""clump of flowers"",""yellow_5"":""three "",""yellow_6"":""bleeding center"",""yellow_7"":""large flower dark background"",""yellow_8"":""4"",""yellow_9"":""two"",""yellow_10"":""sun"",""yellow_11"":""wilted"",""yellow_12"":""large flower""}","{""label"":""yellow_2"",""location"":""/experiment/yellow_similar/image_01753.jpg""},{""label"":""yellow_5"",""location"":""/experiment/yellow_similar/image_04078.jpg""},{""label"":""yellow_12"",""location"":""/experiment/yellow_similar/image_06676.jpg""},{""label"":""yellow_11"",""location"":""/experiment/yellow_similar/image_06354.jpg""},{""label"":""yellow_3"",""location"":""/experiment/yellow_similar/image_02295.jpg""},{""label"":""yellow_4"",""location"":""/experiment/yellow_similar/image_03709.jpg""},{""label"":""yellow_8"",""location"":""/experiment/yellow_similar/image_04982.jpg""},{""label"":""yellow_7"",""location"":""/experiment/yellow_similar/image_04667.jpg""},{""label"":""yellow_1"",""location"":""/experiment/yellow_similar/image_01220.jpg""},{""label"":""yellow_9"",""location"":""/experiment/yellow_similar/image_05700.jpg""},{""label"":""yellow_6"",""location"":""/experiment/yellow_similar/image_04425.jpg""},{""label"":""yellow_10"",""location"":""/experiment/yellow_similar/image_06298.jpg""}","{""label"":""white_5"",""location"":""/experiment/white_similar/image_04849.jpg""},{""label"":""white_11"",""location"":""/experiment/white_similar/image_07463.jpg""},{""label"":""white_10"",""location"":""/experiment/white_similar/image_07057.jpg""},{""label"":""white_12"",""location"":""/experiment/white_similar/image_08131.jpg""}","{""white_5"":""three"",""white_11"":""four"",""white_10"":""yellow center"",""white_12"":""4 petals""}",Minu,Laju,yellow_7,10386,0.125,1,8.333333333333334,"yellow_7,yellow_12,yellow_2,yellow_11,yellow_3,yellow_8",
QxEW5vPLSHZusyB8n,,2021-08-18T17:58:30Z,2021-08-18T17:58:30Z,1,"instructions,owncolortest,othercolortest,ExitSurvey",2021-08-18T18:15:32Z,finished,,,,2021-08-18T17:55:46Z,3,6,different,3,0,everyplayersomeflower,clover,E,Laju,/avatars/jdenticon/Katherine,#3D45B7,2.7949999999999995,"{""yellow_1"":""orange tips/rose"",""yellow_2"":""red center"",""yellow_3"":""sunflower"",""yellow_4"":""bunch/clump of flowers"",""yellow_5"":""3 dandelions"",""yellow_6"":""orange spotted center"",""yellow_7"":""buttercup"",""yellow_8"":""4 dense flowers"",""yellow_9"":""buttercup"",""yellow_10"":""single dandelion"",""yellow_11"":""droopy"",""yellow_12"":""rose/dandelion""}","{""label"":""yellow_5"",""location"":""/experiment/yellow_similar/image_04078.jpg""},{""label"":""yellow_2"",""location"":""/experiment/yellow_similar/image_01753.jpg""},{""label"":""yellow_4"",""location"":""/experiment/yellow_similar/image_03709.jpg""},{""label"":""yellow_1"",""location"":""/experiment/yellow_similar/image_01220.jpg""},{""label"":""yellow_11"",""location"":""/experiment/yellow_similar/image_06354.jpg""},{""label"":""yellow_9"",""location"":""/experiment/yellow_similar/image_05700.jpg""},{""label"":""yellow_6"",""location"":""/experiment/yellow_similar/image_04425.jpg""},{""label"":""yellow_3"",""location"":""/experiment/yellow_similar/image_02295.jpg""},{""label"":""yellow_8"",""location"":""/experiment/yellow_similar/image_04982.jpg""},{""label"":""yellow_12"",""location"":""/experiment/yellow_similar/image_06676.jpg""},{""label"":""yellow_7"",""location"":""/experiment/yellow_similar/image_04667.jpg""},{""label"":""yellow_10"",""location"":""/experiment/yellow_similar/image_06298.jpg""}","{""label"":""red_5"",""location"":""/experiment/red_similar/image_02561.jpg""},{""label"":""red_4"",""location"":""/experiment/red_similar/image_02269.jpg""},{""label"":""red_8"",""location"":""/experiment/red_similar/image_06490.jpg""},{""label"":""red_10"",""location"":""/experiment/red_similar/image_06859.jpg""}","{""red_5"":""5 white inner petals"",""red_4"":""brownish center"",""red_8"":""black centers"",""red_10"":""tall with lots of petals""}",Repi,Minu,yellow_8,17798,0.14,1,9.333333333333334,"yellow_1,yellow_9,yellow_8,yellow_5,yellow_7,yellow_12",
eNsoJPZtNwLvt9Exq,,2021-08-18T18:01:00Z,2021-08-18T18:01:00Z,1,"instructions,owncolortest,othercolortest,ExitSurvey",2021-08-18T18:31:45Z,finished,,,,2021-08-18T17:55:47Z,3,6,different,3,0,everyplayersomeflower,clover,E,Minu,/avatars/jdenticon/Alaina,#7ACC66,2.855000000000001,"{""yellow_1"":""rose"",""yellow_2"":""red colouring in middle"",""yellow_3"":""sunflower looking"",""yellow_4"":""lots of flowers"",""yellow_5"":""3 flowers"",""yellow_6"":""red dots in middle of flower"",""yellow_7"":""clover leafed petals all yellow flower"",""yellow_8"":""4 flowers"",""yellow_9"":""daffodil"",""yellow_10"":""dandellion like flower"",""yellow_11"":""Droopy petals"",""yellow_12"":""looks like a rose""}","{""label"":""yellow_7"",""location"":""/experiment/yellow_similar/image_04667.jpg""},{""label"":""yellow_11"",""location"":""/experiment/yellow_similar/image_06354.jpg""},{""label"":""yellow_1"",""location"":""/experiment/yellow_similar/image_01220.jpg""},{""label"":""yellow_9"",""location"":""/experiment/yellow_similar/image_05700.jpg""},{""label"":""yellow_4"",""location"":""/experiment/yellow_similar/image_03709.jpg""},{""label"":""yellow_12"",""location"":""/experiment/yellow_similar/image_06676.jpg""},{""label"":""yellow_6"",""location"":""/experiment/yellow_similar/image_04425.jpg""},{""label"":""yellow_2"",""location"":""/experiment/yellow_similar/image_01753.jpg""},{""label"":""yellow_10"",""location"":""/experiment/yellow_similar/image_06298.jpg""},{""label"":""yellow_8"",""location"":""/experiment/yellow_similar/image_04982.jpg""},{""label"":""yellow_3"",""location"":""/experiment/yellow_similar/image_02295.jpg""},{""label"":""yellow_5"",""location"":""/experiment/yellow_similar/image_04078.jpg""}","{""label"":""purple_2"",""location"":""/experiment/purple_similar/image_01664.jpg""},{""label"":""purple_4"",""location"":""/experiment/purple_similar/image_04133.jpg""},{""label"":""purple_9"",""location"":""/experiment/purple_similar/image_06714.jpg""},{""label"":""purple_6"",""location"":""/experiment/purple_similar/image_04700.jpg""}","{""purple_2"":""2 purple flowers overlapping with yellow centre"",""purple_4"":""looks like a purple hedgehog"",""purple_9"":""star shaped"",""purple_6"":""looks like a whirl""}",Repi,Laju,yellow_9,19847,0.105,1,7,"yellow_9,yellow_3,yellow_5,yellow_4,yellow_12,yellow_8",
KeFzoZMJA8QdqxspA,,2021-08-18T17:59:26Z,2021-08-18T17:59:26Z,1,"instructions,owncolortest,othercolortest,ExitSurvey",2021-08-18T18:15:32Z,finished,,,,2021-08-18T17:55:57Z,3,6,different,3,0,everyplayersomeflower,clover,E,Minu,/avatars/jdenticon/Alaina,#7ACC66,2.7949999999999995,"{""yellow_1"":""orange tips"",""yellow_2"":""red centre"",""yellow_3"":""sunflower "",""yellow_4"":""cluster"",""yellow_5"":""3 dandelion "",""yellow_6"":""orange centre"",""yellow_7"":""buttercup"",""yellow_8"":""4 roses"",""yellow_9"":""yellow open"",""yellow_10"":""single dandelion\n"",""yellow_11"":""droopy"",""yellow_12"":""rose""}","{""label"":""yellow_2"",""location"":""/experiment/yellow_similar/image_01753.jpg""},{""label"":""yellow_6"",""location"":""/experiment/yellow_similar/image_04425.jpg""},{""label"":""yellow_5"",""location"":""/experiment/yellow_similar/image_04078.jpg""},{""label"":""yellow_9"",""location"":""/experiment/yellow_similar/image_05700.jpg""},{""label"":""yellow_4"",""location"":""/experiment/yellow_similar/image_03709.jpg""},{""label"":""yellow_7"",""location"":""/experiment/yellow_similar/image_04667.jpg""},{""label"":""yellow_11"",""location"":""/experiment/yellow_similar/image_06354.jpg""},{""label"":""yellow_8"",""location"":""/experiment/yellow_similar/image_04982.jpg""},{""label"":""yellow_1"",""location"":""/experiment/yellow_similar/image_01220.jpg""},{""label"":""yellow_3"",""location"":""/experiment/yellow_similar/image_02295.jpg""},{""label"":""yellow_10"",""location"":""/experiment/yellow_similar/image_06298.jpg""},{""label"":""yellow_12"",""location"":""/experiment/yellow_similar/image_06676.jpg""}","{""label"":""red_5"",""location"":""/experiment/red_similar/image_02561.jpg""},{""label"":""red_4"",""location"":""/experiment/red_similar/image_02269.jpg""},{""label"":""red_11"",""location"":""/experiment/red_similar/image_07641.jpg""},{""label"":""red_1"",""location"":""/experiment/red_similar/image_00757.jpg""}","{""red_5"":""starfish shape"",""red_4"":""red dandelion "",""red_11"":""pink roses"",""red_1"":""yellow centre""}",Repi,Laju,yellow_5,16106,0.14,1,9.333333333333334,"yellow_5,yellow_7,yellow_12,yellow_8,yellow_1,yellow_9",
7Rdbrvw5j2CAP9uLe,,2021-08-18T18:02:03Z,2021-08-18T18:02:03Z,1,"instructions,owncolortest,othercolortest,ExitSurvey",2021-08-18T18:31:45Z,finished,,,,2021-08-18T17:56:04Z,3,6,different,3,0,everyplayersomeflower,clover,E,Repi,/avatars/jdenticon/Samuel,#8138A8,2.855000000000001,"{""yellow_1"":""rose with orange"",""yellow_2"":""red middle"",""yellow_3"":""sunflower"",""yellow_4"":""the one with multiple flowers"",""yellow_5"":""the one with three"",""yellow_6"":""the one with orange dots in middle"",""yellow_7"":""the one with clover petals"",""yellow_8"":""the one with four flowers"",""yellow_9"":""pointy petals on outside with point in middle"",""yellow_10"":""daffodil"",""yellow_11"":""droopy petals"",""yellow_12"":""rose looking one""}","{""label"":""yellow_6"",""location"":""/experiment/yellow_similar/image_04425.jpg""},{""label"":""yellow_9"",""location"":""/experiment/yellow_similar/image_05700.jpg""},{""label"":""yellow_12"",""location"":""/experiment/yellow_similar/image_06676.jpg""},{""label"":""yellow_11"",""location"":""/experiment/yellow_similar/image_06354.jpg""},{""label"":""yellow_8"",""location"":""/experiment/yellow_similar/image_04982.jpg""},{""label"":""yellow_3"",""location"":""/experiment/yellow_similar/image_02295.jpg""},{""label"":""yellow_5"",""location"":""/experiment/yellow_similar/image_04078.jpg""},{""label"":""yellow_4"",""location"":""/experiment/yellow_similar/image_03709.jpg""},{""label"":""yellow_7"",""location"":""/experiment/yellow_similar/image_04667.jpg""},{""label"":""yellow_10"",""location"":""/experiment/yellow_similar/image_06298.jpg""},{""label"":""yellow_2"",""location"":""/experiment/yellow_similar/image_01753.jpg""},{""label"":""yellow_1"",""location"":""/experiment/yellow_similar/image_01220.jpg""}","{""label"":""purple_8"",""location"":""/experiment/purple_similar/image_05639.jpg""},{""label"":""purple_3"",""location"":""/experiment/purple_similar/image_03085.jpg""},{""label"":""purple_1"",""location"":""/experiment/purple_similar/image_00450.jpg""},{""label"":""purple_9"",""location"":""/experiment/purple_similar/image_06714.jpg""}","{""purple_8"":""four flowers"",""purple_3"":""things that stick up in middle"",""purple_1"":""petals with points at ends and look like they're floating"",""purple_9"":""6 petals pointing outward""}",Minu,Laju,yellow_4,39684,0.105,1,7,"yellow_12,yellow_9,yellow_5,yellow_8,yellow_4,yellow_3",
hMLMoqLmXm5BtnLBG,,2021-08-18T17:59:49Z,2021-08-18T17:59:49Z,1,"instructions,owncolortest,othercolortest,ExitSurvey",2021-08-18T18:13:55Z,finished,,,,2021-08-18T17:56:10Z,3,6,different,3,0,everyplayersomeflower,clover,E,Minu,/avatars/jdenticon/Alaina,#7ACC66,2.645,"{""yellow_1"":""red edge"",""yellow_2"":""red centre"",""yellow_3"":""purple centre"",""yellow_4"":""8 bunch"",""yellow_5"":""3"",""yellow_6"":""bad quality 4 petal "",""yellow_7"":""6 petal dark background"",""yellow_8"":""4"",""yellow_9"":""5 petal clear background"",""yellow_10"":""sun looking"",""yellow_11"":""wilted"",""yellow_12"":""rose like""}","{""label"":""yellow_5"",""location"":""/experiment/yellow_similar/image_04078.jpg""},{""label"":""yellow_8"",""location"":""/experiment/yellow_similar/image_04982.jpg""},{""label"":""yellow_3"",""location"":""/experiment/yellow_similar/image_02295.jpg""},{""label"":""yellow_2"",""location"":""/experiment/yellow_similar/image_01753.jpg""},{""label"":""yellow_12"",""location"":""/experiment/yellow_similar/image_06676.jpg""},{""label"":""yellow_1"",""location"":""/experiment/yellow_similar/image_01220.jpg""},{""label"":""yellow_11"",""location"":""/experiment/yellow_similar/image_06354.jpg""},{""label"":""yellow_4"",""location"":""/experiment/yellow_similar/image_03709.jpg""},{""label"":""yellow_10"",""location"":""/experiment/yellow_similar/image_06298.jpg""},{""label"":""yellow_9"",""location"":""/experiment/yellow_similar/image_05700.jpg""},{""label"":""yellow_7"",""location"":""/experiment/yellow_similar/image_04667.jpg""},{""label"":""yellow_6"",""location"":""/experiment/yellow_similar/image_04425.jpg""}","{""label"":""white_4"",""location"":""/experiment/white_similar/image_03710.jpg""},{""label"":""white_7"",""location"":""/experiment/white_similar/image_05493.jpg""},{""label"":""white_11"",""location"":""/experiment/white_similar/image_07463.jpg""},{""label"":""white_2"",""location"":""/experiment/white_similar/image_01448.jpg""}","{""white_4"":""white petal yellow centre \n"",""white_7"":""white with purple accent "",""white_11"":""white tubes "",""white_2"":""white daisy looking""}",Repi,Laju,yellow_2,8703,0.125,1,8.333333333333334,"yellow_12,yellow_11,yellow_8,yellow_3,yellow_2,yellow_7",
jFnzAztiZ2gwwgrJB,,2021-08-18T18:00:25Z,2021-08-18T18:00:25Z,1,"instructions,owncolortest,othercolortest,ExitSurvey",2021-08-18T18:13:55Z,finished,,,,2021-08-18T17:56:13Z,3,6,different,3,0,everyplayersomeflower,clover,E,Laju,/avatars/jdenticon/Katherine,#3D45B7,2.645,"{""yellow_1"":""orange tipped yellow flower"",""yellow_2"":""red centered yellow flower"",""yellow_3"":""sunflower"",""yellow_4"":""clump of flowers"",""yellow_5"":""three flowers"",""yellow_6"":""orange kissed center yellow flower"",""yellow_7"":""7 petals yellow flower"",""yellow_8"":""four flowers"",""yellow_9"":""6 petals yellow flower"",""yellow_10"":""sunflower ball looking flower"",""yellow_11"":""wilted flowers"",""yellow_12"":""big yellow flower""}","{""label"":""yellow_3"",""location"":""/experiment/yellow_similar/image_02295.jpg""},{""label"":""yellow_7"",""location"":""/experiment/yellow_similar/image_04667.jpg""},{""label"":""yellow_12"",""location"":""/experiment/yellow_similar/image_06676.jpg""},{""label"":""yellow_9"",""location"":""/experiment/yellow_similar/image_05700.jpg""},{""label"":""yellow_2"",""location"":""/experiment/yellow_similar/image_01753.jpg""},{""label"":""yellow_1"",""location"":""/experiment/yellow_similar/image_01220.jpg""},{""label"":""yellow_4"",""location"":""/experiment/yellow_similar/image_03709.jpg""},{""label"":""yellow_6"",""location"":""/experiment/yellow_similar/image_04425.jpg""},{""label"":""yellow_10"",""location"":""/experiment/yellow_similar/image_06298.jpg""},{""label"":""yellow_11"",""location"":""/experiment/yellow_similar/image_06354.jpg""},{""label"":""yellow_5"",""location"":""/experiment/yellow_similar/image_04078.jpg""},{""label"":""yellow_8"",""location"":""/experiment/yellow_similar/image_04982.jpg""}","{""label"":""white_9"",""location"":""/experiment/white_similar/image_06003.jpg""},{""label"":""white_2"",""location"":""/experiment/white_similar/image_01448.jpg""},{""label"":""white_10"",""location"":""/experiment/white_similar/image_07057.jpg""},{""label"":""white_11"",""location"":""/experiment/white_similar/image_07463.jpg""}","{""white_9"":""yellow tipped center 5 white flowers"",""white_2"":""2 white flowers"",""white_10"":""yellow center white flower"",""white_11"":""5  white flowers""}",Repi,Minu,yellow_11,2064,0.125,1,8.333333333333334,"yellow_11,yellow_3,yellow_2,yellow_7,yellow_8,yellow_12",
w4t3whuAFaGBKkXMp,,2021-08-18T18:01:37Z,2021-08-18T18:01:37Z,1,"instructions,owncolortest,othercolortest,ExitSurvey",2021-08-18T18:31:45Z,finished,,,,2021-08-18T17:56:18Z,3,6,different,3,0,everyplayersomeflower,clover,E,Laju,/avatars/jdenticon/Katherine,#3D45B7,2.855000000000001,"{""yellow_1"":""The actual rose looking one, with orange color"",""yellow_2"":""One with red in the middle"",""yellow_3"":""Sunflower, many petals "",""yellow_4"":""One with most flowers "",""yellow_5"":""Dandelion, 3 flowers"",""yellow_6"":""The orchid"",""yellow_7"":""Clover Petals"",""yellow_8"":""The 4 flower one"",""yellow_9"":""Daffodil, 6 petals"",""yellow_10"":""Spiky looking one "",""yellow_11"":""Droopy one"",""yellow_12"":""Rose looking one""}","{""label"":""yellow_9"",""location"":""/experiment/yellow_similar/image_05700.jpg""},{""label"":""yellow_11"",""location"":""/experiment/yellow_similar/image_06354.jpg""},{""label"":""yellow_2"",""location"":""/experiment/yellow_similar/image_01753.jpg""},{""label"":""yellow_7"",""location"":""/experiment/yellow_similar/image_04667.jpg""},{""label"":""yellow_5"",""location"":""/experiment/yellow_similar/image_04078.jpg""},{""label"":""yellow_3"",""location"":""/experiment/yellow_similar/image_02295.jpg""},{""label"":""yellow_12"",""location"":""/experiment/yellow_similar/image_06676.jpg""},{""label"":""yellow_4"",""location"":""/experiment/yellow_similar/image_03709.jpg""},{""label"":""yellow_8"",""location"":""/experiment/yellow_similar/image_04982.jpg""},{""label"":""yellow_6"",""location"":""/experiment/yellow_similar/image_04425.jpg""},{""label"":""yellow_1"",""location"":""/experiment/yellow_similar/image_01220.jpg""},{""label"":""yellow_10"",""location"":""/experiment/yellow_similar/image_06298.jpg""}","{""label"":""purple_11"",""location"":""/experiment/purple_similar/image_07517.jpg""},{""label"":""purple_12"",""location"":""/experiment/purple_similar/image_07752.jpg""},{""label"":""purple_7"",""location"":""/experiment/purple_similar/image_05355.jpg""},{""label"":""purple_5"",""location"":""/experiment/purple_similar/image_04335.jpg""}","{""purple_11"":""One with many flowers"",""purple_12"":""5 petal looking flower"",""purple_7"":""Many petals looking flower, with black spots"",""purple_5"":""Orchid with 3 flowers ""}",Repi,Minu,yellow_8,49766,0.105,1,7,"yellow_12,yellow_8,yellow_5,yellow_4,yellow_3,yellow_9",
uzvM9H4SaZkjJqS7r,,2021-08-18T18:03:48Z,2021-08-18T18:03:48Z,1,"instructions,owncolortest,othercolortest,ExitSurvey",2021-08-18T18:23:32Z,finished,,,,2021-08-18T17:56:26Z,3,6,different,3,0,everyplayersomeflower,clover,E,Laju,/avatars/jdenticon/Katherine,#3D45B7,2.8850000000000016,"{""yellow_1"":""orange tips"",""yellow_2"":""dark orange center"",""yellow_3"":""sunflower or brown center"",""yellow_4"":""cluster"",""yellow_5"":""cluster of three"",""yellow_6"":""orange speckled center"",""yellow_7"":""the one with a single stem"",""yellow_8"":""cluster of four"",""yellow_9"":""trumpet looking one"",""yellow_10"":""dandelion"",""yellow_11"":""droopy one"",""yellow_12"":""biggest one""}","{""label"":""yellow_2"",""location"":""/experiment/yellow_similar/image_01753.jpg""},{""label"":""yellow_9"",""location"":""/experiment/yellow_similar/image_05700.jpg""},{""label"":""yellow_11"",""location"":""/experiment/yellow_similar/image_06354.jpg""},{""label"":""yellow_5"",""location"":""/experiment/yellow_similar/image_04078.jpg""},{""label"":""yellow_3"",""location"":""/experiment/yellow_similar/image_02295.jpg""},{""label"":""yellow_4"",""location"":""/experiment/yellow_similar/image_03709.jpg""},{""label"":""yellow_10"",""location"":""/experiment/yellow_similar/image_06298.jpg""},{""label"":""yellow_6"",""location"":""/experiment/yellow_similar/image_04425.jpg""},{""label"":""yellow_7"",""location"":""/experiment/yellow_similar/image_04667.jpg""},{""label"":""yellow_1"",""location"":""/experiment/yellow_similar/image_01220.jpg""},{""label"":""yellow_12"",""location"":""/experiment/yellow_similar/image_06676.jpg""},{""label"":""yellow_8"",""location"":""/experiment/yellow_similar/image_04982.jpg""}","{""label"":""white_10"",""location"":""/experiment/white_similar/image_07057.jpg""},{""label"":""white_1"",""location"":""/experiment/white_similar/image_00006.jpg""},{""label"":""white_11"",""location"":""/experiment/white_similar/image_07463.jpg""},{""label"":""white_5"",""location"":""/experiment/white_similar/image_04849.jpg""}","{""white_10"":""orange center"",""white_1"":""purple one"",""white_11"":""cluster of five"",""white_5"":""three facing different directions""}",Repi,Minu,yellow_1,10567,0.125,1,8.333333333333334,"yellow_11,yellow_5,yellow_8,yellow_1,yellow_9,yellow_7",
ksdETSxoyrZXB8EcD,,,,,"Sorry,ExitSurvey",2021-08-18T18:10:46Z,gameFull,,,,2021-08-18T17:56:27Z,,,,,,,,,,,,,,,,,,,,,,,,,
STnj48EmzESHXsaxc,,2021-08-18T18:02:22Z,2021-08-18T18:02:22Z,1,"instructions,owncolortest,othercolortest,ExitSurvey",2021-08-18T18:23:32Z,finished,,,,2021-08-18T17:56:29Z,3,6,different,3,0,everyplayersomeflower,clover,E,Minu,/avatars/jdenticon/Alaina,#7ACC66,2.8850000000000016,"{""yellow_1"":""rose, tips are orange"",""yellow_2"":""red centred"",""yellow_3"":""that's not a sunflower but I knew what people meant. "",""yellow_4"":""cluster, multiple flower heads"",""yellow_5"":""daisy trio"",""yellow_6"":""mmmm, orchid?"",""yellow_7"":""said buttercup but ?"",""yellow_8"":""4 looks like dahlias"",""yellow_9"":""traditional daffodil with trumpet"",""yellow_10"":""dandelion"",""yellow_11"":""droopy (iris)"",""yellow_12"":""big wide....bla bla""}","{""label"":""yellow_10"",""location"":""/experiment/yellow_similar/image_06298.jpg""},{""label"":""yellow_3"",""location"":""/experiment/yellow_similar/image_02295.jpg""},{""label"":""yellow_2"",""location"":""/experiment/yellow_similar/image_01753.jpg""},{""label"":""yellow_5"",""location"":""/experiment/yellow_similar/image_04078.jpg""},{""label"":""yellow_12"",""location"":""/experiment/yellow_similar/image_06676.jpg""},{""label"":""yellow_4"",""location"":""/experiment/yellow_similar/image_03709.jpg""},{""label"":""yellow_8"",""location"":""/experiment/yellow_similar/image_04982.jpg""},{""label"":""yellow_7"",""location"":""/experiment/yellow_similar/image_04667.jpg""},{""label"":""yellow_1"",""location"":""/experiment/yellow_similar/image_01220.jpg""},{""label"":""yellow_9"",""location"":""/experiment/yellow_similar/image_05700.jpg""},{""label"":""yellow_11"",""location"":""/experiment/yellow_similar/image_06354.jpg""},{""label"":""yellow_6"",""location"":""/experiment/yellow_similar/image_04425.jpg""}","{""label"":""white_12"",""location"":""/experiment/white_similar/image_08131.jpg""},{""label"":""white_1"",""location"":""/experiment/white_similar/image_00006.jpg""},{""label"":""white_3"",""location"":""/experiment/white_similar/image_03139.jpg""},{""label"":""white_9"",""location"":""/experiment/white_similar/image_06003.jpg""}","{""white_12"":""like a butterfly"",""white_1"":""passion flower"",""white_3"":""3/4/5/flowers on a stem"",""white_9"":""6 petal flower, yellow centre""}",Repi,Laju,yellow_7,14961,0.125,1,8.333333333333334,"yellow_7,yellow_11,yellow_8,yellow_1,yellow_5,yellow_9",
KeAqzQRXTWqh9Wg8K,,2021-08-18T18:02:39Z,2021-08-18T18:02:39Z,1,"instructions,owncolortest,othercolortest,ExitSurvey",2021-08-18T18:23:32Z,finished,,,,2021-08-18T17:59:21Z,3,6,different,3,0,everyplayersomeflower,clover,E,Repi,/avatars/jdenticon/Samuel,#8138A8,2.8850000000000016,"{""yellow_1"":""orange tips "",""yellow_2"":""one with red center"",""yellow_3"":""sunflower"",""yellow_4"":""bunch of flowers"",""yellow_5"":""group of 3"",""yellow_6"":""orange speckled center"",""yellow_7"":""single stem"",""yellow_8"":""group of 4"",""yellow_9"":""trumpet one "",""yellow_10"":""spikey one "",""yellow_11"":""drooping one "",""yellow_12"":""large one ""}","{""label"":""yellow_7"",""location"":""/experiment/yellow_similar/image_04667.jpg""},{""label"":""yellow_3"",""location"":""/experiment/yellow_similar/image_02295.jpg""},{""label"":""yellow_8"",""location"":""/experiment/yellow_similar/image_04982.jpg""},{""label"":""yellow_6"",""location"":""/experiment/yellow_similar/image_04425.jpg""},{""label"":""yellow_4"",""location"":""/experiment/yellow_similar/image_03709.jpg""},{""label"":""yellow_5"",""location"":""/experiment/yellow_similar/image_04078.jpg""},{""label"":""yellow_9"",""location"":""/experiment/yellow_similar/image_05700.jpg""},{""label"":""yellow_10"",""location"":""/experiment/yellow_similar/image_06298.jpg""},{""label"":""yellow_12"",""location"":""/experiment/yellow_similar/image_06676.jpg""},{""label"":""yellow_11"",""location"":""/experiment/yellow_similar/image_06354.jpg""},{""label"":""yellow_1"",""location"":""/experiment/yellow_similar/image_01220.jpg""},{""label"":""yellow_2"",""location"":""/experiment/yellow_similar/image_01753.jpg""}","{""label"":""white_11"",""location"":""/experiment/white_similar/image_07463.jpg""},{""label"":""white_7"",""location"":""/experiment/white_similar/image_05493.jpg""},{""label"":""white_6"",""location"":""/experiment/white_similar/image_05280.jpg""},{""label"":""white_3"",""location"":""/experiment/white_similar/image_03139.jpg""}","{""white_11"":""trumpet looking "",""white_7"":""one with pink center"",""white_6"":""one looks like its dying "",""white_3"":""stemmed one""}",Minu,Laju,yellow_5,6377,0.125,1,8.333333333333334,"yellow_8,yellow_5,yellow_9,yellow_11,yellow_7,yellow_1",
8mbK2KccBQtjdN6C8,,,,,"Sorry,ExitSurvey",2021-08-18T18:10:46Z,gameFull,,,,2021-08-18T18:00:41Z,3,6,different,,,,,,,,,,,,,,,,,,,,,,
PrTqtFJxb5XNpMz3m,,2021-08-18T18:08:13Z,2021-08-18T18:08:13Z,1,"instructions,owncolortest,othercolortest,ExitSurvey",2021-08-18T18:44:39Z,finished,,,,2021-08-18T18:03:09Z,3,6,different,3,0,everyplayersomeflower,clover,E,Minu,/avatars/jdenticon/Alaina,#7ACC66,3.03,"{""purple_1"":""Several purple petals that seem to be zoomed in closely, they have dark purple at the bottom of the petal and has a muddy brown background."",""purple_2"":""Two purple flowers that are slightly overlapping on top of a bunch of green leaves. They have darker purple lines going through the petals."",""purple_3"":""A single purple flower that has stems sticking up (5-6 of them) with a lot of greenery in the background."",""purple_4"":""One big fuzzy, round purple flower that has a brown background."",""purple_5"":""Three separate flowers that have dark purple patches on the bottom of them; they are above a dark green/brown background."",""purple_6"":""There are two separate flowers that are a short distance from one another; one of them is slightly covered by grass."",""purple_7"":""One big lilac flower that has many small petals; it has many white speckles in the center of the flower."",""purple_8"":""4 petals that resemble butterflies; they are all organized in different positions upon a green background of leaves."",""purple_9"":""One purple flower that has its petals spread quite apart, and has a large green stem next to it with leaves."",""purple_10"":""It is a tall plant with many petals on; it has dark purple speckles on the petals and has a darkish background with tree branches in."",""purple_11"":""About 4-5 purple flowers all zoomed in and very close overlapping; they have white speckles inside them which are varying sizes."",""purple_12"":""A close up purple flower with lilac undertones; It is on top of a bunch of green leaves.""}","{""label"":""purple_10"",""location"":""/experiment/purple_similar/image_07320.jpg""},{""label"":""purple_3"",""location"":""/experiment/purple_similar/image_03085.jpg""},{""label"":""purple_11"",""location"":""/experiment/purple_similar/image_07517.jpg""},{""label"":""purple_6"",""location"":""/experiment/purple_similar/image_04700.jpg""},{""label"":""purple_9"",""location"":""/experiment/purple_similar/image_06714.jpg""},{""label"":""purple_4"",""location"":""/experiment/purple_similar/image_04133.jpg""},{""label"":""purple_12"",""location"":""/experiment/purple_similar/image_07752.jpg""},{""label"":""purple_1"",""location"":""/experiment/purple_similar/image_00450.jpg""},{""label"":""purple_8"",""location"":""/experiment/purple_similar/image_05639.jpg""},{""label"":""purple_2"",""location"":""/experiment/purple_similar/image_01664.jpg""},{""label"":""purple_5"",""location"":""/experiment/purple_similar/image_04335.jpg""},{""label"":""purple_7"",""location"":""/experiment/purple_similar/image_05355.jpg""}","{""label"":""red_5"",""location"":""/experiment/red_similar/image_02561.jpg""},{""label"":""red_2"",""location"":""/experiment/red_similar/image_01583.jpg""},{""label"":""red_9"",""location"":""/experiment/red_similar/image_06787.jpg""},{""label"":""red_10"",""location"":""/experiment/red_similar/image_06859.jpg""}","{""red_5"":""A large pink flower that has large gaps between the petals. Inside the flower is lighter pink petals with yellow small stems."",""red_2"":""2-3 dark pink flowers that are overlapping each others with small white speckles on them- there is a dark green background of leaves."",""red_9"":""A rather unique shaped flower that has ridged petals that go from a yellow gradient to a dark pink. You can see grass and bushes in the background."",""red_10"":""A flower that is small dark pink, has a bit of a fuzzy shape and there is a lot of green leaves surround it as well as in the background.""}",Repi,Laju,purple_11,27353,0.14,1,9.333333333333334,"purple_11,purple_6,purple_4,purple_12,purple_3,purple_1",
bCeAhfgRzWT7B5BbC,,,,,"Sorry,ExitSurvey",2021-08-18T18:10:46Z,gameFull,,,,2021-08-18T18:03:35Z,3,6,different,,,,,,,,,,,,,,,,,,,,,,
KQF4JfERugqG4xhYF,,2021-08-18T18:10:46Z,2021-08-18T18:10:46Z,1,"instructions,owncolortest,othercolortest,ExitSurvey",2021-08-18T18:44:39Z,finished,,,,2021-08-18T18:06:09Z,3,6,different,3,0,everyplayersomeflower,clover,E,Repi,/avatars/jdenticon/Samuel,#8138A8,3.03,"{""purple_1"":""lots of pedals standing up with more in the background"",""purple_2"":""2 touching"",""purple_3"":""one purple with spikey things"",""purple_4"":""fuzzy looking one with brown background"",""purple_5"":""3 with dark purple at the bottom"",""purple_6"":""two separate with one covered"",""purple_7"":""one with lots of pedals around it and dark background"",""purple_8"":""four that look like butterflies"",""purple_9"":""Looks like an insect with leaves to the left"",""purple_10"":""tall purple with black specs"",""purple_11"":""lots of purple with white specs"",""purple_12"":""One with large green leaf""}","{""label"":""purple_4"",""location"":""/experiment/purple_similar/image_04133.jpg""},{""label"":""purple_2"",""location"":""/experiment/purple_similar/image_01664.jpg""},{""label"":""purple_6"",""location"":""/experiment/purple_similar/image_04700.jpg""},{""label"":""purple_7"",""location"":""/experiment/purple_similar/image_05355.jpg""},{""label"":""purple_10"",""location"":""/experiment/purple_similar/image_07320.jpg""},{""label"":""purple_12"",""location"":""/experiment/purple_similar/image_07752.jpg""},{""label"":""purple_9"",""location"":""/experiment/purple_similar/image_06714.jpg""},{""label"":""purple_1"",""location"":""/experiment/purple_similar/image_00450.jpg""},{""label"":""purple_3"",""location"":""/experiment/purple_similar/image_03085.jpg""},{""label"":""purple_11"",""location"":""/experiment/purple_similar/image_07517.jpg""},{""label"":""purple_8"",""location"":""/experiment/purple_similar/image_05639.jpg""},{""label"":""purple_5"",""location"":""/experiment/purple_similar/image_04335.jpg""}","{""label"":""red_11"",""location"":""/experiment/red_similar/image_07641.jpg""},{""label"":""red_5"",""location"":""/experiment/red_similar/image_02561.jpg""},{""label"":""red_6"",""location"":""/experiment/red_similar/image_03162.jpg""},{""label"":""red_3"",""location"":""/experiment/red_similar/image_01973.jpg""}","{""red_11"":""two red with yellow in the middle one facing down"",""red_5"":""red and white pedals with yellow in the middle"",""red_6"":""lots of red looks like butterflies with a stem in the middle"",""red_3"":""one upside down heart with a yellow stem, green leaves""}",Minu,Laju,purple_4,27971,0.14,1,9.333333333333334,"purple_12,purple_3,purple_1,purple_6,purple_11,purple_4",
ZHa9Mw7ukkGWqogZP,,,,,,2021-08-18T19:13:40Z,gameFull,,,,2021-08-18T19:00:52Z,,,,,,,,,,,,,,,,,,,,,,,,,
RdyiZNfyB53soiLti,,2021-08-18T19:09:11Z,2021-08-18T19:09:11Z,1,"instructions,owncolortest,othercolortest,ExitSurvey",2021-08-18T19:22:45Z,finished,,,,2021-08-18T19:02:51Z,3,6,different,3,0,everyplayersomeflower,clover,E,Minu,/avatars/jdenticon/Alaina,#7ACC66,2.9851990000000006,"{""purple_1"":""spiky petaled flowers"",""purple_2"":""two flowers near white base"",""purple_3"":""single small flower with spiky stamen"",""purple_4"":""circle shaped flower that's fuzzy"",""purple_5"":""three orchid looking flowers"",""purple_6"":""two flowers w/ one in the right corner"",""purple_7"":""circle shaped flower"",""purple_8"":""four flowers that look like sweetpeas"",""purple_9"":""star shaped orchid flower with a lot of green"",""purple_10"":""tall bell shaped flower"",""purple_11"":""flowers with white centers; looks like crepe paper"",""purple_12"":""single flower with white center""}","{""label"":""purple_8"",""location"":""/experiment/purple_similar/image_05639.jpg""},{""label"":""purple_5"",""location"":""/experiment/purple_similar/image_04335.jpg""},{""label"":""purple_1"",""location"":""/experiment/purple_similar/image_00450.jpg""},{""label"":""purple_2"",""location"":""/experiment/purple_similar/image_01664.jpg""},{""label"":""purple_4"",""location"":""/experiment/purple_similar/image_04133.jpg""},{""label"":""purple_3"",""location"":""/experiment/purple_similar/image_03085.jpg""},{""label"":""purple_10"",""location"":""/experiment/purple_similar/image_07320.jpg""},{""label"":""purple_9"",""location"":""/experiment/purple_similar/image_06714.jpg""},{""label"":""purple_11"",""location"":""/experiment/purple_similar/image_07517.jpg""},{""label"":""purple_6"",""location"":""/experiment/purple_similar/image_04700.jpg""},{""label"":""purple_7"",""location"":""/experiment/purple_similar/image_05355.jpg""},{""label"":""purple_12"",""location"":""/experiment/purple_similar/image_07752.jpg""}","{""label"":""white_2"",""location"":""/experiment/white_similar/image_01448.jpg""},{""label"":""white_1"",""location"":""/experiment/white_similar/image_00006.jpg""},{""label"":""white_4"",""location"":""/experiment/white_similar/image_03710.jpg""},{""label"":""white_8"",""location"":""/experiment/white_similar/image_05846.jpg""}","{""white_2"":""two white petunia flowers"",""white_1"":""white and purple fuzzy flower"",""white_4"":""three flowers w/ yellow centers"",""white_8"":""spiky flower with pink center""}",Repi,Laju,purple_12,11775,0.135009,1,9,"purple_7,purple_11,purple_5,purple_6,purple_8,purple_12",
kFBNwfaZ6ustM94f5,,2021-08-18T19:08:11Z,2021-08-18T19:08:11Z,1,"instructions,owncolortest,othercolortest,ExitSurvey",2021-08-18T19:14:07Z,finished,,,,2021-08-18T19:02:52Z,3,6,different,3,0,everyplayersomeflower,clover,E,Minu,/avatars/jdenticon/Alaina,#7ACC66,2.205147,"{""yellow_1"":""Yellow flower with orange tips"",""yellow_2"":""Yellow flower with orange and red in the centle"",""yellow_3"":""Yellow flower with green leaves underneath"",""yellow_4"":""A bunch of yellow flowers in a small bundle"",""yellow_5"":""Three yellow sunflowers"",""yellow_6"":""Yellow flower with orange red dots and lines inside"",""yellow_7"":""A large flat flower with large petals that is yellow"",""yellow_8"":""Four yellow mums flowers"",""yellow_9"":""Yellow flower with a stem inside"",""yellow_10"":""A yellow flower that is orange in the center"",""yellow_11"":""Small yellow flower that is tubular"",""yellow_12"":""A big flat yellow flower""}","{""label"":""yellow_12"",""location"":""/experiment/yellow_similar/image_06676.jpg""},{""label"":""yellow_4"",""location"":""/experiment/yellow_similar/image_03709.jpg""},{""label"":""yellow_5"",""location"":""/experiment/yellow_similar/image_04078.jpg""},{""label"":""yellow_7"",""location"":""/experiment/yellow_similar/image_04667.jpg""},{""label"":""yellow_11"",""location"":""/experiment/yellow_similar/image_06354.jpg""},{""label"":""yellow_8"",""location"":""/experiment/yellow_similar/image_04982.jpg""},{""label"":""yellow_10"",""location"":""/experiment/yellow_similar/image_06298.jpg""},{""label"":""yellow_2"",""location"":""/experiment/yellow_similar/image_01753.jpg""},{""label"":""yellow_1"",""location"":""/experiment/yellow_similar/image_01220.jpg""},{""label"":""yellow_9"",""location"":""/experiment/yellow_similar/image_05700.jpg""},{""label"":""yellow_6"",""location"":""/experiment/yellow_similar/image_04425.jpg""},{""label"":""yellow_3"",""location"":""/experiment/yellow_similar/image_02295.jpg""}","{""label"":""red_11"",""location"":""/experiment/red_similar/image_07641.jpg""},{""label"":""red_7"",""location"":""/experiment/red_similar/image_04769.jpg""},{""label"":""red_1"",""location"":""/experiment/red_similar/image_00757.jpg""},{""label"":""red_2"",""location"":""/experiment/red_similar/image_01583.jpg""}","{""red_11"":""Pink flower"",""red_7"":""Five red flowers"",""red_1"":""Red flower with multiple petals"",""red_2"":""Red leaves""}",Repi,Laju,yellow_3,3941,0.15001,1,10,"yellow_10,yellow_4,yellow_3,yellow_9,yellow_6,yellow_5",
AoPLhiH2M3gHw7i7b,,2021-08-18T19:12:17Z,2021-08-18T19:12:17Z,1,"instructions,owncolortest,othercolortest,ExitSurvey",2021-08-18T19:59:33Z,finished,,,,2021-08-18T19:02:52Z,3,6,different,3,0,everyplayersomeflower,clover,E,Repi,/avatars/jdenticon/Samuel,#8138A8,2.9401960000000003,"{""purple_1"":""elongated kite-like peddles with purple bottoms."",""purple_2"":""large yellow center with around seven peddles."",""purple_3"":""the flower with the long fuzz"",""purple_4"":""the circular one with a lot of fuzz."",""purple_5"":""the three flowers."",""purple_6"":""the rose-like flowers."",""purple_7"":""flower with a lot of stamens in the middle"",""purple_8"":""the four flowers"",""purple_9"":""the six spaced out peddles. "",""purple_10"":""the fox glove"",""purple_11"":""the flower with the white center and pointy peddle."",""purple_12"":""the single flower with five peddles.""}","{""label"":""purple_2"",""location"":""/experiment/purple_similar/image_01664.jpg""},{""label"":""purple_1"",""location"":""/experiment/purple_similar/image_00450.jpg""},{""label"":""purple_7"",""location"":""/experiment/purple_similar/image_05355.jpg""},{""label"":""purple_9"",""location"":""/experiment/purple_similar/image_06714.jpg""},{""label"":""purple_10"",""location"":""/experiment/purple_similar/image_07320.jpg""},{""label"":""purple_3"",""location"":""/experiment/purple_similar/image_03085.jpg""},{""label"":""purple_11"",""location"":""/experiment/purple_similar/image_07517.jpg""},{""label"":""purple_8"",""location"":""/experiment/purple_similar/image_05639.jpg""},{""label"":""purple_6"",""location"":""/experiment/purple_similar/image_04700.jpg""},{""label"":""purple_5"",""location"":""/experiment/purple_similar/image_04335.jpg""},{""label"":""purple_12"",""location"":""/experiment/purple_similar/image_07752.jpg""},{""label"":""purple_4"",""location"":""/experiment/purple_similar/image_04133.jpg""}","{""label"":""yellow_8"",""location"":""/experiment/yellow_similar/image_04982.jpg""},{""label"":""yellow_10"",""location"":""/experiment/yellow_similar/image_06298.jpg""},{""label"":""yellow_5"",""location"":""/experiment/yellow_similar/image_04078.jpg""},{""label"":""yellow_6"",""location"":""/experiment/yellow_similar/image_04425.jpg""}","{""yellow_8"":""the flower with four balls."",""yellow_10"":""the single circular one"",""yellow_5"":""the three flowers with an orange center"",""yellow_6"":""the flower with around four peddles.""}",Minu,Laju,purple_10,50926,0.075005,1,5,"purple_9,purple_10,purple_8,purple_4,purple_6,purple_2",
4TKPzjWWBDqSrgQak,,2021-08-18T19:08:20Z,2021-08-18T19:08:20Z,1,"instructions,owncolortest,othercolortest,ExitSurvey",2021-08-18T19:14:07Z,finished,,,,2021-08-18T19:02:53Z,3,6,different,3,0,everyplayersomeflower,clover,E,Repi,/avatars/jdenticon/Samuel,#8138A8,2.040136,"{""yellow_1"":""yellow rose with light orange edges"",""yellow_2"":""yellow Hibiscus with red center"",""yellow_3"":""yellow daisy"",""yellow_4"":""group of yellow flowers with warm orange middle"",""yellow_5"":""Looks similar to a dandelion"",""yellow_6"":""yellow flower with small red freckles in the center"",""yellow_7"":""yellow flower with 8 round petals"",""yellow_8"":""Ranauculas, bright yellow"",""yellow_9"":""Buttercup, pointed petals with frilly center."",""yellow_10"":""looks similar to dandelion"",""yellow_11"":""Soft, wilty yellow petals"",""yellow_12"":""Soft wavy yellow petals""}","{""label"":""yellow_9"",""location"":""/experiment/yellow_similar/image_05700.jpg""},{""label"":""yellow_12"",""location"":""/experiment/yellow_similar/image_06676.jpg""},{""label"":""yellow_2"",""location"":""/experiment/yellow_similar/image_01753.jpg""},{""label"":""yellow_6"",""location"":""/experiment/yellow_similar/image_04425.jpg""},{""label"":""yellow_5"",""location"":""/experiment/yellow_similar/image_04078.jpg""},{""label"":""yellow_11"",""location"":""/experiment/yellow_similar/image_06354.jpg""},{""label"":""yellow_7"",""location"":""/experiment/yellow_similar/image_04667.jpg""},{""label"":""yellow_8"",""location"":""/experiment/yellow_similar/image_04982.jpg""},{""label"":""yellow_10"",""location"":""/experiment/yellow_similar/image_06298.jpg""},{""label"":""yellow_4"",""location"":""/experiment/yellow_similar/image_03709.jpg""},{""label"":""yellow_3"",""location"":""/experiment/yellow_similar/image_02295.jpg""},{""label"":""yellow_1"",""location"":""/experiment/yellow_similar/image_01220.jpg""}","{""label"":""red_4"",""location"":""/experiment/red_similar/image_02269.jpg""},{""label"":""red_11"",""location"":""/experiment/red_similar/image_07641.jpg""},{""label"":""red_1"",""location"":""/experiment/red_similar/image_00757.jpg""},{""label"":""red_9"",""location"":""/experiment/red_similar/image_06787.jpg""}","{""red_4"":""Hot pink daisy"",""red_11"":""hot pink with wavy petals"",""red_1"":""hot pink with the petals mostly hanging downward"",""red_9"":""Red plant with leaves curling up with yellow near the stem""}",Minu,Laju,yellow_5,5740,0.030002,2,2,"yellow_5,yellow_10,yellow_9,yellow_3,yellow_6,yellow_4",
fDvXr77XHxwT47ReF,,,,,"Sorry,ExitSurvey",2021-08-18T19:13:40Z,gameFull,,,,2021-08-18T19:02:54Z,3,6,different,3,0,everyplayersomeflower,clover,D,,,,,,,,,,,,,,,,,
xjWrugqWADtEmWpmW,,,,,"Sorry,ExitSurvey",2021-08-18T19:13:40Z,gameFull,,,,2021-08-18T19:02:55Z,3,6,different,3,0,everyplayersomeflower,clover,D,,,,,,,,,,,,,,,,,
SasQ7iFPBxbAGtE4k,,,,,"Sorry,ExitSurvey",2021-08-18T19:13:40Z,gameFull,,,,2021-08-18T19:02:55Z,3,6,different,3,0,,,,,,,,,,,,,,,,,,,,
CebDfd2Pss9YaKsAW,,2021-08-18T19:11:02Z,2021-08-18T19:11:02Z,1,"instructions,owncolortest,othercolortest,ExitSurvey",2021-08-18T19:59:33Z,finished,,,,2021-08-18T19:02:56Z,3,6,different,3,0,everyplayersomeflower,clover,E,Minu,/avatars/jdenticon/Alaina,#7ACC66,2.9101940000000006,"{""purple_1"":""The flowers with the darker purple bottoms."",""purple_2"":""The one with 2 flowers with a yellow centre."",""purple_3"":""The singular flower with bits sticking up with green foliage in the background."",""purple_4"":""The large circular one."",""purple_5"":""The one with 3 flowers."",""purple_6"":""The 2 rose like flowers."",""purple_7"":""The single circular flower with lots of petals."",""purple_8"":""The 4 purple and white flowers."",""purple_9"":""The flower with 6 spaced out petals."",""purple_10"":""The tall foxglove flower."",""purple_11"":""The ones with white circles in the centre."",""purple_12"":""The singular flower with 5 petals.""}","{""label"":""purple_1"",""location"":""/experiment/purple_similar/image_00450.jpg""},{""label"":""purple_5"",""location"":""/experiment/purple_similar/image_04335.jpg""},{""label"":""purple_10"",""location"":""/experiment/purple_similar/image_07320.jpg""},{""label"":""purple_2"",""location"":""/experiment/purple_similar/image_01664.jpg""},{""label"":""purple_12"",""location"":""/experiment/purple_similar/image_07752.jpg""},{""label"":""purple_7"",""location"":""/experiment/purple_similar/image_05355.jpg""},{""label"":""purple_8"",""location"":""/experiment/purple_similar/image_05639.jpg""},{""label"":""purple_9"",""location"":""/experiment/purple_similar/image_06714.jpg""},{""label"":""purple_6"",""location"":""/experiment/purple_similar/image_04700.jpg""},{""label"":""purple_11"",""location"":""/experiment/purple_similar/image_07517.jpg""},{""label"":""purple_4"",""location"":""/experiment/purple_similar/image_04133.jpg""},{""label"":""purple_3"",""location"":""/experiment/purple_similar/image_03085.jpg""}","{""label"":""yellow_12"",""location"":""/experiment/yellow_similar/image_06676.jpg""},{""label"":""yellow_8"",""location"":""/experiment/yellow_similar/image_04982.jpg""},{""label"":""yellow_5"",""location"":""/experiment/yellow_similar/image_04078.jpg""},{""label"":""yellow_11"",""location"":""/experiment/yellow_similar/image_06354.jpg""}","{""yellow_12"":""The singular round shape flower."",""yellow_8"":""The one with 4 flowers."",""yellow_5"":""The one with 3 flowers."",""yellow_11"":""The singular flower with spaced out petals.""}",Repi,Laju,purple_6,50297,0.15001,1,10,"purple_9,purple_10,purple_8,purple_6,purple_4,purple_2",
ZKkEAbgfAEXvyyQGH,,2021-08-18T19:13:11Z,2021-08-18T19:13:11Z,1,"instructions,owncolortest,othercolortest,ExitSurvey",2021-08-18T19:35:39Z,finished,,,,2021-08-18T19:03:03Z,3,6,different,3,0,everyplayersomeflower,clover,E,Laju,/avatars/jdenticon/Katherine,#3D45B7,3.0302020000000005,"{""white_1"":""purple and green"",""white_2"":""two ruffle "",""white_3"":""white on long stem"",""white_4"":""3 white with yellow center"",""white_5"":""white with green center"",""white_6"":""white with yellow center"",""white_7"":""waxy with pin center"",""white_8"":""pink furry"",""white_9"":""6 pointed star"",""white_10"":""sideways single white with a little purple"",""white_11"":""tulips"",""white_12"":""single white with four petals""}","{""label"":""white_2"",""location"":""/experiment/white_similar/image_01448.jpg""},{""label"":""white_4"",""location"":""/experiment/white_similar/image_03710.jpg""},{""label"":""white_8"",""location"":""/experiment/white_similar/image_05846.jpg""},{""label"":""white_11"",""location"":""/experiment/white_similar/image_07463.jpg""},{""label"":""white_6"",""location"":""/experiment/white_similar/image_05280.jpg""},{""label"":""white_12"",""location"":""/experiment/white_similar/image_08131.jpg""},{""label"":""white_10"",""location"":""/experiment/white_similar/image_07057.jpg""},{""label"":""white_1"",""location"":""/experiment/white_similar/image_00006.jpg""},{""label"":""white_7"",""location"":""/experiment/white_similar/image_05493.jpg""},{""label"":""white_3"",""location"":""/experiment/white_similar/image_03139.jpg""},{""label"":""white_9"",""location"":""/experiment/white_similar/image_06003.jpg""},{""label"":""white_5"",""location"":""/experiment/white_similar/image_04849.jpg""}","{""label"":""yellow_12"",""location"":""/experiment/yellow_similar/image_06676.jpg""},{""label"":""yellow_8"",""location"":""/experiment/yellow_similar/image_04982.jpg""},{""label"":""yellow_6"",""location"":""/experiment/yellow_similar/image_04425.jpg""},{""label"":""yellow_4"",""location"":""/experiment/yellow_similar/image_03709.jpg""}","{""yellow_12"":""yellow with furry center"",""yellow_8"":""4 yellow balls"",""yellow_6"":""single yellow with orange center"",""yellow_4"":""multiple yellow flowers with orange center""}",Repi,Minu,white_12,15188,0.105007,1,7,"white_7,white_12,white_3,white_9,white_1,white_11",
gAtBeu3sqYZYGJEBf,,2021-08-18T19:08:31Z,2021-08-18T19:08:31Z,1,"instructions,owncolortest,othercolortest,ExitSurvey",2021-08-18T19:13:56Z,finished,,,,2021-08-18T19:03:05Z,3,6,different,3,0,everyplayersomeflower,clover,E,Laju,/avatars/jdenticon/Katherine,#3D45B7,2.3551570000000006,"{""purple_1"":""Pink flower with a darker pink base to the petal. Looks like a crown. "",""purple_2"":""Pink flower petals with dark pink stripe down the centre of the petal. Yellow middle. "",""purple_3"":""Spiky pink flower. "",""purple_4"":""Purple fluffy flower "",""purple_5"":""Purple flower with bright pink in the middle of the petals look like a star with a trumpet on the bottom. "",""purple_6"":""Pink flower petals look like they a swirling round in a spiral. "",""purple_7"":""round shaped pink flower with lots of tiny petals making up the flower head. "",""purple_8"":""Pink petal edge with a white middle part. Look like a sweet pea. "",""purple_9"":""Pink speckled Flower with yellow middle. "",""purple_10"":""Pink foxglove flower"",""purple_11"":""Pink flower with a smaller white flower inside it. "",""purple_12"":""Pink flower with 5 large petals 3 stamen in the middle with white tips. ""}","{""label"":""purple_12"",""location"":""/experiment/purple_similar/image_07752.jpg""},{""label"":""purple_8"",""location"":""/experiment/purple_similar/image_05639.jpg""},{""label"":""purple_2"",""location"":""/experiment/purple_similar/image_01664.jpg""},{""label"":""purple_1"",""location"":""/experiment/purple_similar/image_00450.jpg""},{""label"":""purple_6"",""location"":""/experiment/purple_similar/image_04700.jpg""},{""label"":""purple_10"",""location"":""/experiment/purple_similar/image_07320.jpg""},{""label"":""purple_7"",""location"":""/experiment/purple_similar/image_05355.jpg""},{""label"":""purple_9"",""location"":""/experiment/purple_similar/image_06714.jpg""},{""label"":""purple_11"",""location"":""/experiment/purple_similar/image_07517.jpg""},{""label"":""purple_4"",""location"":""/experiment/purple_similar/image_04133.jpg""},{""label"":""purple_5"",""location"":""/experiment/purple_similar/image_04335.jpg""},{""label"":""purple_3"",""location"":""/experiment/purple_similar/image_03085.jpg""}","{""label"":""white_9"",""location"":""/experiment/white_similar/image_06003.jpg""},{""label"":""white_7"",""location"":""/experiment/white_similar/image_05493.jpg""},{""label"":""white_4"",""location"":""/experiment/white_similar/image_03710.jpg""},{""label"":""white_3"",""location"":""/experiment/white_similar/image_03139.jpg""}","{""white_9"":""White star shape flower with lots of yellow stamen in the middle. "",""white_7"":""White petals with a dark pink middle to it. Looks orchid like. "",""white_4"":""White primrose with a yellow middle. 3 flowers in the picture. "",""white_3"":""4 white flowers all on the same stem""}",Repi,Minu,purple_6,2785,0.15001,1,10,"purple_1,purple_9,purple_7,purple_5,purple_6,purple_11",
8DGdB8rRq2CktL7Lu,,2021-08-18T19:09:34Z,2021-08-18T19:09:34Z,1,"instructions,owncolortest,othercolortest,ExitSurvey",2021-08-18T19:22:45Z,finished,,,,2021-08-18T19:03:07Z,3,6,different,3,0,everyplayersomeflower,clover,E,Repi,/avatars/jdenticon/Samuel,#8138A8,3.3002199999999995,"{""purple_1"":""tulip looking flowers"",""purple_2"":""2 flowers"",""purple_3"":""fuzzy long petals"",""purple_4"":""round fuzzy flower"",""purple_5"":""3 flowers"",""purple_6"":""2 flowers"",""purple_7"":""round flower"",""purple_8"":""fuzzy pic bell shaped ones"",""purple_9"":""star shaped"",""purple_10"":""tall long shaped flowers"",""purple_11"":""star shaped flowers"",""purple_12"":""star shaped white center""}","{""label"":""purple_8"",""location"":""/experiment/purple_similar/image_05639.jpg""},{""label"":""purple_2"",""location"":""/experiment/purple_similar/image_01664.jpg""},{""label"":""purple_3"",""location"":""/experiment/purple_similar/image_03085.jpg""},{""label"":""purple_7"",""location"":""/experiment/purple_similar/image_05355.jpg""},{""label"":""purple_6"",""location"":""/experiment/purple_similar/image_04700.jpg""},{""label"":""purple_5"",""location"":""/experiment/purple_similar/image_04335.jpg""},{""label"":""purple_11"",""location"":""/experiment/purple_similar/image_07517.jpg""},{""label"":""purple_12"",""location"":""/experiment/purple_similar/image_07752.jpg""},{""label"":""purple_1"",""location"":""/experiment/purple_similar/image_00450.jpg""},{""label"":""purple_4"",""location"":""/experiment/purple_similar/image_04133.jpg""},{""label"":""purple_9"",""location"":""/experiment/purple_similar/image_06714.jpg""},{""label"":""purple_10"",""location"":""/experiment/purple_similar/image_07320.jpg""}","{""label"":""white_8"",""location"":""/experiment/white_similar/image_05846.jpg""},{""label"":""white_11"",""location"":""/experiment/white_similar/image_07463.jpg""},{""label"":""white_3"",""location"":""/experiment/white_similar/image_03139.jpg""},{""label"":""white_6"",""location"":""/experiment/white_similar/image_05280.jpg""}","{""white_8"":""star shaped fuzzy center"",""white_11"":""bell shaped flowers"",""white_3"":""one stem flowers"",""white_6"":""big yellow center flower""}",Minu,Laju,purple_6,8768,0.16501100000000002,1,11,"purple_12,purple_5,purple_7,purple_6,purple_8,purple_11",
ozihe3CWuyQvnDntf,,2021-08-18T19:10:13Z,2021-08-18T19:10:13Z,1,"instructions,owncolortest,othercolortest,ExitSurvey",2021-08-18T19:59:33Z,finished,,,,2021-08-18T19:03:14Z,3,6,different,3,0,everyplayersomeflower,clover,E,Laju,/avatars/jdenticon/Katherine,#3D45B7,2.55017,"{""purple_1"":""The light pink ones with darkish bottom resembling magnolia"",""purple_2"":""The two seven petal ones"",""purple_3"":""The odd fuzzy one with lots of bits pointing up against a background of green foliage"",""purple_4"":""The large fuzzy one with the whiteish center"",""purple_5"":""The flowers with dark purple heart shapes"",""purple_6"":""The two rose like flowers"",""purple_7"":""The frilly stameny one"",""purple_8"":""The four flowers pinkish white"",""purple_9"":""The six petal one with a lot of foliage"",""purple_10"":""The foxglove"",""purple_11"":""The pointy one with white centers"",""purple_12"":""The big five petal one""}","{""label"":""purple_11"",""location"":""/experiment/purple_similar/image_07517.jpg""},{""label"":""purple_7"",""location"":""/experiment/purple_similar/image_05355.jpg""},{""label"":""purple_4"",""location"":""/experiment/purple_similar/image_04133.jpg""},{""label"":""purple_2"",""location"":""/experiment/purple_similar/image_01664.jpg""},{""label"":""purple_10"",""location"":""/experiment/purple_similar/image_07320.jpg""},{""label"":""purple_5"",""location"":""/experiment/purple_similar/image_04335.jpg""},{""label"":""purple_8"",""location"":""/experiment/purple_similar/image_05639.jpg""},{""label"":""purple_9"",""location"":""/experiment/purple_similar/image_06714.jpg""},{""label"":""purple_12"",""location"":""/experiment/purple_similar/image_07752.jpg""},{""label"":""purple_3"",""location"":""/experiment/purple_similar/image_03085.jpg""},{""label"":""purple_6"",""location"":""/experiment/purple_similar/image_04700.jpg""},{""label"":""purple_1"",""location"":""/experiment/purple_similar/image_00450.jpg""}","{""label"":""yellow_1"",""location"":""/experiment/yellow_similar/image_01220.jpg""},{""label"":""yellow_9"",""location"":""/experiment/yellow_similar/image_05700.jpg""},{""label"":""yellow_6"",""location"":""/experiment/yellow_similar/image_04425.jpg""},{""label"":""yellow_7"",""location"":""/experiment/yellow_similar/image_04667.jpg""}","{""yellow_1"":""Yellow rose like ones"",""yellow_9"":""Daffodil"",""yellow_6"":""Yellow with orange spot pattern"",""yellow_7"":""Yellow with eight petals""}",Repi,Minu,purple_8,50934,0.120008,1,8,"purple_6,purple_9,purple_2,purple_8,purple_10,purple_4",
vwgvyEGGMkG8JYz4g,,2021-08-18T19:07:42Z,2021-08-18T19:07:42Z,1,"instructions,owncolortest,othercolortest,ExitSurvey",2021-08-18T19:14:07Z,finished,,,,2021-08-18T19:03:16Z,3,6,different,3,0,everyplayersomeflower,clover,E,Laju,/avatars/jdenticon/Katherine,#3D45B7,1.7551170000000003,"{""yellow_1"":""One with orange tips "",""yellow_2"":""One with red centre "",""yellow_3"":""Looks similar to a sunflower "",""yellow_4"":""Bunch of small flowers "",""yellow_5"":""Tiny ones "",""yellow_6"":""One with orange speckled centre "",""yellow_7"":""Buttercup"",""yellow_8"":""Ones with loads of petals "",""yellow_9"":""One with 2 layers "",""yellow_10"":""Dandelion"",""yellow_11"":""Droopy one "",""yellow_12"":""Yellow rose ""}","{""label"":""yellow_7"",""location"":""/experiment/yellow_similar/image_04667.jpg""},{""label"":""yellow_10"",""location"":""/experiment/yellow_similar/image_06298.jpg""},{""label"":""yellow_12"",""location"":""/experiment/yellow_similar/image_06676.jpg""},{""label"":""yellow_4"",""location"":""/experiment/yellow_similar/image_03709.jpg""},{""label"":""yellow_8"",""location"":""/experiment/yellow_similar/image_04982.jpg""},{""label"":""yellow_2"",""location"":""/experiment/yellow_similar/image_01753.jpg""},{""label"":""yellow_3"",""location"":""/experiment/yellow_similar/image_02295.jpg""},{""label"":""yellow_9"",""location"":""/experiment/yellow_similar/image_05700.jpg""},{""label"":""yellow_6"",""location"":""/experiment/yellow_similar/image_04425.jpg""},{""label"":""yellow_5"",""location"":""/experiment/yellow_similar/image_04078.jpg""},{""label"":""yellow_1"",""location"":""/experiment/yellow_similar/image_01220.jpg""},{""label"":""yellow_11"",""location"":""/experiment/yellow_similar/image_06354.jpg""}","{""label"":""red_5"",""location"":""/experiment/red_similar/image_02561.jpg""},{""label"":""red_7"",""location"":""/experiment/red_similar/image_04769.jpg""},{""label"":""red_12"",""location"":""/experiment/red_similar/image_07931.jpg""},{""label"":""red_2"",""location"":""/experiment/red_similar/image_01583.jpg""}","{""red_5"":""One with yellow centre"",""red_7"":""One with lighter centre "",""red_12"":""One with yellow edges "",""red_2"":""One with raindrops ""}",Repi,Minu,yellow_5,3214,0.030002,2,2,"yellow_3,yellow_9,yellow_10,yellow_4,yellow_6,yellow_5",
FNp7mmj4Gnw9dKQYA,,2021-08-18T19:08:53Z,2021-08-18T19:08:53Z,1,"instructions,owncolortest,othercolortest,ExitSurvey",2021-08-18T19:13:56Z,finished,,,,2021-08-18T19:03:17Z,3,6,different,3,0,everyplayersomeflower,clover,E,Repi,/avatars/jdenticon/Samuel,#8138A8,2.1751449999999997,"{""purple_1"":""Upward facing petals with light brown background. "",""purple_2"":""2 large purple flowers with pink strips and yellow centers. "",""purple_3"":""Lilac petals, middle sticking up. "",""purple_4"":""Spiky, circular flower. "",""purple_5"":""3 flowers in row. "",""purple_6"":""Spiraled smooth petals with long stems. "",""purple_7"":""Several petals with lighter middle. "",""purple_8"":""Horizontal curved pink and white petals. "",""purple_9"":""Speckled purple petals. "",""purple_10"":""Pink and white petals stacked with speckles. "",""purple_11"":""Light purple with mini white flowers in center. "",""purple_12"":""5 petals with 2 small bulbs in the middle. ""}","{""label"":""purple_3"",""location"":""/experiment/purple_similar/image_03085.jpg""},{""label"":""purple_9"",""location"":""/experiment/purple_similar/image_06714.jpg""},{""label"":""purple_11"",""location"":""/experiment/purple_similar/image_07517.jpg""},{""label"":""purple_6"",""location"":""/experiment/purple_similar/image_04700.jpg""},{""label"":""purple_12"",""location"":""/experiment/purple_similar/image_07752.jpg""},{""label"":""purple_1"",""location"":""/experiment/purple_similar/image_00450.jpg""},{""label"":""purple_4"",""location"":""/experiment/purple_similar/image_04133.jpg""},{""label"":""purple_8"",""location"":""/experiment/purple_similar/image_05639.jpg""},{""label"":""purple_2"",""location"":""/experiment/purple_similar/image_01664.jpg""},{""label"":""purple_7"",""location"":""/experiment/purple_similar/image_05355.jpg""},{""label"":""purple_10"",""location"":""/experiment/purple_similar/image_07320.jpg""},{""label"":""purple_5"",""location"":""/experiment/purple_similar/image_04335.jpg""}","{""label"":""white_4"",""location"":""/experiment/white_similar/image_03710.jpg""},{""label"":""white_2"",""location"":""/experiment/white_similar/image_01448.jpg""},{""label"":""white_7"",""location"":""/experiment/white_similar/image_05493.jpg""},{""label"":""white_1"",""location"":""/experiment/white_similar/image_00006.jpg""}","{""white_4"":""3 white flowers with yellow center. "",""white_2"":""2 white flowers. "",""white_7"":""1 white flower with 6 petals and pink center. "",""white_1"":""White with purple stripes and yellow center. ""}",Minu,Laju,purple_9,1611,0.120008,1,8,"purple_7,purple_5,purple_1,purple_6,purple_9,purple_11",
S8CRvmubssY3QNvAR,,2021-08-18T19:09:37Z,2021-08-18T19:09:37Z,1,"instructions,owncolortest,othercolortest,ExitSurvey",2021-08-18T19:22:45Z,finished,,,,2021-08-18T19:03:24Z,3,6,different,3,0,everyplayersomeflower,clover,E,Laju,/avatars/jdenticon/Katherine,#3D45B7,2.160144,"{""purple_1"":""Bell shaped "",""purple_2"":""2 flowers with yellow center and light purple lines"",""purple_3"":""purple flower with long stems on top "",""purple_4"":""spiky flower with yellow center"",""purple_5"":""3 flowers with long leafs "",""purple_6"":""2 purple flowers "",""purple_7"":""circle flower with white center"",""purple_8"":""4 flowers with light purple "",""purple_9"":""star flower"",""purple_10"":""hanging flower with multiple leafs hanging "",""purple_11"":""triangle leaf flower with yellow center"",""purple_12"":""single flower with long internal stem ""}","{""label"":""purple_6"",""location"":""/experiment/purple_similar/image_04700.jpg""},{""label"":""purple_3"",""location"":""/experiment/purple_similar/image_03085.jpg""},{""label"":""purple_11"",""location"":""/experiment/purple_similar/image_07517.jpg""},{""label"":""purple_8"",""location"":""/experiment/purple_similar/image_05639.jpg""},{""label"":""purple_4"",""location"":""/experiment/purple_similar/image_04133.jpg""},{""label"":""purple_2"",""location"":""/experiment/purple_similar/image_01664.jpg""},{""label"":""purple_12"",""location"":""/experiment/purple_similar/image_07752.jpg""},{""label"":""purple_9"",""location"":""/experiment/purple_similar/image_06714.jpg""},{""label"":""purple_5"",""location"":""/experiment/purple_similar/image_04335.jpg""},{""label"":""purple_1"",""location"":""/experiment/purple_similar/image_00450.jpg""},{""label"":""purple_7"",""location"":""/experiment/purple_similar/image_05355.jpg""},{""label"":""purple_10"",""location"":""/experiment/purple_similar/image_07320.jpg""}","{""label"":""white_2"",""location"":""/experiment/white_similar/image_01448.jpg""},{""label"":""white_9"",""location"":""/experiment/white_similar/image_06003.jpg""},{""label"":""white_7"",""location"":""/experiment/white_similar/image_05493.jpg""},{""label"":""white_1"",""location"":""/experiment/white_similar/image_00006.jpg""}","{""white_2"":""white flower with yellow leafs "",""white_9"":""white flower with big yellow center and rounded petals "",""white_7"":""orchid looking flower with pink around center"",""white_1"":""fuzzy white flower with purple and green center""}",Repi,Minu,purple_7,17197,0.060004,1,4,"purple_8,purple_11,purple_6,purple_12,purple_7,purple_5",
er6JTT2p5aFyysGgr,,2021-08-18T19:08:39Z,2021-08-18T19:08:39Z,1,"instructions,owncolortest,othercolortest,ExitSurvey",2021-08-18T19:13:56Z,finished,,,,2021-08-18T19:03:38Z,3,6,different,3,0,everyplayersomeflower,clover,E,Minu,/avatars/jdenticon/Alaina,#7ACC66,2.8951930000000003,"{""purple_1"":""beautiful lilac looking flowers"",""purple_2"":""an open wide purple flower"",""purple_3"":""purple arms in the air"",""purple_4"":""similar to a dandelion but purple"",""purple_5"":""hanging purple flower"",""purple_6"":""simle purple flower"",""purple_7"":""a small purple flower like a dandelion"",""purple_8"":""purple and white petals"",""purple_9"":""a beautiful purple flower looks like a dacing girl"",""purple_10"":""lots of purple flowers looks enticing to bees"",""purple_11"":""purple leaves that look like they have an eye on them"",""purple_12"":""an open flower in purple""}","{""label"":""purple_7"",""location"":""/experiment/purple_similar/image_05355.jpg""},{""label"":""purple_9"",""location"":""/experiment/purple_similar/image_06714.jpg""},{""label"":""purple_5"",""location"":""/experiment/purple_similar/image_04335.jpg""},{""label"":""purple_1"",""location"":""/experiment/purple_similar/image_00450.jpg""},{""label"":""purple_12"",""location"":""/experiment/purple_similar/image_07752.jpg""},{""label"":""purple_4"",""location"":""/experiment/purple_similar/image_04133.jpg""},{""label"":""purple_11"",""location"":""/experiment/purple_similar/image_07517.jpg""},{""label"":""purple_3"",""location"":""/experiment/purple_similar/image_03085.jpg""},{""label"":""purple_6"",""location"":""/experiment/purple_similar/image_04700.jpg""},{""label"":""purple_8"",""location"":""/experiment/purple_similar/image_05639.jpg""},{""label"":""purple_2"",""location"":""/experiment/purple_similar/image_01664.jpg""},{""label"":""purple_10"",""location"":""/experiment/purple_similar/image_07320.jpg""}","{""label"":""white_2"",""location"":""/experiment/white_similar/image_01448.jpg""},{""label"":""white_7"",""location"":""/experiment/white_similar/image_05493.jpg""},{""label"":""white_10"",""location"":""/experiment/white_similar/image_07057.jpg""},{""label"":""white_3"",""location"":""/experiment/white_similar/image_03139.jpg""}","{""white_2"":""an open simple yellow and creamflower"",""white_7"":""a beautiful white and purple flower"",""white_10"":""simple white flower with a yellow stem"",""white_3"":""simple white and yellow petals""}",Repi,Laju,purple_7,1430,0.105007,1,7,"purple_1,purple_11,purple_7,purple_5,purple_6,purple_9",
QYuNi6EzQk9BHnAHG,,2021-08-18T19:12:22Z,2021-08-18T19:12:22Z,1,"instructions,owncolortest,othercolortest,ExitSurvey",2021-08-18T19:35:39Z,finished,,,,2021-08-18T19:03:42Z,3,6,different,3,0,everyplayersomeflower,clover,E,Repi,/avatars/jdenticon/Samuel,#8138A8,2.760183999999999,"{""white_1"":""purple and green center"",""white_2"":""2 ruffles"",""white_3"":""snapdragons"",""white_4"":""yellow star center"",""white_5"":""green center"",""white_6"":""white flower with fluffy yellow center"",""white_7"":""waxy petals"",""white_8"":""pink fluffy center"",""white_9"":""6-pointed star"",""white_10"":""purple stem"",""white_11"":""tube flowers"",""white_12"":""white petal with 4 flowers""}","{""label"":""white_12"",""location"":""/experiment/white_similar/image_08131.jpg""},{""label"":""white_6"",""location"":""/experiment/white_similar/image_05280.jpg""},{""label"":""white_3"",""location"":""/experiment/white_similar/image_03139.jpg""},{""label"":""white_9"",""location"":""/experiment/white_similar/image_06003.jpg""},{""label"":""white_10"",""location"":""/experiment/white_similar/image_07057.jpg""},{""label"":""white_1"",""location"":""/experiment/white_similar/image_00006.jpg""},{""label"":""white_7"",""location"":""/experiment/white_similar/image_05493.jpg""},{""label"":""white_8"",""location"":""/experiment/white_similar/image_05846.jpg""},{""label"":""white_4"",""location"":""/experiment/white_similar/image_03710.jpg""},{""label"":""white_2"",""location"":""/experiment/white_similar/image_01448.jpg""},{""label"":""white_11"",""location"":""/experiment/white_similar/image_07463.jpg""},{""label"":""white_5"",""location"":""/experiment/white_similar/image_04849.jpg""}","{""label"":""yellow_8"",""location"":""/experiment/yellow_similar/image_04982.jpg""},{""label"":""yellow_5"",""location"":""/experiment/yellow_similar/image_04078.jpg""},{""label"":""yellow_2"",""location"":""/experiment/yellow_similar/image_01753.jpg""},{""label"":""yellow_10"",""location"":""/experiment/yellow_similar/image_06298.jpg""}","{""yellow_8"":""yellow ruffle balls"",""yellow_5"":""spiky yellow circles with gold center"",""yellow_2"":""red center"",""yellow_10"":""yellow spiky spheres""}",Minu,Laju,white_9,16338,0.120008,1,8,"white_12,white_3,white_1,white_9,white_11,white_7",
YFnDsBjq4MDDpkJc5,,2021-08-18T19:13:41Z,2021-08-18T19:13:41Z,1,"instructions,owncolortest,othercolortest,ExitSurvey",2021-08-18T19:35:39Z,finished,,,,2021-08-18T19:03:45Z,3,6,different,3,0,everyplayersomeflower,clover,E,Minu,/avatars/jdenticon/Alaina,#7ACC66,3.1802119999999996,"{""white_1"":""purple and green one"",""white_2"":""ruffly white with pale yellow center"",""white_3"":""3 ruffly flowers on hanging stem - yellow center"",""white_4"":""white with yellow star middles"",""white_5"":""3 whites with green center"",""white_6"":""white with yellow furry center"",""white_7"":""waxy petals pink center"",""white_8"":""pink furry"",""white_9"":"" 6 point with yellow center"",""white_10"":""sideways white with tiny yellow middle and small purple on stem "",""white_11"":""tulips"",""white_12"":""4 point with pointy center""}","{""label"":""white_2"",""location"":""/experiment/white_similar/image_01448.jpg""},{""label"":""white_3"",""location"":""/experiment/white_similar/image_03139.jpg""},{""label"":""white_7"",""location"":""/experiment/white_similar/image_05493.jpg""},{""label"":""white_9"",""location"":""/experiment/white_similar/image_06003.jpg""},{""label"":""white_8"",""location"":""/experiment/white_similar/image_05846.jpg""},{""label"":""white_12"",""location"":""/experiment/white_similar/image_08131.jpg""},{""label"":""white_6"",""location"":""/experiment/white_similar/image_05280.jpg""},{""label"":""white_5"",""location"":""/experiment/white_similar/image_04849.jpg""},{""label"":""white_1"",""location"":""/experiment/white_similar/image_00006.jpg""},{""label"":""white_4"",""location"":""/experiment/white_similar/image_03710.jpg""},{""label"":""white_11"",""location"":""/experiment/white_similar/image_07463.jpg""},{""label"":""white_10"",""location"":""/experiment/white_similar/image_07057.jpg""}","{""label"":""yellow_10"",""location"":""/experiment/yellow_similar/image_06298.jpg""},{""label"":""yellow_9"",""location"":""/experiment/yellow_similar/image_05700.jpg""},{""label"":""yellow_8"",""location"":""/experiment/yellow_similar/image_04982.jpg""},{""label"":""yellow_2"",""location"":""/experiment/yellow_similar/image_01753.jpg""}","{""yellow_10"":""pointy yellow ball"",""yellow_9"":""yellow 5 point with ruffly middle"",""yellow_8"":""4 ruffle balls"",""yellow_2"":""yellow with red center ""}",Repi,Laju,white_11,9930,0.15001,1,10,"white_12,white_11,white_3,white_9,white_7,white_1",
